
App1WithDrivers.elf:     file format elf32-avr

Sections:
Idx Name          Size      VMA       LMA       File off  Algn
  0 .text         000018c8  00000000  00000000  00000094  2**1
                  CONTENTS, ALLOC, LOAD, READONLY, CODE
  1 .data         00000014  00800060  000018c8  0000195c  2**0
                  CONTENTS, ALLOC, LOAD, DATA
  2 .bss          0000001b  00800074  00800074  00001970  2**0
                  ALLOC
  3 .stab         00001d04  00000000  00000000  00001970  2**2
                  CONTENTS, READONLY, DEBUGGING
  4 .stabstr      000017d5  00000000  00000000  00003674  2**0
                  CONTENTS, READONLY, DEBUGGING
  5 .debug_aranges 00000140  00000000  00000000  00004e49  2**0
                  CONTENTS, READONLY, DEBUGGING
  6 .debug_pubnames 00000170  00000000  00000000  00004f89  2**0
                  CONTENTS, READONLY, DEBUGGING
  7 .debug_info   00001c49  00000000  00000000  000050f9  2**0
                  CONTENTS, READONLY, DEBUGGING
  8 .debug_abbrev 00000eeb  00000000  00000000  00006d42  2**0
                  CONTENTS, READONLY, DEBUGGING
  9 .debug_line   00000dad  00000000  00000000  00007c2d  2**0
                  CONTENTS, READONLY, DEBUGGING
 10 .debug_frame  00000160  00000000  00000000  000089dc  2**2
                  CONTENTS, READONLY, DEBUGGING
 11 .debug_str    0000028d  00000000  00000000  00008b3c  2**0
                  CONTENTS, READONLY, DEBUGGING
 12 .debug_loc    000007ce  00000000  00000000  00008dc9  2**0
                  CONTENTS, READONLY, DEBUGGING
 13 .debug_ranges 00000050  00000000  00000000  00009597  2**0
                  CONTENTS, READONLY, DEBUGGING

Disassembly of section .text:

00000000 <__vectors>:
       0:	0c 94 2a 00 	jmp	0x54	; 0x54 <__ctors_end>
       4:	0c 94 47 00 	jmp	0x8e	; 0x8e <__bad_interrupt>
       8:	0c 94 47 00 	jmp	0x8e	; 0x8e <__bad_interrupt>
       c:	0c 94 47 00 	jmp	0x8e	; 0x8e <__bad_interrupt>
      10:	0c 94 47 00 	jmp	0x8e	; 0x8e <__bad_interrupt>
      14:	0c 94 47 00 	jmp	0x8e	; 0x8e <__bad_interrupt>
      18:	0c 94 47 00 	jmp	0x8e	; 0x8e <__bad_interrupt>
      1c:	0c 94 47 00 	jmp	0x8e	; 0x8e <__bad_interrupt>
      20:	0c 94 47 00 	jmp	0x8e	; 0x8e <__bad_interrupt>
      24:	0c 94 47 00 	jmp	0x8e	; 0x8e <__bad_interrupt>
      28:	0c 94 47 00 	jmp	0x8e	; 0x8e <__bad_interrupt>
      2c:	0c 94 47 00 	jmp	0x8e	; 0x8e <__bad_interrupt>
      30:	0c 94 47 00 	jmp	0x8e	; 0x8e <__bad_interrupt>
      34:	0c 94 47 00 	jmp	0x8e	; 0x8e <__bad_interrupt>
      38:	0c 94 47 00 	jmp	0x8e	; 0x8e <__bad_interrupt>
      3c:	0c 94 47 00 	jmp	0x8e	; 0x8e <__bad_interrupt>
      40:	0c 94 47 00 	jmp	0x8e	; 0x8e <__bad_interrupt>
      44:	0c 94 47 00 	jmp	0x8e	; 0x8e <__bad_interrupt>
      48:	0c 94 47 00 	jmp	0x8e	; 0x8e <__bad_interrupt>
      4c:	0c 94 47 00 	jmp	0x8e	; 0x8e <__bad_interrupt>
      50:	0c 94 47 00 	jmp	0x8e	; 0x8e <__bad_interrupt>

00000054 <__ctors_end>:
      54:	11 24       	eor	r1, r1
      56:	1f be       	out	0x3f, r1	; 63
      58:	cf e5       	ldi	r28, 0x5F	; 95
      5a:	d8 e0       	ldi	r29, 0x08	; 8
      5c:	de bf       	out	0x3e, r29	; 62
      5e:	cd bf       	out	0x3d, r28	; 61

00000060 <__do_copy_data>:
      60:	10 e0       	ldi	r17, 0x00	; 0
      62:	a0 e6       	ldi	r26, 0x60	; 96
      64:	b0 e0       	ldi	r27, 0x00	; 0
      66:	e8 ec       	ldi	r30, 0xC8	; 200
      68:	f8 e1       	ldi	r31, 0x18	; 24
      6a:	02 c0       	rjmp	.+4      	; 0x70 <.do_copy_data_start>

0000006c <.do_copy_data_loop>:
      6c:	05 90       	lpm	r0, Z+
      6e:	0d 92       	st	X+, r0

00000070 <.do_copy_data_start>:
      70:	a4 37       	cpi	r26, 0x74	; 116
      72:	b1 07       	cpc	r27, r17
      74:	d9 f7       	brne	.-10     	; 0x6c <.do_copy_data_loop>

00000076 <__do_clear_bss>:
      76:	10 e0       	ldi	r17, 0x00	; 0
      78:	a4 e7       	ldi	r26, 0x74	; 116
      7a:	b0 e0       	ldi	r27, 0x00	; 0
      7c:	01 c0       	rjmp	.+2      	; 0x80 <.do_clear_bss_start>

0000007e <.do_clear_bss_loop>:
      7e:	1d 92       	st	X+, r1

00000080 <.do_clear_bss_start>:
      80:	af 38       	cpi	r26, 0x8F	; 143
      82:	b1 07       	cpc	r27, r17
      84:	e1 f7       	brne	.-8      	; 0x7e <.do_clear_bss_loop>
      86:	0e 94 52 0b 	call	0x16a4	; 0x16a4 <main>
      8a:	0c 94 62 0c 	jmp	0x18c4	; 0x18c4 <_exit>

0000008e <__bad_interrupt>:
      8e:	0c 94 00 00 	jmp	0	; 0x0 <__vectors>

00000092 <__fixunssfsi>:
      92:	ef 92       	push	r14
      94:	ff 92       	push	r15
      96:	0f 93       	push	r16
      98:	1f 93       	push	r17
      9a:	7b 01       	movw	r14, r22
      9c:	8c 01       	movw	r16, r24
      9e:	20 e0       	ldi	r18, 0x00	; 0
      a0:	30 e0       	ldi	r19, 0x00	; 0
      a2:	40 e0       	ldi	r20, 0x00	; 0
      a4:	5f e4       	ldi	r21, 0x4F	; 79
      a6:	0e 94 49 03 	call	0x692	; 0x692 <__gesf2>
      aa:	88 23       	and	r24, r24
      ac:	8c f0       	brlt	.+34     	; 0xd0 <__fixunssfsi+0x3e>
      ae:	c8 01       	movw	r24, r16
      b0:	b7 01       	movw	r22, r14
      b2:	20 e0       	ldi	r18, 0x00	; 0
      b4:	30 e0       	ldi	r19, 0x00	; 0
      b6:	40 e0       	ldi	r20, 0x00	; 0
      b8:	5f e4       	ldi	r21, 0x4F	; 79
      ba:	0e 94 c1 01 	call	0x382	; 0x382 <__subsf3>
      be:	0e 94 a9 03 	call	0x752	; 0x752 <__fixsfsi>
      c2:	9b 01       	movw	r18, r22
      c4:	ac 01       	movw	r20, r24
      c6:	20 50       	subi	r18, 0x00	; 0
      c8:	30 40       	sbci	r19, 0x00	; 0
      ca:	40 40       	sbci	r20, 0x00	; 0
      cc:	50 48       	sbci	r21, 0x80	; 128
      ce:	06 c0       	rjmp	.+12     	; 0xdc <__fixunssfsi+0x4a>
      d0:	c8 01       	movw	r24, r16
      d2:	b7 01       	movw	r22, r14
      d4:	0e 94 a9 03 	call	0x752	; 0x752 <__fixsfsi>
      d8:	9b 01       	movw	r18, r22
      da:	ac 01       	movw	r20, r24
      dc:	b9 01       	movw	r22, r18
      de:	ca 01       	movw	r24, r20
      e0:	1f 91       	pop	r17
      e2:	0f 91       	pop	r16
      e4:	ff 90       	pop	r15
      e6:	ef 90       	pop	r14
      e8:	08 95       	ret

000000ea <_fpadd_parts>:
      ea:	a0 e0       	ldi	r26, 0x00	; 0
      ec:	b0 e0       	ldi	r27, 0x00	; 0
      ee:	eb e7       	ldi	r30, 0x7B	; 123
      f0:	f0 e0       	ldi	r31, 0x00	; 0
      f2:	0c 94 2b 0c 	jmp	0x1856	; 0x1856 <__prologue_saves__>
      f6:	dc 01       	movw	r26, r24
      f8:	2b 01       	movw	r4, r22
      fa:	fa 01       	movw	r30, r20
      fc:	9c 91       	ld	r25, X
      fe:	92 30       	cpi	r25, 0x02	; 2
     100:	08 f4       	brcc	.+2      	; 0x104 <_fpadd_parts+0x1a>
     102:	39 c1       	rjmp	.+626    	; 0x376 <_fpadd_parts+0x28c>
     104:	eb 01       	movw	r28, r22
     106:	88 81       	ld	r24, Y
     108:	82 30       	cpi	r24, 0x02	; 2
     10a:	08 f4       	brcc	.+2      	; 0x10e <_fpadd_parts+0x24>
     10c:	33 c1       	rjmp	.+614    	; 0x374 <_fpadd_parts+0x28a>
     10e:	94 30       	cpi	r25, 0x04	; 4
     110:	69 f4       	brne	.+26     	; 0x12c <_fpadd_parts+0x42>
     112:	84 30       	cpi	r24, 0x04	; 4
     114:	09 f0       	breq	.+2      	; 0x118 <_fpadd_parts+0x2e>
     116:	2f c1       	rjmp	.+606    	; 0x376 <_fpadd_parts+0x28c>
     118:	11 96       	adiw	r26, 0x01	; 1
     11a:	9c 91       	ld	r25, X
     11c:	11 97       	sbiw	r26, 0x01	; 1
     11e:	89 81       	ldd	r24, Y+1	; 0x01
     120:	98 17       	cp	r25, r24
     122:	09 f4       	brne	.+2      	; 0x126 <_fpadd_parts+0x3c>
     124:	28 c1       	rjmp	.+592    	; 0x376 <_fpadd_parts+0x28c>
     126:	a0 e6       	ldi	r26, 0x60	; 96
     128:	b0 e0       	ldi	r27, 0x00	; 0
     12a:	25 c1       	rjmp	.+586    	; 0x376 <_fpadd_parts+0x28c>
     12c:	84 30       	cpi	r24, 0x04	; 4
     12e:	09 f4       	brne	.+2      	; 0x132 <_fpadd_parts+0x48>
     130:	21 c1       	rjmp	.+578    	; 0x374 <_fpadd_parts+0x28a>
     132:	82 30       	cpi	r24, 0x02	; 2
     134:	a9 f4       	brne	.+42     	; 0x160 <_fpadd_parts+0x76>
     136:	92 30       	cpi	r25, 0x02	; 2
     138:	09 f0       	breq	.+2      	; 0x13c <_fpadd_parts+0x52>
     13a:	1d c1       	rjmp	.+570    	; 0x376 <_fpadd_parts+0x28c>
     13c:	9a 01       	movw	r18, r20
     13e:	ad 01       	movw	r20, r26
     140:	88 e0       	ldi	r24, 0x08	; 8
     142:	ea 01       	movw	r28, r20
     144:	09 90       	ld	r0, Y+
     146:	ae 01       	movw	r20, r28
     148:	e9 01       	movw	r28, r18
     14a:	09 92       	st	Y+, r0
     14c:	9e 01       	movw	r18, r28
     14e:	81 50       	subi	r24, 0x01	; 1
     150:	c1 f7       	brne	.-16     	; 0x142 <_fpadd_parts+0x58>
     152:	e2 01       	movw	r28, r4
     154:	89 81       	ldd	r24, Y+1	; 0x01
     156:	11 96       	adiw	r26, 0x01	; 1
     158:	9c 91       	ld	r25, X
     15a:	89 23       	and	r24, r25
     15c:	81 83       	std	Z+1, r24	; 0x01
     15e:	08 c1       	rjmp	.+528    	; 0x370 <_fpadd_parts+0x286>
     160:	92 30       	cpi	r25, 0x02	; 2
     162:	09 f4       	brne	.+2      	; 0x166 <_fpadd_parts+0x7c>
     164:	07 c1       	rjmp	.+526    	; 0x374 <_fpadd_parts+0x28a>
     166:	12 96       	adiw	r26, 0x02	; 2
     168:	2d 90       	ld	r2, X+
     16a:	3c 90       	ld	r3, X
     16c:	13 97       	sbiw	r26, 0x03	; 3
     16e:	eb 01       	movw	r28, r22
     170:	8a 81       	ldd	r24, Y+2	; 0x02
     172:	9b 81       	ldd	r25, Y+3	; 0x03
     174:	14 96       	adiw	r26, 0x04	; 4
     176:	ad 90       	ld	r10, X+
     178:	bd 90       	ld	r11, X+
     17a:	cd 90       	ld	r12, X+
     17c:	dc 90       	ld	r13, X
     17e:	17 97       	sbiw	r26, 0x07	; 7
     180:	ec 80       	ldd	r14, Y+4	; 0x04
     182:	fd 80       	ldd	r15, Y+5	; 0x05
     184:	0e 81       	ldd	r16, Y+6	; 0x06
     186:	1f 81       	ldd	r17, Y+7	; 0x07
     188:	91 01       	movw	r18, r2
     18a:	28 1b       	sub	r18, r24
     18c:	39 0b       	sbc	r19, r25
     18e:	b9 01       	movw	r22, r18
     190:	37 ff       	sbrs	r19, 7
     192:	04 c0       	rjmp	.+8      	; 0x19c <_fpadd_parts+0xb2>
     194:	66 27       	eor	r22, r22
     196:	77 27       	eor	r23, r23
     198:	62 1b       	sub	r22, r18
     19a:	73 0b       	sbc	r23, r19
     19c:	60 32       	cpi	r22, 0x20	; 32
     19e:	71 05       	cpc	r23, r1
     1a0:	0c f0       	brlt	.+2      	; 0x1a4 <_fpadd_parts+0xba>
     1a2:	61 c0       	rjmp	.+194    	; 0x266 <_fpadd_parts+0x17c>
     1a4:	12 16       	cp	r1, r18
     1a6:	13 06       	cpc	r1, r19
     1a8:	6c f5       	brge	.+90     	; 0x204 <_fpadd_parts+0x11a>
     1aa:	37 01       	movw	r6, r14
     1ac:	48 01       	movw	r8, r16
     1ae:	06 2e       	mov	r0, r22
     1b0:	04 c0       	rjmp	.+8      	; 0x1ba <_fpadd_parts+0xd0>
     1b2:	96 94       	lsr	r9
     1b4:	87 94       	ror	r8
     1b6:	77 94       	ror	r7
     1b8:	67 94       	ror	r6
     1ba:	0a 94       	dec	r0
     1bc:	d2 f7       	brpl	.-12     	; 0x1b2 <_fpadd_parts+0xc8>
     1be:	21 e0       	ldi	r18, 0x01	; 1
     1c0:	30 e0       	ldi	r19, 0x00	; 0
     1c2:	40 e0       	ldi	r20, 0x00	; 0
     1c4:	50 e0       	ldi	r21, 0x00	; 0
     1c6:	04 c0       	rjmp	.+8      	; 0x1d0 <_fpadd_parts+0xe6>
     1c8:	22 0f       	add	r18, r18
     1ca:	33 1f       	adc	r19, r19
     1cc:	44 1f       	adc	r20, r20
     1ce:	55 1f       	adc	r21, r21
     1d0:	6a 95       	dec	r22
     1d2:	d2 f7       	brpl	.-12     	; 0x1c8 <_fpadd_parts+0xde>
     1d4:	21 50       	subi	r18, 0x01	; 1
     1d6:	30 40       	sbci	r19, 0x00	; 0
     1d8:	40 40       	sbci	r20, 0x00	; 0
     1da:	50 40       	sbci	r21, 0x00	; 0
     1dc:	2e 21       	and	r18, r14
     1de:	3f 21       	and	r19, r15
     1e0:	40 23       	and	r20, r16
     1e2:	51 23       	and	r21, r17
     1e4:	21 15       	cp	r18, r1
     1e6:	31 05       	cpc	r19, r1
     1e8:	41 05       	cpc	r20, r1
     1ea:	51 05       	cpc	r21, r1
     1ec:	21 f0       	breq	.+8      	; 0x1f6 <_fpadd_parts+0x10c>
     1ee:	21 e0       	ldi	r18, 0x01	; 1
     1f0:	30 e0       	ldi	r19, 0x00	; 0
     1f2:	40 e0       	ldi	r20, 0x00	; 0
     1f4:	50 e0       	ldi	r21, 0x00	; 0
     1f6:	79 01       	movw	r14, r18
     1f8:	8a 01       	movw	r16, r20
     1fa:	e6 28       	or	r14, r6
     1fc:	f7 28       	or	r15, r7
     1fe:	08 29       	or	r16, r8
     200:	19 29       	or	r17, r9
     202:	3c c0       	rjmp	.+120    	; 0x27c <_fpadd_parts+0x192>
     204:	23 2b       	or	r18, r19
     206:	d1 f1       	breq	.+116    	; 0x27c <_fpadd_parts+0x192>
     208:	26 0e       	add	r2, r22
     20a:	37 1e       	adc	r3, r23
     20c:	35 01       	movw	r6, r10
     20e:	46 01       	movw	r8, r12
     210:	06 2e       	mov	r0, r22
     212:	04 c0       	rjmp	.+8      	; 0x21c <_fpadd_parts+0x132>
     214:	96 94       	lsr	r9
     216:	87 94       	ror	r8
     218:	77 94       	ror	r7
     21a:	67 94       	ror	r6
     21c:	0a 94       	dec	r0
     21e:	d2 f7       	brpl	.-12     	; 0x214 <_fpadd_parts+0x12a>
     220:	21 e0       	ldi	r18, 0x01	; 1
     222:	30 e0       	ldi	r19, 0x00	; 0
     224:	40 e0       	ldi	r20, 0x00	; 0
     226:	50 e0       	ldi	r21, 0x00	; 0
     228:	04 c0       	rjmp	.+8      	; 0x232 <_fpadd_parts+0x148>
     22a:	22 0f       	add	r18, r18
     22c:	33 1f       	adc	r19, r19
     22e:	44 1f       	adc	r20, r20
     230:	55 1f       	adc	r21, r21
     232:	6a 95       	dec	r22
     234:	d2 f7       	brpl	.-12     	; 0x22a <_fpadd_parts+0x140>
     236:	21 50       	subi	r18, 0x01	; 1
     238:	30 40       	sbci	r19, 0x00	; 0
     23a:	40 40       	sbci	r20, 0x00	; 0
     23c:	50 40       	sbci	r21, 0x00	; 0
     23e:	2a 21       	and	r18, r10
     240:	3b 21       	and	r19, r11
     242:	4c 21       	and	r20, r12
     244:	5d 21       	and	r21, r13
     246:	21 15       	cp	r18, r1
     248:	31 05       	cpc	r19, r1
     24a:	41 05       	cpc	r20, r1
     24c:	51 05       	cpc	r21, r1
     24e:	21 f0       	breq	.+8      	; 0x258 <_fpadd_parts+0x16e>
     250:	21 e0       	ldi	r18, 0x01	; 1
     252:	30 e0       	ldi	r19, 0x00	; 0
     254:	40 e0       	ldi	r20, 0x00	; 0
     256:	50 e0       	ldi	r21, 0x00	; 0
     258:	59 01       	movw	r10, r18
     25a:	6a 01       	movw	r12, r20
     25c:	a6 28       	or	r10, r6
     25e:	b7 28       	or	r11, r7
     260:	c8 28       	or	r12, r8
     262:	d9 28       	or	r13, r9
     264:	0b c0       	rjmp	.+22     	; 0x27c <_fpadd_parts+0x192>
     266:	82 15       	cp	r24, r2
     268:	93 05       	cpc	r25, r3
     26a:	2c f0       	brlt	.+10     	; 0x276 <_fpadd_parts+0x18c>
     26c:	1c 01       	movw	r2, r24
     26e:	aa 24       	eor	r10, r10
     270:	bb 24       	eor	r11, r11
     272:	65 01       	movw	r12, r10
     274:	03 c0       	rjmp	.+6      	; 0x27c <_fpadd_parts+0x192>
     276:	ee 24       	eor	r14, r14
     278:	ff 24       	eor	r15, r15
     27a:	87 01       	movw	r16, r14
     27c:	11 96       	adiw	r26, 0x01	; 1
     27e:	9c 91       	ld	r25, X
     280:	d2 01       	movw	r26, r4
     282:	11 96       	adiw	r26, 0x01	; 1
     284:	8c 91       	ld	r24, X
     286:	98 17       	cp	r25, r24
     288:	09 f4       	brne	.+2      	; 0x28c <_fpadd_parts+0x1a2>
     28a:	45 c0       	rjmp	.+138    	; 0x316 <_fpadd_parts+0x22c>
     28c:	99 23       	and	r25, r25
     28e:	39 f0       	breq	.+14     	; 0x29e <_fpadd_parts+0x1b4>
     290:	a8 01       	movw	r20, r16
     292:	97 01       	movw	r18, r14
     294:	2a 19       	sub	r18, r10
     296:	3b 09       	sbc	r19, r11
     298:	4c 09       	sbc	r20, r12
     29a:	5d 09       	sbc	r21, r13
     29c:	06 c0       	rjmp	.+12     	; 0x2aa <_fpadd_parts+0x1c0>
     29e:	a6 01       	movw	r20, r12
     2a0:	95 01       	movw	r18, r10
     2a2:	2e 19       	sub	r18, r14
     2a4:	3f 09       	sbc	r19, r15
     2a6:	40 0b       	sbc	r20, r16
     2a8:	51 0b       	sbc	r21, r17
     2aa:	57 fd       	sbrc	r21, 7
     2ac:	08 c0       	rjmp	.+16     	; 0x2be <_fpadd_parts+0x1d4>
     2ae:	11 82       	std	Z+1, r1	; 0x01
     2b0:	33 82       	std	Z+3, r3	; 0x03
     2b2:	22 82       	std	Z+2, r2	; 0x02
     2b4:	24 83       	std	Z+4, r18	; 0x04
     2b6:	35 83       	std	Z+5, r19	; 0x05
     2b8:	46 83       	std	Z+6, r20	; 0x06
     2ba:	57 83       	std	Z+7, r21	; 0x07
     2bc:	1d c0       	rjmp	.+58     	; 0x2f8 <_fpadd_parts+0x20e>
     2be:	81 e0       	ldi	r24, 0x01	; 1
     2c0:	81 83       	std	Z+1, r24	; 0x01
     2c2:	33 82       	std	Z+3, r3	; 0x03
     2c4:	22 82       	std	Z+2, r2	; 0x02
     2c6:	88 27       	eor	r24, r24
     2c8:	99 27       	eor	r25, r25
     2ca:	dc 01       	movw	r26, r24
     2cc:	82 1b       	sub	r24, r18
     2ce:	93 0b       	sbc	r25, r19
     2d0:	a4 0b       	sbc	r26, r20
     2d2:	b5 0b       	sbc	r27, r21
     2d4:	84 83       	std	Z+4, r24	; 0x04
     2d6:	95 83       	std	Z+5, r25	; 0x05
     2d8:	a6 83       	std	Z+6, r26	; 0x06
     2da:	b7 83       	std	Z+7, r27	; 0x07
     2dc:	0d c0       	rjmp	.+26     	; 0x2f8 <_fpadd_parts+0x20e>
     2de:	22 0f       	add	r18, r18
     2e0:	33 1f       	adc	r19, r19
     2e2:	44 1f       	adc	r20, r20
     2e4:	55 1f       	adc	r21, r21
     2e6:	24 83       	std	Z+4, r18	; 0x04
     2e8:	35 83       	std	Z+5, r19	; 0x05
     2ea:	46 83       	std	Z+6, r20	; 0x06
     2ec:	57 83       	std	Z+7, r21	; 0x07
     2ee:	82 81       	ldd	r24, Z+2	; 0x02
     2f0:	93 81       	ldd	r25, Z+3	; 0x03
     2f2:	01 97       	sbiw	r24, 0x01	; 1
     2f4:	93 83       	std	Z+3, r25	; 0x03
     2f6:	82 83       	std	Z+2, r24	; 0x02
     2f8:	24 81       	ldd	r18, Z+4	; 0x04
     2fa:	35 81       	ldd	r19, Z+5	; 0x05
     2fc:	46 81       	ldd	r20, Z+6	; 0x06
     2fe:	57 81       	ldd	r21, Z+7	; 0x07
     300:	da 01       	movw	r26, r20
     302:	c9 01       	movw	r24, r18
     304:	01 97       	sbiw	r24, 0x01	; 1
     306:	a1 09       	sbc	r26, r1
     308:	b1 09       	sbc	r27, r1
     30a:	8f 5f       	subi	r24, 0xFF	; 255
     30c:	9f 4f       	sbci	r25, 0xFF	; 255
     30e:	af 4f       	sbci	r26, 0xFF	; 255
     310:	bf 43       	sbci	r27, 0x3F	; 63
     312:	28 f3       	brcs	.-54     	; 0x2de <_fpadd_parts+0x1f4>
     314:	0b c0       	rjmp	.+22     	; 0x32c <_fpadd_parts+0x242>
     316:	91 83       	std	Z+1, r25	; 0x01
     318:	33 82       	std	Z+3, r3	; 0x03
     31a:	22 82       	std	Z+2, r2	; 0x02
     31c:	ea 0c       	add	r14, r10
     31e:	fb 1c       	adc	r15, r11
     320:	0c 1d       	adc	r16, r12
     322:	1d 1d       	adc	r17, r13
     324:	e4 82       	std	Z+4, r14	; 0x04
     326:	f5 82       	std	Z+5, r15	; 0x05
     328:	06 83       	std	Z+6, r16	; 0x06
     32a:	17 83       	std	Z+7, r17	; 0x07
     32c:	83 e0       	ldi	r24, 0x03	; 3
     32e:	80 83       	st	Z, r24
     330:	24 81       	ldd	r18, Z+4	; 0x04
     332:	35 81       	ldd	r19, Z+5	; 0x05
     334:	46 81       	ldd	r20, Z+6	; 0x06
     336:	57 81       	ldd	r21, Z+7	; 0x07
     338:	57 ff       	sbrs	r21, 7
     33a:	1a c0       	rjmp	.+52     	; 0x370 <_fpadd_parts+0x286>
     33c:	c9 01       	movw	r24, r18
     33e:	aa 27       	eor	r26, r26
     340:	97 fd       	sbrc	r25, 7
     342:	a0 95       	com	r26
     344:	ba 2f       	mov	r27, r26
     346:	81 70       	andi	r24, 0x01	; 1
     348:	90 70       	andi	r25, 0x00	; 0
     34a:	a0 70       	andi	r26, 0x00	; 0
     34c:	b0 70       	andi	r27, 0x00	; 0
     34e:	56 95       	lsr	r21
     350:	47 95       	ror	r20
     352:	37 95       	ror	r19
     354:	27 95       	ror	r18
     356:	82 2b       	or	r24, r18
     358:	93 2b       	or	r25, r19
     35a:	a4 2b       	or	r26, r20
     35c:	b5 2b       	or	r27, r21
     35e:	84 83       	std	Z+4, r24	; 0x04
     360:	95 83       	std	Z+5, r25	; 0x05
     362:	a6 83       	std	Z+6, r26	; 0x06
     364:	b7 83       	std	Z+7, r27	; 0x07
     366:	82 81       	ldd	r24, Z+2	; 0x02
     368:	93 81       	ldd	r25, Z+3	; 0x03
     36a:	01 96       	adiw	r24, 0x01	; 1
     36c:	93 83       	std	Z+3, r25	; 0x03
     36e:	82 83       	std	Z+2, r24	; 0x02
     370:	df 01       	movw	r26, r30
     372:	01 c0       	rjmp	.+2      	; 0x376 <_fpadd_parts+0x28c>
     374:	d2 01       	movw	r26, r4
     376:	cd 01       	movw	r24, r26
     378:	cd b7       	in	r28, 0x3d	; 61
     37a:	de b7       	in	r29, 0x3e	; 62
     37c:	e2 e1       	ldi	r30, 0x12	; 18
     37e:	0c 94 47 0c 	jmp	0x188e	; 0x188e <__epilogue_restores__>

00000382 <__subsf3>:
     382:	a0 e2       	ldi	r26, 0x20	; 32
     384:	b0 e0       	ldi	r27, 0x00	; 0
     386:	e7 ec       	ldi	r30, 0xC7	; 199
     388:	f1 e0       	ldi	r31, 0x01	; 1
     38a:	0c 94 37 0c 	jmp	0x186e	; 0x186e <__prologue_saves__+0x18>
     38e:	69 83       	std	Y+1, r22	; 0x01
     390:	7a 83       	std	Y+2, r23	; 0x02
     392:	8b 83       	std	Y+3, r24	; 0x03
     394:	9c 83       	std	Y+4, r25	; 0x04
     396:	2d 83       	std	Y+5, r18	; 0x05
     398:	3e 83       	std	Y+6, r19	; 0x06
     39a:	4f 83       	std	Y+7, r20	; 0x07
     39c:	58 87       	std	Y+8, r21	; 0x08
     39e:	e9 e0       	ldi	r30, 0x09	; 9
     3a0:	ee 2e       	mov	r14, r30
     3a2:	f1 2c       	mov	r15, r1
     3a4:	ec 0e       	add	r14, r28
     3a6:	fd 1e       	adc	r15, r29
     3a8:	ce 01       	movw	r24, r28
     3aa:	01 96       	adiw	r24, 0x01	; 1
     3ac:	b7 01       	movw	r22, r14
     3ae:	0e 94 d2 04 	call	0x9a4	; 0x9a4 <__unpack_f>
     3b2:	8e 01       	movw	r16, r28
     3b4:	0f 5e       	subi	r16, 0xEF	; 239
     3b6:	1f 4f       	sbci	r17, 0xFF	; 255
     3b8:	ce 01       	movw	r24, r28
     3ba:	05 96       	adiw	r24, 0x05	; 5
     3bc:	b8 01       	movw	r22, r16
     3be:	0e 94 d2 04 	call	0x9a4	; 0x9a4 <__unpack_f>
     3c2:	8a 89       	ldd	r24, Y+18	; 0x12
     3c4:	91 e0       	ldi	r25, 0x01	; 1
     3c6:	89 27       	eor	r24, r25
     3c8:	8a 8b       	std	Y+18, r24	; 0x12
     3ca:	c7 01       	movw	r24, r14
     3cc:	b8 01       	movw	r22, r16
     3ce:	ae 01       	movw	r20, r28
     3d0:	47 5e       	subi	r20, 0xE7	; 231
     3d2:	5f 4f       	sbci	r21, 0xFF	; 255
     3d4:	0e 94 75 00 	call	0xea	; 0xea <_fpadd_parts>
     3d8:	0e 94 fd 03 	call	0x7fa	; 0x7fa <__pack_f>
     3dc:	a0 96       	adiw	r28, 0x20	; 32
     3de:	e6 e0       	ldi	r30, 0x06	; 6
     3e0:	0c 94 53 0c 	jmp	0x18a6	; 0x18a6 <__epilogue_restores__+0x18>

000003e4 <__addsf3>:
     3e4:	a0 e2       	ldi	r26, 0x20	; 32
     3e6:	b0 e0       	ldi	r27, 0x00	; 0
     3e8:	e8 ef       	ldi	r30, 0xF8	; 248
     3ea:	f1 e0       	ldi	r31, 0x01	; 1
     3ec:	0c 94 37 0c 	jmp	0x186e	; 0x186e <__prologue_saves__+0x18>
     3f0:	69 83       	std	Y+1, r22	; 0x01
     3f2:	7a 83       	std	Y+2, r23	; 0x02
     3f4:	8b 83       	std	Y+3, r24	; 0x03
     3f6:	9c 83       	std	Y+4, r25	; 0x04
     3f8:	2d 83       	std	Y+5, r18	; 0x05
     3fa:	3e 83       	std	Y+6, r19	; 0x06
     3fc:	4f 83       	std	Y+7, r20	; 0x07
     3fe:	58 87       	std	Y+8, r21	; 0x08
     400:	f9 e0       	ldi	r31, 0x09	; 9
     402:	ef 2e       	mov	r14, r31
     404:	f1 2c       	mov	r15, r1
     406:	ec 0e       	add	r14, r28
     408:	fd 1e       	adc	r15, r29
     40a:	ce 01       	movw	r24, r28
     40c:	01 96       	adiw	r24, 0x01	; 1
     40e:	b7 01       	movw	r22, r14
     410:	0e 94 d2 04 	call	0x9a4	; 0x9a4 <__unpack_f>
     414:	8e 01       	movw	r16, r28
     416:	0f 5e       	subi	r16, 0xEF	; 239
     418:	1f 4f       	sbci	r17, 0xFF	; 255
     41a:	ce 01       	movw	r24, r28
     41c:	05 96       	adiw	r24, 0x05	; 5
     41e:	b8 01       	movw	r22, r16
     420:	0e 94 d2 04 	call	0x9a4	; 0x9a4 <__unpack_f>
     424:	c7 01       	movw	r24, r14
     426:	b8 01       	movw	r22, r16
     428:	ae 01       	movw	r20, r28
     42a:	47 5e       	subi	r20, 0xE7	; 231
     42c:	5f 4f       	sbci	r21, 0xFF	; 255
     42e:	0e 94 75 00 	call	0xea	; 0xea <_fpadd_parts>
     432:	0e 94 fd 03 	call	0x7fa	; 0x7fa <__pack_f>
     436:	a0 96       	adiw	r28, 0x20	; 32
     438:	e6 e0       	ldi	r30, 0x06	; 6
     43a:	0c 94 53 0c 	jmp	0x18a6	; 0x18a6 <__epilogue_restores__+0x18>

0000043e <__mulsf3>:
     43e:	a0 e2       	ldi	r26, 0x20	; 32
     440:	b0 e0       	ldi	r27, 0x00	; 0
     442:	e5 e2       	ldi	r30, 0x25	; 37
     444:	f2 e0       	ldi	r31, 0x02	; 2
     446:	0c 94 2b 0c 	jmp	0x1856	; 0x1856 <__prologue_saves__>
     44a:	69 83       	std	Y+1, r22	; 0x01
     44c:	7a 83       	std	Y+2, r23	; 0x02
     44e:	8b 83       	std	Y+3, r24	; 0x03
     450:	9c 83       	std	Y+4, r25	; 0x04
     452:	2d 83       	std	Y+5, r18	; 0x05
     454:	3e 83       	std	Y+6, r19	; 0x06
     456:	4f 83       	std	Y+7, r20	; 0x07
     458:	58 87       	std	Y+8, r21	; 0x08
     45a:	ce 01       	movw	r24, r28
     45c:	01 96       	adiw	r24, 0x01	; 1
     45e:	be 01       	movw	r22, r28
     460:	67 5f       	subi	r22, 0xF7	; 247
     462:	7f 4f       	sbci	r23, 0xFF	; 255
     464:	0e 94 d2 04 	call	0x9a4	; 0x9a4 <__unpack_f>
     468:	ce 01       	movw	r24, r28
     46a:	05 96       	adiw	r24, 0x05	; 5
     46c:	be 01       	movw	r22, r28
     46e:	6f 5e       	subi	r22, 0xEF	; 239
     470:	7f 4f       	sbci	r23, 0xFF	; 255
     472:	0e 94 d2 04 	call	0x9a4	; 0x9a4 <__unpack_f>
     476:	99 85       	ldd	r25, Y+9	; 0x09
     478:	92 30       	cpi	r25, 0x02	; 2
     47a:	88 f0       	brcs	.+34     	; 0x49e <__mulsf3+0x60>
     47c:	89 89       	ldd	r24, Y+17	; 0x11
     47e:	82 30       	cpi	r24, 0x02	; 2
     480:	c8 f0       	brcs	.+50     	; 0x4b4 <__mulsf3+0x76>
     482:	94 30       	cpi	r25, 0x04	; 4
     484:	19 f4       	brne	.+6      	; 0x48c <__mulsf3+0x4e>
     486:	82 30       	cpi	r24, 0x02	; 2
     488:	51 f4       	brne	.+20     	; 0x49e <__mulsf3+0x60>
     48a:	04 c0       	rjmp	.+8      	; 0x494 <__mulsf3+0x56>
     48c:	84 30       	cpi	r24, 0x04	; 4
     48e:	29 f4       	brne	.+10     	; 0x49a <__mulsf3+0x5c>
     490:	92 30       	cpi	r25, 0x02	; 2
     492:	81 f4       	brne	.+32     	; 0x4b4 <__mulsf3+0x76>
     494:	80 e6       	ldi	r24, 0x60	; 96
     496:	90 e0       	ldi	r25, 0x00	; 0
     498:	c6 c0       	rjmp	.+396    	; 0x626 <__mulsf3+0x1e8>
     49a:	92 30       	cpi	r25, 0x02	; 2
     49c:	49 f4       	brne	.+18     	; 0x4b0 <__mulsf3+0x72>
     49e:	20 e0       	ldi	r18, 0x00	; 0
     4a0:	9a 85       	ldd	r25, Y+10	; 0x0a
     4a2:	8a 89       	ldd	r24, Y+18	; 0x12
     4a4:	98 13       	cpse	r25, r24
     4a6:	21 e0       	ldi	r18, 0x01	; 1
     4a8:	2a 87       	std	Y+10, r18	; 0x0a
     4aa:	ce 01       	movw	r24, r28
     4ac:	09 96       	adiw	r24, 0x09	; 9
     4ae:	bb c0       	rjmp	.+374    	; 0x626 <__mulsf3+0x1e8>
     4b0:	82 30       	cpi	r24, 0x02	; 2
     4b2:	49 f4       	brne	.+18     	; 0x4c6 <__mulsf3+0x88>
     4b4:	20 e0       	ldi	r18, 0x00	; 0
     4b6:	9a 85       	ldd	r25, Y+10	; 0x0a
     4b8:	8a 89       	ldd	r24, Y+18	; 0x12
     4ba:	98 13       	cpse	r25, r24
     4bc:	21 e0       	ldi	r18, 0x01	; 1
     4be:	2a 8b       	std	Y+18, r18	; 0x12
     4c0:	ce 01       	movw	r24, r28
     4c2:	41 96       	adiw	r24, 0x11	; 17
     4c4:	b0 c0       	rjmp	.+352    	; 0x626 <__mulsf3+0x1e8>
     4c6:	2d 84       	ldd	r2, Y+13	; 0x0d
     4c8:	3e 84       	ldd	r3, Y+14	; 0x0e
     4ca:	4f 84       	ldd	r4, Y+15	; 0x0f
     4cc:	58 88       	ldd	r5, Y+16	; 0x10
     4ce:	6d 88       	ldd	r6, Y+21	; 0x15
     4d0:	7e 88       	ldd	r7, Y+22	; 0x16
     4d2:	8f 88       	ldd	r8, Y+23	; 0x17
     4d4:	98 8c       	ldd	r9, Y+24	; 0x18
     4d6:	ee 24       	eor	r14, r14
     4d8:	ff 24       	eor	r15, r15
     4da:	87 01       	movw	r16, r14
     4dc:	aa 24       	eor	r10, r10
     4de:	bb 24       	eor	r11, r11
     4e0:	65 01       	movw	r12, r10
     4e2:	40 e0       	ldi	r20, 0x00	; 0
     4e4:	50 e0       	ldi	r21, 0x00	; 0
     4e6:	60 e0       	ldi	r22, 0x00	; 0
     4e8:	70 e0       	ldi	r23, 0x00	; 0
     4ea:	e0 e0       	ldi	r30, 0x00	; 0
     4ec:	f0 e0       	ldi	r31, 0x00	; 0
     4ee:	c1 01       	movw	r24, r2
     4f0:	81 70       	andi	r24, 0x01	; 1
     4f2:	90 70       	andi	r25, 0x00	; 0
     4f4:	89 2b       	or	r24, r25
     4f6:	e9 f0       	breq	.+58     	; 0x532 <__mulsf3+0xf4>
     4f8:	e6 0c       	add	r14, r6
     4fa:	f7 1c       	adc	r15, r7
     4fc:	08 1d       	adc	r16, r8
     4fe:	19 1d       	adc	r17, r9
     500:	9a 01       	movw	r18, r20
     502:	ab 01       	movw	r20, r22
     504:	2a 0d       	add	r18, r10
     506:	3b 1d       	adc	r19, r11
     508:	4c 1d       	adc	r20, r12
     50a:	5d 1d       	adc	r21, r13
     50c:	80 e0       	ldi	r24, 0x00	; 0
     50e:	90 e0       	ldi	r25, 0x00	; 0
     510:	a0 e0       	ldi	r26, 0x00	; 0
     512:	b0 e0       	ldi	r27, 0x00	; 0
     514:	e6 14       	cp	r14, r6
     516:	f7 04       	cpc	r15, r7
     518:	08 05       	cpc	r16, r8
     51a:	19 05       	cpc	r17, r9
     51c:	20 f4       	brcc	.+8      	; 0x526 <__mulsf3+0xe8>
     51e:	81 e0       	ldi	r24, 0x01	; 1
     520:	90 e0       	ldi	r25, 0x00	; 0
     522:	a0 e0       	ldi	r26, 0x00	; 0
     524:	b0 e0       	ldi	r27, 0x00	; 0
     526:	ba 01       	movw	r22, r20
     528:	a9 01       	movw	r20, r18
     52a:	48 0f       	add	r20, r24
     52c:	59 1f       	adc	r21, r25
     52e:	6a 1f       	adc	r22, r26
     530:	7b 1f       	adc	r23, r27
     532:	aa 0c       	add	r10, r10
     534:	bb 1c       	adc	r11, r11
     536:	cc 1c       	adc	r12, r12
     538:	dd 1c       	adc	r13, r13
     53a:	97 fe       	sbrs	r9, 7
     53c:	08 c0       	rjmp	.+16     	; 0x54e <__mulsf3+0x110>
     53e:	81 e0       	ldi	r24, 0x01	; 1
     540:	90 e0       	ldi	r25, 0x00	; 0
     542:	a0 e0       	ldi	r26, 0x00	; 0
     544:	b0 e0       	ldi	r27, 0x00	; 0
     546:	a8 2a       	or	r10, r24
     548:	b9 2a       	or	r11, r25
     54a:	ca 2a       	or	r12, r26
     54c:	db 2a       	or	r13, r27
     54e:	31 96       	adiw	r30, 0x01	; 1
     550:	e0 32       	cpi	r30, 0x20	; 32
     552:	f1 05       	cpc	r31, r1
     554:	49 f0       	breq	.+18     	; 0x568 <__mulsf3+0x12a>
     556:	66 0c       	add	r6, r6
     558:	77 1c       	adc	r7, r7
     55a:	88 1c       	adc	r8, r8
     55c:	99 1c       	adc	r9, r9
     55e:	56 94       	lsr	r5
     560:	47 94       	ror	r4
     562:	37 94       	ror	r3
     564:	27 94       	ror	r2
     566:	c3 cf       	rjmp	.-122    	; 0x4ee <__mulsf3+0xb0>
     568:	fa 85       	ldd	r31, Y+10	; 0x0a
     56a:	ea 89       	ldd	r30, Y+18	; 0x12
     56c:	2b 89       	ldd	r18, Y+19	; 0x13
     56e:	3c 89       	ldd	r19, Y+20	; 0x14
     570:	8b 85       	ldd	r24, Y+11	; 0x0b
     572:	9c 85       	ldd	r25, Y+12	; 0x0c
     574:	28 0f       	add	r18, r24
     576:	39 1f       	adc	r19, r25
     578:	2e 5f       	subi	r18, 0xFE	; 254
     57a:	3f 4f       	sbci	r19, 0xFF	; 255
     57c:	17 c0       	rjmp	.+46     	; 0x5ac <__mulsf3+0x16e>
     57e:	ca 01       	movw	r24, r20
     580:	81 70       	andi	r24, 0x01	; 1
     582:	90 70       	andi	r25, 0x00	; 0
     584:	89 2b       	or	r24, r25
     586:	61 f0       	breq	.+24     	; 0x5a0 <__mulsf3+0x162>
     588:	16 95       	lsr	r17
     58a:	07 95       	ror	r16
     58c:	f7 94       	ror	r15
     58e:	e7 94       	ror	r14
     590:	80 e0       	ldi	r24, 0x00	; 0
     592:	90 e0       	ldi	r25, 0x00	; 0
     594:	a0 e0       	ldi	r26, 0x00	; 0
     596:	b0 e8       	ldi	r27, 0x80	; 128
     598:	e8 2a       	or	r14, r24
     59a:	f9 2a       	or	r15, r25
     59c:	0a 2b       	or	r16, r26
     59e:	1b 2b       	or	r17, r27
     5a0:	76 95       	lsr	r23
     5a2:	67 95       	ror	r22
     5a4:	57 95       	ror	r21
     5a6:	47 95       	ror	r20
     5a8:	2f 5f       	subi	r18, 0xFF	; 255
     5aa:	3f 4f       	sbci	r19, 0xFF	; 255
     5ac:	77 fd       	sbrc	r23, 7
     5ae:	e7 cf       	rjmp	.-50     	; 0x57e <__mulsf3+0x140>
     5b0:	0c c0       	rjmp	.+24     	; 0x5ca <__mulsf3+0x18c>
     5b2:	44 0f       	add	r20, r20
     5b4:	55 1f       	adc	r21, r21
     5b6:	66 1f       	adc	r22, r22
     5b8:	77 1f       	adc	r23, r23
     5ba:	17 fd       	sbrc	r17, 7
     5bc:	41 60       	ori	r20, 0x01	; 1
     5be:	ee 0c       	add	r14, r14
     5c0:	ff 1c       	adc	r15, r15
     5c2:	00 1f       	adc	r16, r16
     5c4:	11 1f       	adc	r17, r17
     5c6:	21 50       	subi	r18, 0x01	; 1
     5c8:	30 40       	sbci	r19, 0x00	; 0
     5ca:	40 30       	cpi	r20, 0x00	; 0
     5cc:	90 e0       	ldi	r25, 0x00	; 0
     5ce:	59 07       	cpc	r21, r25
     5d0:	90 e0       	ldi	r25, 0x00	; 0
     5d2:	69 07       	cpc	r22, r25
     5d4:	90 e4       	ldi	r25, 0x40	; 64
     5d6:	79 07       	cpc	r23, r25
     5d8:	60 f3       	brcs	.-40     	; 0x5b2 <__mulsf3+0x174>
     5da:	2b 8f       	std	Y+27, r18	; 0x1b
     5dc:	3c 8f       	std	Y+28, r19	; 0x1c
     5de:	db 01       	movw	r26, r22
     5e0:	ca 01       	movw	r24, r20
     5e2:	8f 77       	andi	r24, 0x7F	; 127
     5e4:	90 70       	andi	r25, 0x00	; 0
     5e6:	a0 70       	andi	r26, 0x00	; 0
     5e8:	b0 70       	andi	r27, 0x00	; 0
     5ea:	80 34       	cpi	r24, 0x40	; 64
     5ec:	91 05       	cpc	r25, r1
     5ee:	a1 05       	cpc	r26, r1
     5f0:	b1 05       	cpc	r27, r1
     5f2:	61 f4       	brne	.+24     	; 0x60c <__mulsf3+0x1ce>
     5f4:	47 fd       	sbrc	r20, 7
     5f6:	0a c0       	rjmp	.+20     	; 0x60c <__mulsf3+0x1ce>
     5f8:	e1 14       	cp	r14, r1
     5fa:	f1 04       	cpc	r15, r1
     5fc:	01 05       	cpc	r16, r1
     5fe:	11 05       	cpc	r17, r1
     600:	29 f0       	breq	.+10     	; 0x60c <__mulsf3+0x1ce>
     602:	40 5c       	subi	r20, 0xC0	; 192
     604:	5f 4f       	sbci	r21, 0xFF	; 255
     606:	6f 4f       	sbci	r22, 0xFF	; 255
     608:	7f 4f       	sbci	r23, 0xFF	; 255
     60a:	40 78       	andi	r20, 0x80	; 128
     60c:	1a 8e       	std	Y+26, r1	; 0x1a
     60e:	fe 17       	cp	r31, r30
     610:	11 f0       	breq	.+4      	; 0x616 <__mulsf3+0x1d8>
     612:	81 e0       	ldi	r24, 0x01	; 1
     614:	8a 8f       	std	Y+26, r24	; 0x1a
     616:	4d 8f       	std	Y+29, r20	; 0x1d
     618:	5e 8f       	std	Y+30, r21	; 0x1e
     61a:	6f 8f       	std	Y+31, r22	; 0x1f
     61c:	78 a3       	std	Y+32, r23	; 0x20
     61e:	83 e0       	ldi	r24, 0x03	; 3
     620:	89 8f       	std	Y+25, r24	; 0x19
     622:	ce 01       	movw	r24, r28
     624:	49 96       	adiw	r24, 0x19	; 25
     626:	0e 94 fd 03 	call	0x7fa	; 0x7fa <__pack_f>
     62a:	a0 96       	adiw	r28, 0x20	; 32
     62c:	e2 e1       	ldi	r30, 0x12	; 18
     62e:	0c 94 47 0c 	jmp	0x188e	; 0x188e <__epilogue_restores__>

00000632 <__gtsf2>:
     632:	a8 e1       	ldi	r26, 0x18	; 24
     634:	b0 e0       	ldi	r27, 0x00	; 0
     636:	ef e1       	ldi	r30, 0x1F	; 31
     638:	f3 e0       	ldi	r31, 0x03	; 3
     63a:	0c 94 37 0c 	jmp	0x186e	; 0x186e <__prologue_saves__+0x18>
     63e:	69 83       	std	Y+1, r22	; 0x01
     640:	7a 83       	std	Y+2, r23	; 0x02
     642:	8b 83       	std	Y+3, r24	; 0x03
     644:	9c 83       	std	Y+4, r25	; 0x04
     646:	2d 83       	std	Y+5, r18	; 0x05
     648:	3e 83       	std	Y+6, r19	; 0x06
     64a:	4f 83       	std	Y+7, r20	; 0x07
     64c:	58 87       	std	Y+8, r21	; 0x08
     64e:	89 e0       	ldi	r24, 0x09	; 9
     650:	e8 2e       	mov	r14, r24
     652:	f1 2c       	mov	r15, r1
     654:	ec 0e       	add	r14, r28
     656:	fd 1e       	adc	r15, r29
     658:	ce 01       	movw	r24, r28
     65a:	01 96       	adiw	r24, 0x01	; 1
     65c:	b7 01       	movw	r22, r14
     65e:	0e 94 d2 04 	call	0x9a4	; 0x9a4 <__unpack_f>
     662:	8e 01       	movw	r16, r28
     664:	0f 5e       	subi	r16, 0xEF	; 239
     666:	1f 4f       	sbci	r17, 0xFF	; 255
     668:	ce 01       	movw	r24, r28
     66a:	05 96       	adiw	r24, 0x05	; 5
     66c:	b8 01       	movw	r22, r16
     66e:	0e 94 d2 04 	call	0x9a4	; 0x9a4 <__unpack_f>
     672:	89 85       	ldd	r24, Y+9	; 0x09
     674:	82 30       	cpi	r24, 0x02	; 2
     676:	40 f0       	brcs	.+16     	; 0x688 <__gtsf2+0x56>
     678:	89 89       	ldd	r24, Y+17	; 0x11
     67a:	82 30       	cpi	r24, 0x02	; 2
     67c:	28 f0       	brcs	.+10     	; 0x688 <__gtsf2+0x56>
     67e:	c7 01       	movw	r24, r14
     680:	b8 01       	movw	r22, r16
     682:	0e 94 4a 05 	call	0xa94	; 0xa94 <__fpcmp_parts_f>
     686:	01 c0       	rjmp	.+2      	; 0x68a <__gtsf2+0x58>
     688:	8f ef       	ldi	r24, 0xFF	; 255
     68a:	68 96       	adiw	r28, 0x18	; 24
     68c:	e6 e0       	ldi	r30, 0x06	; 6
     68e:	0c 94 53 0c 	jmp	0x18a6	; 0x18a6 <__epilogue_restores__+0x18>

00000692 <__gesf2>:
     692:	a8 e1       	ldi	r26, 0x18	; 24
     694:	b0 e0       	ldi	r27, 0x00	; 0
     696:	ef e4       	ldi	r30, 0x4F	; 79
     698:	f3 e0       	ldi	r31, 0x03	; 3
     69a:	0c 94 37 0c 	jmp	0x186e	; 0x186e <__prologue_saves__+0x18>
     69e:	69 83       	std	Y+1, r22	; 0x01
     6a0:	7a 83       	std	Y+2, r23	; 0x02
     6a2:	8b 83       	std	Y+3, r24	; 0x03
     6a4:	9c 83       	std	Y+4, r25	; 0x04
     6a6:	2d 83       	std	Y+5, r18	; 0x05
     6a8:	3e 83       	std	Y+6, r19	; 0x06
     6aa:	4f 83       	std	Y+7, r20	; 0x07
     6ac:	58 87       	std	Y+8, r21	; 0x08
     6ae:	89 e0       	ldi	r24, 0x09	; 9
     6b0:	e8 2e       	mov	r14, r24
     6b2:	f1 2c       	mov	r15, r1
     6b4:	ec 0e       	add	r14, r28
     6b6:	fd 1e       	adc	r15, r29
     6b8:	ce 01       	movw	r24, r28
     6ba:	01 96       	adiw	r24, 0x01	; 1
     6bc:	b7 01       	movw	r22, r14
     6be:	0e 94 d2 04 	call	0x9a4	; 0x9a4 <__unpack_f>
     6c2:	8e 01       	movw	r16, r28
     6c4:	0f 5e       	subi	r16, 0xEF	; 239
     6c6:	1f 4f       	sbci	r17, 0xFF	; 255
     6c8:	ce 01       	movw	r24, r28
     6ca:	05 96       	adiw	r24, 0x05	; 5
     6cc:	b8 01       	movw	r22, r16
     6ce:	0e 94 d2 04 	call	0x9a4	; 0x9a4 <__unpack_f>
     6d2:	89 85       	ldd	r24, Y+9	; 0x09
     6d4:	82 30       	cpi	r24, 0x02	; 2
     6d6:	40 f0       	brcs	.+16     	; 0x6e8 <__gesf2+0x56>
     6d8:	89 89       	ldd	r24, Y+17	; 0x11
     6da:	82 30       	cpi	r24, 0x02	; 2
     6dc:	28 f0       	brcs	.+10     	; 0x6e8 <__gesf2+0x56>
     6de:	c7 01       	movw	r24, r14
     6e0:	b8 01       	movw	r22, r16
     6e2:	0e 94 4a 05 	call	0xa94	; 0xa94 <__fpcmp_parts_f>
     6e6:	01 c0       	rjmp	.+2      	; 0x6ea <__gesf2+0x58>
     6e8:	8f ef       	ldi	r24, 0xFF	; 255
     6ea:	68 96       	adiw	r28, 0x18	; 24
     6ec:	e6 e0       	ldi	r30, 0x06	; 6
     6ee:	0c 94 53 0c 	jmp	0x18a6	; 0x18a6 <__epilogue_restores__+0x18>

000006f2 <__ltsf2>:
     6f2:	a8 e1       	ldi	r26, 0x18	; 24
     6f4:	b0 e0       	ldi	r27, 0x00	; 0
     6f6:	ef e7       	ldi	r30, 0x7F	; 127
     6f8:	f3 e0       	ldi	r31, 0x03	; 3
     6fa:	0c 94 37 0c 	jmp	0x186e	; 0x186e <__prologue_saves__+0x18>
     6fe:	69 83       	std	Y+1, r22	; 0x01
     700:	7a 83       	std	Y+2, r23	; 0x02
     702:	8b 83       	std	Y+3, r24	; 0x03
     704:	9c 83       	std	Y+4, r25	; 0x04
     706:	2d 83       	std	Y+5, r18	; 0x05
     708:	3e 83       	std	Y+6, r19	; 0x06
     70a:	4f 83       	std	Y+7, r20	; 0x07
     70c:	58 87       	std	Y+8, r21	; 0x08
     70e:	89 e0       	ldi	r24, 0x09	; 9
     710:	e8 2e       	mov	r14, r24
     712:	f1 2c       	mov	r15, r1
     714:	ec 0e       	add	r14, r28
     716:	fd 1e       	adc	r15, r29
     718:	ce 01       	movw	r24, r28
     71a:	01 96       	adiw	r24, 0x01	; 1
     71c:	b7 01       	movw	r22, r14
     71e:	0e 94 d2 04 	call	0x9a4	; 0x9a4 <__unpack_f>
     722:	8e 01       	movw	r16, r28
     724:	0f 5e       	subi	r16, 0xEF	; 239
     726:	1f 4f       	sbci	r17, 0xFF	; 255
     728:	ce 01       	movw	r24, r28
     72a:	05 96       	adiw	r24, 0x05	; 5
     72c:	b8 01       	movw	r22, r16
     72e:	0e 94 d2 04 	call	0x9a4	; 0x9a4 <__unpack_f>
     732:	89 85       	ldd	r24, Y+9	; 0x09
     734:	82 30       	cpi	r24, 0x02	; 2
     736:	40 f0       	brcs	.+16     	; 0x748 <__ltsf2+0x56>
     738:	89 89       	ldd	r24, Y+17	; 0x11
     73a:	82 30       	cpi	r24, 0x02	; 2
     73c:	28 f0       	brcs	.+10     	; 0x748 <__ltsf2+0x56>
     73e:	c7 01       	movw	r24, r14
     740:	b8 01       	movw	r22, r16
     742:	0e 94 4a 05 	call	0xa94	; 0xa94 <__fpcmp_parts_f>
     746:	01 c0       	rjmp	.+2      	; 0x74a <__ltsf2+0x58>
     748:	81 e0       	ldi	r24, 0x01	; 1
     74a:	68 96       	adiw	r28, 0x18	; 24
     74c:	e6 e0       	ldi	r30, 0x06	; 6
     74e:	0c 94 53 0c 	jmp	0x18a6	; 0x18a6 <__epilogue_restores__+0x18>

00000752 <__fixsfsi>:
     752:	ac e0       	ldi	r26, 0x0C	; 12
     754:	b0 e0       	ldi	r27, 0x00	; 0
     756:	ef ea       	ldi	r30, 0xAF	; 175
     758:	f3 e0       	ldi	r31, 0x03	; 3
     75a:	0c 94 3b 0c 	jmp	0x1876	; 0x1876 <__prologue_saves__+0x20>
     75e:	69 83       	std	Y+1, r22	; 0x01
     760:	7a 83       	std	Y+2, r23	; 0x02
     762:	8b 83       	std	Y+3, r24	; 0x03
     764:	9c 83       	std	Y+4, r25	; 0x04
     766:	ce 01       	movw	r24, r28
     768:	01 96       	adiw	r24, 0x01	; 1
     76a:	be 01       	movw	r22, r28
     76c:	6b 5f       	subi	r22, 0xFB	; 251
     76e:	7f 4f       	sbci	r23, 0xFF	; 255
     770:	0e 94 d2 04 	call	0x9a4	; 0x9a4 <__unpack_f>
     774:	8d 81       	ldd	r24, Y+5	; 0x05
     776:	82 30       	cpi	r24, 0x02	; 2
     778:	61 f1       	breq	.+88     	; 0x7d2 <__fixsfsi+0x80>
     77a:	82 30       	cpi	r24, 0x02	; 2
     77c:	50 f1       	brcs	.+84     	; 0x7d2 <__fixsfsi+0x80>
     77e:	84 30       	cpi	r24, 0x04	; 4
     780:	21 f4       	brne	.+8      	; 0x78a <__fixsfsi+0x38>
     782:	8e 81       	ldd	r24, Y+6	; 0x06
     784:	88 23       	and	r24, r24
     786:	51 f1       	breq	.+84     	; 0x7dc <__fixsfsi+0x8a>
     788:	2e c0       	rjmp	.+92     	; 0x7e6 <__fixsfsi+0x94>
     78a:	2f 81       	ldd	r18, Y+7	; 0x07
     78c:	38 85       	ldd	r19, Y+8	; 0x08
     78e:	37 fd       	sbrc	r19, 7
     790:	20 c0       	rjmp	.+64     	; 0x7d2 <__fixsfsi+0x80>
     792:	6e 81       	ldd	r22, Y+6	; 0x06
     794:	2f 31       	cpi	r18, 0x1F	; 31
     796:	31 05       	cpc	r19, r1
     798:	1c f0       	brlt	.+6      	; 0x7a0 <__fixsfsi+0x4e>
     79a:	66 23       	and	r22, r22
     79c:	f9 f0       	breq	.+62     	; 0x7dc <__fixsfsi+0x8a>
     79e:	23 c0       	rjmp	.+70     	; 0x7e6 <__fixsfsi+0x94>
     7a0:	8e e1       	ldi	r24, 0x1E	; 30
     7a2:	90 e0       	ldi	r25, 0x00	; 0
     7a4:	82 1b       	sub	r24, r18
     7a6:	93 0b       	sbc	r25, r19
     7a8:	29 85       	ldd	r18, Y+9	; 0x09
     7aa:	3a 85       	ldd	r19, Y+10	; 0x0a
     7ac:	4b 85       	ldd	r20, Y+11	; 0x0b
     7ae:	5c 85       	ldd	r21, Y+12	; 0x0c
     7b0:	04 c0       	rjmp	.+8      	; 0x7ba <__fixsfsi+0x68>
     7b2:	56 95       	lsr	r21
     7b4:	47 95       	ror	r20
     7b6:	37 95       	ror	r19
     7b8:	27 95       	ror	r18
     7ba:	8a 95       	dec	r24
     7bc:	d2 f7       	brpl	.-12     	; 0x7b2 <__fixsfsi+0x60>
     7be:	66 23       	and	r22, r22
     7c0:	b1 f0       	breq	.+44     	; 0x7ee <__fixsfsi+0x9c>
     7c2:	50 95       	com	r21
     7c4:	40 95       	com	r20
     7c6:	30 95       	com	r19
     7c8:	21 95       	neg	r18
     7ca:	3f 4f       	sbci	r19, 0xFF	; 255
     7cc:	4f 4f       	sbci	r20, 0xFF	; 255
     7ce:	5f 4f       	sbci	r21, 0xFF	; 255
     7d0:	0e c0       	rjmp	.+28     	; 0x7ee <__fixsfsi+0x9c>
     7d2:	20 e0       	ldi	r18, 0x00	; 0
     7d4:	30 e0       	ldi	r19, 0x00	; 0
     7d6:	40 e0       	ldi	r20, 0x00	; 0
     7d8:	50 e0       	ldi	r21, 0x00	; 0
     7da:	09 c0       	rjmp	.+18     	; 0x7ee <__fixsfsi+0x9c>
     7dc:	2f ef       	ldi	r18, 0xFF	; 255
     7de:	3f ef       	ldi	r19, 0xFF	; 255
     7e0:	4f ef       	ldi	r20, 0xFF	; 255
     7e2:	5f e7       	ldi	r21, 0x7F	; 127
     7e4:	04 c0       	rjmp	.+8      	; 0x7ee <__fixsfsi+0x9c>
     7e6:	20 e0       	ldi	r18, 0x00	; 0
     7e8:	30 e0       	ldi	r19, 0x00	; 0
     7ea:	40 e0       	ldi	r20, 0x00	; 0
     7ec:	50 e8       	ldi	r21, 0x80	; 128
     7ee:	b9 01       	movw	r22, r18
     7f0:	ca 01       	movw	r24, r20
     7f2:	2c 96       	adiw	r28, 0x0c	; 12
     7f4:	e2 e0       	ldi	r30, 0x02	; 2
     7f6:	0c 94 57 0c 	jmp	0x18ae	; 0x18ae <__epilogue_restores__+0x20>

000007fa <__pack_f>:
     7fa:	df 92       	push	r13
     7fc:	ef 92       	push	r14
     7fe:	ff 92       	push	r15
     800:	0f 93       	push	r16
     802:	1f 93       	push	r17
     804:	fc 01       	movw	r30, r24
     806:	e4 80       	ldd	r14, Z+4	; 0x04
     808:	f5 80       	ldd	r15, Z+5	; 0x05
     80a:	06 81       	ldd	r16, Z+6	; 0x06
     80c:	17 81       	ldd	r17, Z+7	; 0x07
     80e:	d1 80       	ldd	r13, Z+1	; 0x01
     810:	80 81       	ld	r24, Z
     812:	82 30       	cpi	r24, 0x02	; 2
     814:	48 f4       	brcc	.+18     	; 0x828 <__pack_f+0x2e>
     816:	80 e0       	ldi	r24, 0x00	; 0
     818:	90 e0       	ldi	r25, 0x00	; 0
     81a:	a0 e1       	ldi	r26, 0x10	; 16
     81c:	b0 e0       	ldi	r27, 0x00	; 0
     81e:	e8 2a       	or	r14, r24
     820:	f9 2a       	or	r15, r25
     822:	0a 2b       	or	r16, r26
     824:	1b 2b       	or	r17, r27
     826:	a5 c0       	rjmp	.+330    	; 0x972 <__stack+0x113>
     828:	84 30       	cpi	r24, 0x04	; 4
     82a:	09 f4       	brne	.+2      	; 0x82e <__pack_f+0x34>
     82c:	9f c0       	rjmp	.+318    	; 0x96c <__stack+0x10d>
     82e:	82 30       	cpi	r24, 0x02	; 2
     830:	21 f4       	brne	.+8      	; 0x83a <__pack_f+0x40>
     832:	ee 24       	eor	r14, r14
     834:	ff 24       	eor	r15, r15
     836:	87 01       	movw	r16, r14
     838:	05 c0       	rjmp	.+10     	; 0x844 <__pack_f+0x4a>
     83a:	e1 14       	cp	r14, r1
     83c:	f1 04       	cpc	r15, r1
     83e:	01 05       	cpc	r16, r1
     840:	11 05       	cpc	r17, r1
     842:	19 f4       	brne	.+6      	; 0x84a <__pack_f+0x50>
     844:	e0 e0       	ldi	r30, 0x00	; 0
     846:	f0 e0       	ldi	r31, 0x00	; 0
     848:	96 c0       	rjmp	.+300    	; 0x976 <__stack+0x117>
     84a:	62 81       	ldd	r22, Z+2	; 0x02
     84c:	73 81       	ldd	r23, Z+3	; 0x03
     84e:	9f ef       	ldi	r25, 0xFF	; 255
     850:	62 38       	cpi	r22, 0x82	; 130
     852:	79 07       	cpc	r23, r25
     854:	0c f0       	brlt	.+2      	; 0x858 <__pack_f+0x5e>
     856:	5b c0       	rjmp	.+182    	; 0x90e <__stack+0xaf>
     858:	22 e8       	ldi	r18, 0x82	; 130
     85a:	3f ef       	ldi	r19, 0xFF	; 255
     85c:	26 1b       	sub	r18, r22
     85e:	37 0b       	sbc	r19, r23
     860:	2a 31       	cpi	r18, 0x1A	; 26
     862:	31 05       	cpc	r19, r1
     864:	2c f0       	brlt	.+10     	; 0x870 <__stack+0x11>
     866:	20 e0       	ldi	r18, 0x00	; 0
     868:	30 e0       	ldi	r19, 0x00	; 0
     86a:	40 e0       	ldi	r20, 0x00	; 0
     86c:	50 e0       	ldi	r21, 0x00	; 0
     86e:	2a c0       	rjmp	.+84     	; 0x8c4 <__stack+0x65>
     870:	b8 01       	movw	r22, r16
     872:	a7 01       	movw	r20, r14
     874:	02 2e       	mov	r0, r18
     876:	04 c0       	rjmp	.+8      	; 0x880 <__stack+0x21>
     878:	76 95       	lsr	r23
     87a:	67 95       	ror	r22
     87c:	57 95       	ror	r21
     87e:	47 95       	ror	r20
     880:	0a 94       	dec	r0
     882:	d2 f7       	brpl	.-12     	; 0x878 <__stack+0x19>
     884:	81 e0       	ldi	r24, 0x01	; 1
     886:	90 e0       	ldi	r25, 0x00	; 0
     888:	a0 e0       	ldi	r26, 0x00	; 0
     88a:	b0 e0       	ldi	r27, 0x00	; 0
     88c:	04 c0       	rjmp	.+8      	; 0x896 <__stack+0x37>
     88e:	88 0f       	add	r24, r24
     890:	99 1f       	adc	r25, r25
     892:	aa 1f       	adc	r26, r26
     894:	bb 1f       	adc	r27, r27
     896:	2a 95       	dec	r18
     898:	d2 f7       	brpl	.-12     	; 0x88e <__stack+0x2f>
     89a:	01 97       	sbiw	r24, 0x01	; 1
     89c:	a1 09       	sbc	r26, r1
     89e:	b1 09       	sbc	r27, r1
     8a0:	8e 21       	and	r24, r14
     8a2:	9f 21       	and	r25, r15
     8a4:	a0 23       	and	r26, r16
     8a6:	b1 23       	and	r27, r17
     8a8:	00 97       	sbiw	r24, 0x00	; 0
     8aa:	a1 05       	cpc	r26, r1
     8ac:	b1 05       	cpc	r27, r1
     8ae:	21 f0       	breq	.+8      	; 0x8b8 <__stack+0x59>
     8b0:	81 e0       	ldi	r24, 0x01	; 1
     8b2:	90 e0       	ldi	r25, 0x00	; 0
     8b4:	a0 e0       	ldi	r26, 0x00	; 0
     8b6:	b0 e0       	ldi	r27, 0x00	; 0
     8b8:	9a 01       	movw	r18, r20
     8ba:	ab 01       	movw	r20, r22
     8bc:	28 2b       	or	r18, r24
     8be:	39 2b       	or	r19, r25
     8c0:	4a 2b       	or	r20, r26
     8c2:	5b 2b       	or	r21, r27
     8c4:	da 01       	movw	r26, r20
     8c6:	c9 01       	movw	r24, r18
     8c8:	8f 77       	andi	r24, 0x7F	; 127
     8ca:	90 70       	andi	r25, 0x00	; 0
     8cc:	a0 70       	andi	r26, 0x00	; 0
     8ce:	b0 70       	andi	r27, 0x00	; 0
     8d0:	80 34       	cpi	r24, 0x40	; 64
     8d2:	91 05       	cpc	r25, r1
     8d4:	a1 05       	cpc	r26, r1
     8d6:	b1 05       	cpc	r27, r1
     8d8:	39 f4       	brne	.+14     	; 0x8e8 <__stack+0x89>
     8da:	27 ff       	sbrs	r18, 7
     8dc:	09 c0       	rjmp	.+18     	; 0x8f0 <__stack+0x91>
     8de:	20 5c       	subi	r18, 0xC0	; 192
     8e0:	3f 4f       	sbci	r19, 0xFF	; 255
     8e2:	4f 4f       	sbci	r20, 0xFF	; 255
     8e4:	5f 4f       	sbci	r21, 0xFF	; 255
     8e6:	04 c0       	rjmp	.+8      	; 0x8f0 <__stack+0x91>
     8e8:	21 5c       	subi	r18, 0xC1	; 193
     8ea:	3f 4f       	sbci	r19, 0xFF	; 255
     8ec:	4f 4f       	sbci	r20, 0xFF	; 255
     8ee:	5f 4f       	sbci	r21, 0xFF	; 255
     8f0:	e0 e0       	ldi	r30, 0x00	; 0
     8f2:	f0 e0       	ldi	r31, 0x00	; 0
     8f4:	20 30       	cpi	r18, 0x00	; 0
     8f6:	a0 e0       	ldi	r26, 0x00	; 0
     8f8:	3a 07       	cpc	r19, r26
     8fa:	a0 e0       	ldi	r26, 0x00	; 0
     8fc:	4a 07       	cpc	r20, r26
     8fe:	a0 e4       	ldi	r26, 0x40	; 64
     900:	5a 07       	cpc	r21, r26
     902:	10 f0       	brcs	.+4      	; 0x908 <__stack+0xa9>
     904:	e1 e0       	ldi	r30, 0x01	; 1
     906:	f0 e0       	ldi	r31, 0x00	; 0
     908:	79 01       	movw	r14, r18
     90a:	8a 01       	movw	r16, r20
     90c:	27 c0       	rjmp	.+78     	; 0x95c <__stack+0xfd>
     90e:	60 38       	cpi	r22, 0x80	; 128
     910:	71 05       	cpc	r23, r1
     912:	64 f5       	brge	.+88     	; 0x96c <__stack+0x10d>
     914:	fb 01       	movw	r30, r22
     916:	e1 58       	subi	r30, 0x81	; 129
     918:	ff 4f       	sbci	r31, 0xFF	; 255
     91a:	d8 01       	movw	r26, r16
     91c:	c7 01       	movw	r24, r14
     91e:	8f 77       	andi	r24, 0x7F	; 127
     920:	90 70       	andi	r25, 0x00	; 0
     922:	a0 70       	andi	r26, 0x00	; 0
     924:	b0 70       	andi	r27, 0x00	; 0
     926:	80 34       	cpi	r24, 0x40	; 64
     928:	91 05       	cpc	r25, r1
     92a:	a1 05       	cpc	r26, r1
     92c:	b1 05       	cpc	r27, r1
     92e:	39 f4       	brne	.+14     	; 0x93e <__stack+0xdf>
     930:	e7 fe       	sbrs	r14, 7
     932:	0d c0       	rjmp	.+26     	; 0x94e <__stack+0xef>
     934:	80 e4       	ldi	r24, 0x40	; 64
     936:	90 e0       	ldi	r25, 0x00	; 0
     938:	a0 e0       	ldi	r26, 0x00	; 0
     93a:	b0 e0       	ldi	r27, 0x00	; 0
     93c:	04 c0       	rjmp	.+8      	; 0x946 <__stack+0xe7>
     93e:	8f e3       	ldi	r24, 0x3F	; 63
     940:	90 e0       	ldi	r25, 0x00	; 0
     942:	a0 e0       	ldi	r26, 0x00	; 0
     944:	b0 e0       	ldi	r27, 0x00	; 0
     946:	e8 0e       	add	r14, r24
     948:	f9 1e       	adc	r15, r25
     94a:	0a 1f       	adc	r16, r26
     94c:	1b 1f       	adc	r17, r27
     94e:	17 ff       	sbrs	r17, 7
     950:	05 c0       	rjmp	.+10     	; 0x95c <__stack+0xfd>
     952:	16 95       	lsr	r17
     954:	07 95       	ror	r16
     956:	f7 94       	ror	r15
     958:	e7 94       	ror	r14
     95a:	31 96       	adiw	r30, 0x01	; 1
     95c:	87 e0       	ldi	r24, 0x07	; 7
     95e:	16 95       	lsr	r17
     960:	07 95       	ror	r16
     962:	f7 94       	ror	r15
     964:	e7 94       	ror	r14
     966:	8a 95       	dec	r24
     968:	d1 f7       	brne	.-12     	; 0x95e <__stack+0xff>
     96a:	05 c0       	rjmp	.+10     	; 0x976 <__stack+0x117>
     96c:	ee 24       	eor	r14, r14
     96e:	ff 24       	eor	r15, r15
     970:	87 01       	movw	r16, r14
     972:	ef ef       	ldi	r30, 0xFF	; 255
     974:	f0 e0       	ldi	r31, 0x00	; 0
     976:	6e 2f       	mov	r22, r30
     978:	67 95       	ror	r22
     97a:	66 27       	eor	r22, r22
     97c:	67 95       	ror	r22
     97e:	90 2f       	mov	r25, r16
     980:	9f 77       	andi	r25, 0x7F	; 127
     982:	d7 94       	ror	r13
     984:	dd 24       	eor	r13, r13
     986:	d7 94       	ror	r13
     988:	8e 2f       	mov	r24, r30
     98a:	86 95       	lsr	r24
     98c:	49 2f       	mov	r20, r25
     98e:	46 2b       	or	r20, r22
     990:	58 2f       	mov	r21, r24
     992:	5d 29       	or	r21, r13
     994:	b7 01       	movw	r22, r14
     996:	ca 01       	movw	r24, r20
     998:	1f 91       	pop	r17
     99a:	0f 91       	pop	r16
     99c:	ff 90       	pop	r15
     99e:	ef 90       	pop	r14
     9a0:	df 90       	pop	r13
     9a2:	08 95       	ret

000009a4 <__unpack_f>:
     9a4:	fc 01       	movw	r30, r24
     9a6:	db 01       	movw	r26, r22
     9a8:	40 81       	ld	r20, Z
     9aa:	51 81       	ldd	r21, Z+1	; 0x01
     9ac:	22 81       	ldd	r18, Z+2	; 0x02
     9ae:	62 2f       	mov	r22, r18
     9b0:	6f 77       	andi	r22, 0x7F	; 127
     9b2:	70 e0       	ldi	r23, 0x00	; 0
     9b4:	22 1f       	adc	r18, r18
     9b6:	22 27       	eor	r18, r18
     9b8:	22 1f       	adc	r18, r18
     9ba:	93 81       	ldd	r25, Z+3	; 0x03
     9bc:	89 2f       	mov	r24, r25
     9be:	88 0f       	add	r24, r24
     9c0:	82 2b       	or	r24, r18
     9c2:	28 2f       	mov	r18, r24
     9c4:	30 e0       	ldi	r19, 0x00	; 0
     9c6:	99 1f       	adc	r25, r25
     9c8:	99 27       	eor	r25, r25
     9ca:	99 1f       	adc	r25, r25
     9cc:	11 96       	adiw	r26, 0x01	; 1
     9ce:	9c 93       	st	X, r25
     9d0:	11 97       	sbiw	r26, 0x01	; 1
     9d2:	21 15       	cp	r18, r1
     9d4:	31 05       	cpc	r19, r1
     9d6:	a9 f5       	brne	.+106    	; 0xa42 <__unpack_f+0x9e>
     9d8:	41 15       	cp	r20, r1
     9da:	51 05       	cpc	r21, r1
     9dc:	61 05       	cpc	r22, r1
     9de:	71 05       	cpc	r23, r1
     9e0:	11 f4       	brne	.+4      	; 0x9e6 <__unpack_f+0x42>
     9e2:	82 e0       	ldi	r24, 0x02	; 2
     9e4:	37 c0       	rjmp	.+110    	; 0xa54 <__unpack_f+0xb0>
     9e6:	82 e8       	ldi	r24, 0x82	; 130
     9e8:	9f ef       	ldi	r25, 0xFF	; 255
     9ea:	13 96       	adiw	r26, 0x03	; 3
     9ec:	9c 93       	st	X, r25
     9ee:	8e 93       	st	-X, r24
     9f0:	12 97       	sbiw	r26, 0x02	; 2
     9f2:	9a 01       	movw	r18, r20
     9f4:	ab 01       	movw	r20, r22
     9f6:	67 e0       	ldi	r22, 0x07	; 7
     9f8:	22 0f       	add	r18, r18
     9fa:	33 1f       	adc	r19, r19
     9fc:	44 1f       	adc	r20, r20
     9fe:	55 1f       	adc	r21, r21
     a00:	6a 95       	dec	r22
     a02:	d1 f7       	brne	.-12     	; 0x9f8 <__unpack_f+0x54>
     a04:	83 e0       	ldi	r24, 0x03	; 3
     a06:	8c 93       	st	X, r24
     a08:	0d c0       	rjmp	.+26     	; 0xa24 <__unpack_f+0x80>
     a0a:	22 0f       	add	r18, r18
     a0c:	33 1f       	adc	r19, r19
     a0e:	44 1f       	adc	r20, r20
     a10:	55 1f       	adc	r21, r21
     a12:	12 96       	adiw	r26, 0x02	; 2
     a14:	8d 91       	ld	r24, X+
     a16:	9c 91       	ld	r25, X
     a18:	13 97       	sbiw	r26, 0x03	; 3
     a1a:	01 97       	sbiw	r24, 0x01	; 1
     a1c:	13 96       	adiw	r26, 0x03	; 3
     a1e:	9c 93       	st	X, r25
     a20:	8e 93       	st	-X, r24
     a22:	12 97       	sbiw	r26, 0x02	; 2
     a24:	20 30       	cpi	r18, 0x00	; 0
     a26:	80 e0       	ldi	r24, 0x00	; 0
     a28:	38 07       	cpc	r19, r24
     a2a:	80 e0       	ldi	r24, 0x00	; 0
     a2c:	48 07       	cpc	r20, r24
     a2e:	80 e4       	ldi	r24, 0x40	; 64
     a30:	58 07       	cpc	r21, r24
     a32:	58 f3       	brcs	.-42     	; 0xa0a <__unpack_f+0x66>
     a34:	14 96       	adiw	r26, 0x04	; 4
     a36:	2d 93       	st	X+, r18
     a38:	3d 93       	st	X+, r19
     a3a:	4d 93       	st	X+, r20
     a3c:	5c 93       	st	X, r21
     a3e:	17 97       	sbiw	r26, 0x07	; 7
     a40:	08 95       	ret
     a42:	2f 3f       	cpi	r18, 0xFF	; 255
     a44:	31 05       	cpc	r19, r1
     a46:	79 f4       	brne	.+30     	; 0xa66 <__unpack_f+0xc2>
     a48:	41 15       	cp	r20, r1
     a4a:	51 05       	cpc	r21, r1
     a4c:	61 05       	cpc	r22, r1
     a4e:	71 05       	cpc	r23, r1
     a50:	19 f4       	brne	.+6      	; 0xa58 <__unpack_f+0xb4>
     a52:	84 e0       	ldi	r24, 0x04	; 4
     a54:	8c 93       	st	X, r24
     a56:	08 95       	ret
     a58:	64 ff       	sbrs	r22, 4
     a5a:	03 c0       	rjmp	.+6      	; 0xa62 <__unpack_f+0xbe>
     a5c:	81 e0       	ldi	r24, 0x01	; 1
     a5e:	8c 93       	st	X, r24
     a60:	12 c0       	rjmp	.+36     	; 0xa86 <__unpack_f+0xe2>
     a62:	1c 92       	st	X, r1
     a64:	10 c0       	rjmp	.+32     	; 0xa86 <__unpack_f+0xe2>
     a66:	2f 57       	subi	r18, 0x7F	; 127
     a68:	30 40       	sbci	r19, 0x00	; 0
     a6a:	13 96       	adiw	r26, 0x03	; 3
     a6c:	3c 93       	st	X, r19
     a6e:	2e 93       	st	-X, r18
     a70:	12 97       	sbiw	r26, 0x02	; 2
     a72:	83 e0       	ldi	r24, 0x03	; 3
     a74:	8c 93       	st	X, r24
     a76:	87 e0       	ldi	r24, 0x07	; 7
     a78:	44 0f       	add	r20, r20
     a7a:	55 1f       	adc	r21, r21
     a7c:	66 1f       	adc	r22, r22
     a7e:	77 1f       	adc	r23, r23
     a80:	8a 95       	dec	r24
     a82:	d1 f7       	brne	.-12     	; 0xa78 <__unpack_f+0xd4>
     a84:	70 64       	ori	r23, 0x40	; 64
     a86:	14 96       	adiw	r26, 0x04	; 4
     a88:	4d 93       	st	X+, r20
     a8a:	5d 93       	st	X+, r21
     a8c:	6d 93       	st	X+, r22
     a8e:	7c 93       	st	X, r23
     a90:	17 97       	sbiw	r26, 0x07	; 7
     a92:	08 95       	ret

00000a94 <__fpcmp_parts_f>:
     a94:	1f 93       	push	r17
     a96:	dc 01       	movw	r26, r24
     a98:	fb 01       	movw	r30, r22
     a9a:	9c 91       	ld	r25, X
     a9c:	92 30       	cpi	r25, 0x02	; 2
     a9e:	08 f4       	brcc	.+2      	; 0xaa2 <__fpcmp_parts_f+0xe>
     aa0:	47 c0       	rjmp	.+142    	; 0xb30 <__fpcmp_parts_f+0x9c>
     aa2:	80 81       	ld	r24, Z
     aa4:	82 30       	cpi	r24, 0x02	; 2
     aa6:	08 f4       	brcc	.+2      	; 0xaaa <__fpcmp_parts_f+0x16>
     aa8:	43 c0       	rjmp	.+134    	; 0xb30 <__fpcmp_parts_f+0x9c>
     aaa:	94 30       	cpi	r25, 0x04	; 4
     aac:	51 f4       	brne	.+20     	; 0xac2 <__fpcmp_parts_f+0x2e>
     aae:	11 96       	adiw	r26, 0x01	; 1
     ab0:	1c 91       	ld	r17, X
     ab2:	84 30       	cpi	r24, 0x04	; 4
     ab4:	99 f5       	brne	.+102    	; 0xb1c <__fpcmp_parts_f+0x88>
     ab6:	81 81       	ldd	r24, Z+1	; 0x01
     ab8:	68 2f       	mov	r22, r24
     aba:	70 e0       	ldi	r23, 0x00	; 0
     abc:	61 1b       	sub	r22, r17
     abe:	71 09       	sbc	r23, r1
     ac0:	3f c0       	rjmp	.+126    	; 0xb40 <__fpcmp_parts_f+0xac>
     ac2:	84 30       	cpi	r24, 0x04	; 4
     ac4:	21 f0       	breq	.+8      	; 0xace <__fpcmp_parts_f+0x3a>
     ac6:	92 30       	cpi	r25, 0x02	; 2
     ac8:	31 f4       	brne	.+12     	; 0xad6 <__fpcmp_parts_f+0x42>
     aca:	82 30       	cpi	r24, 0x02	; 2
     acc:	b9 f1       	breq	.+110    	; 0xb3c <__fpcmp_parts_f+0xa8>
     ace:	81 81       	ldd	r24, Z+1	; 0x01
     ad0:	88 23       	and	r24, r24
     ad2:	89 f1       	breq	.+98     	; 0xb36 <__fpcmp_parts_f+0xa2>
     ad4:	2d c0       	rjmp	.+90     	; 0xb30 <__fpcmp_parts_f+0x9c>
     ad6:	11 96       	adiw	r26, 0x01	; 1
     ad8:	1c 91       	ld	r17, X
     ada:	11 97       	sbiw	r26, 0x01	; 1
     adc:	82 30       	cpi	r24, 0x02	; 2
     ade:	f1 f0       	breq	.+60     	; 0xb1c <__fpcmp_parts_f+0x88>
     ae0:	81 81       	ldd	r24, Z+1	; 0x01
     ae2:	18 17       	cp	r17, r24
     ae4:	d9 f4       	brne	.+54     	; 0xb1c <__fpcmp_parts_f+0x88>
     ae6:	12 96       	adiw	r26, 0x02	; 2
     ae8:	2d 91       	ld	r18, X+
     aea:	3c 91       	ld	r19, X
     aec:	13 97       	sbiw	r26, 0x03	; 3
     aee:	82 81       	ldd	r24, Z+2	; 0x02
     af0:	93 81       	ldd	r25, Z+3	; 0x03
     af2:	82 17       	cp	r24, r18
     af4:	93 07       	cpc	r25, r19
     af6:	94 f0       	brlt	.+36     	; 0xb1c <__fpcmp_parts_f+0x88>
     af8:	28 17       	cp	r18, r24
     afa:	39 07       	cpc	r19, r25
     afc:	bc f0       	brlt	.+46     	; 0xb2c <__fpcmp_parts_f+0x98>
     afe:	14 96       	adiw	r26, 0x04	; 4
     b00:	8d 91       	ld	r24, X+
     b02:	9d 91       	ld	r25, X+
     b04:	0d 90       	ld	r0, X+
     b06:	bc 91       	ld	r27, X
     b08:	a0 2d       	mov	r26, r0
     b0a:	24 81       	ldd	r18, Z+4	; 0x04
     b0c:	35 81       	ldd	r19, Z+5	; 0x05
     b0e:	46 81       	ldd	r20, Z+6	; 0x06
     b10:	57 81       	ldd	r21, Z+7	; 0x07
     b12:	28 17       	cp	r18, r24
     b14:	39 07       	cpc	r19, r25
     b16:	4a 07       	cpc	r20, r26
     b18:	5b 07       	cpc	r21, r27
     b1a:	18 f4       	brcc	.+6      	; 0xb22 <__fpcmp_parts_f+0x8e>
     b1c:	11 23       	and	r17, r17
     b1e:	41 f0       	breq	.+16     	; 0xb30 <__fpcmp_parts_f+0x9c>
     b20:	0a c0       	rjmp	.+20     	; 0xb36 <__fpcmp_parts_f+0xa2>
     b22:	82 17       	cp	r24, r18
     b24:	93 07       	cpc	r25, r19
     b26:	a4 07       	cpc	r26, r20
     b28:	b5 07       	cpc	r27, r21
     b2a:	40 f4       	brcc	.+16     	; 0xb3c <__fpcmp_parts_f+0xa8>
     b2c:	11 23       	and	r17, r17
     b2e:	19 f0       	breq	.+6      	; 0xb36 <__fpcmp_parts_f+0xa2>
     b30:	61 e0       	ldi	r22, 0x01	; 1
     b32:	70 e0       	ldi	r23, 0x00	; 0
     b34:	05 c0       	rjmp	.+10     	; 0xb40 <__fpcmp_parts_f+0xac>
     b36:	6f ef       	ldi	r22, 0xFF	; 255
     b38:	7f ef       	ldi	r23, 0xFF	; 255
     b3a:	02 c0       	rjmp	.+4      	; 0xb40 <__fpcmp_parts_f+0xac>
     b3c:	60 e0       	ldi	r22, 0x00	; 0
     b3e:	70 e0       	ldi	r23, 0x00	; 0
     b40:	cb 01       	movw	r24, r22
     b42:	1f 91       	pop	r17
     b44:	08 95       	ret

00000b46 <DIO_SelectDirectionForPin>:
#include "../../Common/BitMath.h"
#include "DIO_Interface.h"
#include "DIO_Private.h"

void DIO_SelectDirectionForPin(uint8_t GroupName, uint8_t PinNo, uint8_t Direction)
{
     b46:	df 93       	push	r29
     b48:	cf 93       	push	r28
     b4a:	cd b7       	in	r28, 0x3d	; 61
     b4c:	de b7       	in	r29, 0x3e	; 62
     b4e:	27 97       	sbiw	r28, 0x07	; 7
     b50:	0f b6       	in	r0, 0x3f	; 63
     b52:	f8 94       	cli
     b54:	de bf       	out	0x3e, r29	; 62
     b56:	0f be       	out	0x3f, r0	; 63
     b58:	cd bf       	out	0x3d, r28	; 61
     b5a:	8b 83       	std	Y+3, r24	; 0x03
     b5c:	6c 83       	std	Y+4, r22	; 0x04
     b5e:	4d 83       	std	Y+5, r20	; 0x05
	volatile uint8_t *ptr = 0;
     b60:	1a 82       	std	Y+2, r1	; 0x02
     b62:	19 82       	std	Y+1, r1	; 0x01

	//if(GroupName<=DIO_GroupD && GroupName>=DIO_GroupA){ because i will check at group  name at switch case
		//if(PinNo>=DIO_pin0 && PinNo<=DIO_pin7){ because its unsigned positive only
		if(PinNo<=DIO_pin7)
     b64:	8c 81       	ldd	r24, Y+4	; 0x04
     b66:	88 30       	cpi	r24, 0x08	; 8
     b68:	08 f0       	brcs	.+2      	; 0xb6c <DIO_SelectDirectionForPin+0x26>
     b6a:	61 c0       	rjmp	.+194    	; 0xc2e <DIO_SelectDirectionForPin+0xe8>
		{
			switch(GroupName)
     b6c:	8b 81       	ldd	r24, Y+3	; 0x03
     b6e:	28 2f       	mov	r18, r24
     b70:	30 e0       	ldi	r19, 0x00	; 0
     b72:	3f 83       	std	Y+7, r19	; 0x07
     b74:	2e 83       	std	Y+6, r18	; 0x06
     b76:	8e 81       	ldd	r24, Y+6	; 0x06
     b78:	9f 81       	ldd	r25, Y+7	; 0x07
     b7a:	82 30       	cpi	r24, 0x02	; 2
     b7c:	91 05       	cpc	r25, r1
     b7e:	d9 f0       	breq	.+54     	; 0xbb6 <DIO_SelectDirectionForPin+0x70>
     b80:	2e 81       	ldd	r18, Y+6	; 0x06
     b82:	3f 81       	ldd	r19, Y+7	; 0x07
     b84:	23 30       	cpi	r18, 0x03	; 3
     b86:	31 05       	cpc	r19, r1
     b88:	34 f4       	brge	.+12     	; 0xb96 <DIO_SelectDirectionForPin+0x50>
     b8a:	8e 81       	ldd	r24, Y+6	; 0x06
     b8c:	9f 81       	ldd	r25, Y+7	; 0x07
     b8e:	81 30       	cpi	r24, 0x01	; 1
     b90:	91 05       	cpc	r25, r1
     b92:	61 f0       	breq	.+24     	; 0xbac <DIO_SelectDirectionForPin+0x66>
     b94:	4c c0       	rjmp	.+152    	; 0xc2e <DIO_SelectDirectionForPin+0xe8>
     b96:	2e 81       	ldd	r18, Y+6	; 0x06
     b98:	3f 81       	ldd	r19, Y+7	; 0x07
     b9a:	23 30       	cpi	r18, 0x03	; 3
     b9c:	31 05       	cpc	r19, r1
     b9e:	81 f0       	breq	.+32     	; 0xbc0 <DIO_SelectDirectionForPin+0x7a>
     ba0:	8e 81       	ldd	r24, Y+6	; 0x06
     ba2:	9f 81       	ldd	r25, Y+7	; 0x07
     ba4:	84 30       	cpi	r24, 0x04	; 4
     ba6:	91 05       	cpc	r25, r1
     ba8:	81 f0       	breq	.+32     	; 0xbca <DIO_SelectDirectionForPin+0x84>
     baa:	41 c0       	rjmp	.+130    	; 0xc2e <DIO_SelectDirectionForPin+0xe8>
			{
				case DIO_GroupA: ptr=&DDRA_Reg; break;      //clear(DDRA_Reg, PinNo); break;//here
     bac:	8a e3       	ldi	r24, 0x3A	; 58
     bae:	90 e0       	ldi	r25, 0x00	; 0
     bb0:	9a 83       	std	Y+2, r25	; 0x02
     bb2:	89 83       	std	Y+1, r24	; 0x01
     bb4:	0e c0       	rjmp	.+28     	; 0xbd2 <DIO_SelectDirectionForPin+0x8c>
				case DIO_GroupB: ptr=&DDRB_Reg; break;      // clear(DDRB_Reg, PinNo); break;
     bb6:	87 e3       	ldi	r24, 0x37	; 55
     bb8:	90 e0       	ldi	r25, 0x00	; 0
     bba:	9a 83       	std	Y+2, r25	; 0x02
     bbc:	89 83       	std	Y+1, r24	; 0x01
     bbe:	09 c0       	rjmp	.+18     	; 0xbd2 <DIO_SelectDirectionForPin+0x8c>
				case DIO_GroupC: ptr=&DDRC_Reg; break;      //clear(DDRC_Reg, PinNo); break;
     bc0:	84 e3       	ldi	r24, 0x34	; 52
     bc2:	90 e0       	ldi	r25, 0x00	; 0
     bc4:	9a 83       	std	Y+2, r25	; 0x02
     bc6:	89 83       	std	Y+1, r24	; 0x01
     bc8:	04 c0       	rjmp	.+8      	; 0xbd2 <DIO_SelectDirectionForPin+0x8c>
				case DIO_GroupD: ptr=&DDRD_Reg; break;      //clear(DDRD_Reg, PinNo); break;
     bca:	81 e3       	ldi	r24, 0x31	; 49
     bcc:	90 e0       	ldi	r25, 0x00	; 0
     bce:	9a 83       	std	Y+2, r25	; 0x02
     bd0:	89 83       	std	Y+1, r24	; 0x01
				default: return;/*error code*/
			}

			if(Direction==DIO_Input)
     bd2:	8d 81       	ldd	r24, Y+5	; 0x05
     bd4:	88 23       	and	r24, r24
     bd6:	a9 f4       	brne	.+42     	; 0xc02 <DIO_SelectDirectionForPin+0xbc>
			{
				clear(*ptr, PinNo);
     bd8:	e9 81       	ldd	r30, Y+1	; 0x01
     bda:	fa 81       	ldd	r31, Y+2	; 0x02
     bdc:	80 81       	ld	r24, Z
     bde:	48 2f       	mov	r20, r24
     be0:	8c 81       	ldd	r24, Y+4	; 0x04
     be2:	28 2f       	mov	r18, r24
     be4:	30 e0       	ldi	r19, 0x00	; 0
     be6:	81 e0       	ldi	r24, 0x01	; 1
     be8:	90 e0       	ldi	r25, 0x00	; 0
     bea:	02 2e       	mov	r0, r18
     bec:	02 c0       	rjmp	.+4      	; 0xbf2 <DIO_SelectDirectionForPin+0xac>
     bee:	88 0f       	add	r24, r24
     bf0:	99 1f       	adc	r25, r25
     bf2:	0a 94       	dec	r0
     bf4:	e2 f7       	brpl	.-8      	; 0xbee <DIO_SelectDirectionForPin+0xa8>
     bf6:	80 95       	com	r24
     bf8:	84 23       	and	r24, r20
     bfa:	e9 81       	ldd	r30, Y+1	; 0x01
     bfc:	fa 81       	ldd	r31, Y+2	; 0x02
     bfe:	80 83       	st	Z, r24
     c00:	16 c0       	rjmp	.+44     	; 0xc2e <DIO_SelectDirectionForPin+0xe8>
			}
			else if(Direction==DIO_Output)
     c02:	8d 81       	ldd	r24, Y+5	; 0x05
     c04:	81 30       	cpi	r24, 0x01	; 1
     c06:	99 f4       	brne	.+38     	; 0xc2e <DIO_SelectDirectionForPin+0xe8>
				  case DIO_GroupB: set(DDRB_Reg, PinNo); break;
				  case DIO_GroupC: set(DDRC_Reg, PinNo); break;
				  case DIO_GroupD: set(DDRD_Reg, PinNo); break;

								}*/
				set(*ptr, PinNo);
     c08:	e9 81       	ldd	r30, Y+1	; 0x01
     c0a:	fa 81       	ldd	r31, Y+2	; 0x02
     c0c:	80 81       	ld	r24, Z
     c0e:	48 2f       	mov	r20, r24
     c10:	8c 81       	ldd	r24, Y+4	; 0x04
     c12:	28 2f       	mov	r18, r24
     c14:	30 e0       	ldi	r19, 0x00	; 0
     c16:	81 e0       	ldi	r24, 0x01	; 1
     c18:	90 e0       	ldi	r25, 0x00	; 0
     c1a:	02 2e       	mov	r0, r18
     c1c:	02 c0       	rjmp	.+4      	; 0xc22 <DIO_SelectDirectionForPin+0xdc>
     c1e:	88 0f       	add	r24, r24
     c20:	99 1f       	adc	r25, r25
     c22:	0a 94       	dec	r0
     c24:	e2 f7       	brpl	.-8      	; 0xc1e <DIO_SelectDirectionForPin+0xd8>
     c26:	84 2b       	or	r24, r20
     c28:	e9 81       	ldd	r30, Y+1	; 0x01
     c2a:	fa 81       	ldd	r31, Y+2	; 0x02
     c2c:	80 83       	st	Z, r24
			else
			{
				return;//error code
			}
		}
	}
     c2e:	27 96       	adiw	r28, 0x07	; 7
     c30:	0f b6       	in	r0, 0x3f	; 63
     c32:	f8 94       	cli
     c34:	de bf       	out	0x3e, r29	; 62
     c36:	0f be       	out	0x3f, r0	; 63
     c38:	cd bf       	out	0x3d, r28	; 61
     c3a:	cf 91       	pop	r28
     c3c:	df 91       	pop	r29
     c3e:	08 95       	ret

00000c40 <DIO_SelectDirectionForAll>:
//}


void DIO_SelectDirectionForAll(uint8_t GroupName , uint8_t Direction){
     c40:	df 93       	push	r29
     c42:	cf 93       	push	r28
     c44:	00 d0       	rcall	.+0      	; 0xc46 <DIO_SelectDirectionForAll+0x6>
     c46:	00 d0       	rcall	.+0      	; 0xc48 <DIO_SelectDirectionForAll+0x8>
     c48:	cd b7       	in	r28, 0x3d	; 61
     c4a:	de b7       	in	r29, 0x3e	; 62
     c4c:	89 83       	std	Y+1, r24	; 0x01
     c4e:	6a 83       	std	Y+2, r22	; 0x02

	switch(GroupName)
     c50:	89 81       	ldd	r24, Y+1	; 0x01
     c52:	28 2f       	mov	r18, r24
     c54:	30 e0       	ldi	r19, 0x00	; 0
     c56:	3c 83       	std	Y+4, r19	; 0x04
     c58:	2b 83       	std	Y+3, r18	; 0x03
     c5a:	8b 81       	ldd	r24, Y+3	; 0x03
     c5c:	9c 81       	ldd	r25, Y+4	; 0x04
     c5e:	82 30       	cpi	r24, 0x02	; 2
     c60:	91 05       	cpc	r25, r1
     c62:	d9 f0       	breq	.+54     	; 0xc9a <DIO_SelectDirectionForAll+0x5a>
     c64:	2b 81       	ldd	r18, Y+3	; 0x03
     c66:	3c 81       	ldd	r19, Y+4	; 0x04
     c68:	23 30       	cpi	r18, 0x03	; 3
     c6a:	31 05       	cpc	r19, r1
     c6c:	34 f4       	brge	.+12     	; 0xc7a <DIO_SelectDirectionForAll+0x3a>
     c6e:	8b 81       	ldd	r24, Y+3	; 0x03
     c70:	9c 81       	ldd	r25, Y+4	; 0x04
     c72:	81 30       	cpi	r24, 0x01	; 1
     c74:	91 05       	cpc	r25, r1
     c76:	61 f0       	breq	.+24     	; 0xc90 <DIO_SelectDirectionForAll+0x50>
     c78:	1e c0       	rjmp	.+60     	; 0xcb6 <DIO_SelectDirectionForAll+0x76>
     c7a:	2b 81       	ldd	r18, Y+3	; 0x03
     c7c:	3c 81       	ldd	r19, Y+4	; 0x04
     c7e:	23 30       	cpi	r18, 0x03	; 3
     c80:	31 05       	cpc	r19, r1
     c82:	81 f0       	breq	.+32     	; 0xca4 <DIO_SelectDirectionForAll+0x64>
     c84:	8b 81       	ldd	r24, Y+3	; 0x03
     c86:	9c 81       	ldd	r25, Y+4	; 0x04
     c88:	84 30       	cpi	r24, 0x04	; 4
     c8a:	91 05       	cpc	r25, r1
     c8c:	81 f0       	breq	.+32     	; 0xcae <DIO_SelectDirectionForAll+0x6e>
     c8e:	13 c0       	rjmp	.+38     	; 0xcb6 <DIO_SelectDirectionForAll+0x76>
				{
					case DIO_GroupA: DDRA_Reg=Direction; break;      //clear(DDRA_Reg, PinNo); break;//here
     c90:	ea e3       	ldi	r30, 0x3A	; 58
     c92:	f0 e0       	ldi	r31, 0x00	; 0
     c94:	8a 81       	ldd	r24, Y+2	; 0x02
     c96:	80 83       	st	Z, r24
     c98:	0e c0       	rjmp	.+28     	; 0xcb6 <DIO_SelectDirectionForAll+0x76>
					case DIO_GroupB: DDRB_Reg=Direction; break;      // clear(DDRB_Reg, PinNo); break;
     c9a:	e7 e3       	ldi	r30, 0x37	; 55
     c9c:	f0 e0       	ldi	r31, 0x00	; 0
     c9e:	8a 81       	ldd	r24, Y+2	; 0x02
     ca0:	80 83       	st	Z, r24
     ca2:	09 c0       	rjmp	.+18     	; 0xcb6 <DIO_SelectDirectionForAll+0x76>
					case DIO_GroupC: DDRC_Reg=Direction; break;      //clear(DDRC_Reg, PinNo); break;
     ca4:	e4 e3       	ldi	r30, 0x34	; 52
     ca6:	f0 e0       	ldi	r31, 0x00	; 0
     ca8:	8a 81       	ldd	r24, Y+2	; 0x02
     caa:	80 83       	st	Z, r24
     cac:	04 c0       	rjmp	.+8      	; 0xcb6 <DIO_SelectDirectionForAll+0x76>
					case DIO_GroupD: DDRD_Reg=Direction; break;      //clear(DDRD_Reg, PinNo); break;
     cae:	e1 e3       	ldi	r30, 0x31	; 49
     cb0:	f0 e0       	ldi	r31, 0x00	; 0
     cb2:	8a 81       	ldd	r24, Y+2	; 0x02
     cb4:	80 83       	st	Z, r24
					default: return;/*error code*/
				}

}
     cb6:	0f 90       	pop	r0
     cb8:	0f 90       	pop	r0
     cba:	0f 90       	pop	r0
     cbc:	0f 90       	pop	r0
     cbe:	cf 91       	pop	r28
     cc0:	df 91       	pop	r29
     cc2:	08 95       	ret

00000cc4 <DIO_WriteValueForPin>:

void DIO_WriteValueForPin(uint8_t GroupName,uint8_t PinNo , uint8_t OutputValue){
     cc4:	df 93       	push	r29
     cc6:	cf 93       	push	r28
     cc8:	cd b7       	in	r28, 0x3d	; 61
     cca:	de b7       	in	r29, 0x3e	; 62
     ccc:	27 97       	sbiw	r28, 0x07	; 7
     cce:	0f b6       	in	r0, 0x3f	; 63
     cd0:	f8 94       	cli
     cd2:	de bf       	out	0x3e, r29	; 62
     cd4:	0f be       	out	0x3f, r0	; 63
     cd6:	cd bf       	out	0x3d, r28	; 61
     cd8:	8b 83       	std	Y+3, r24	; 0x03
     cda:	6c 83       	std	Y+4, r22	; 0x04
     cdc:	4d 83       	std	Y+5, r20	; 0x05

	volatile uint8_t *ptr= 0;
     cde:	1a 82       	std	Y+2, r1	; 0x02
     ce0:	19 82       	std	Y+1, r1	; 0x01
	if(PinNo<=DIO_pin7)
     ce2:	8c 81       	ldd	r24, Y+4	; 0x04
     ce4:	88 30       	cpi	r24, 0x08	; 8
     ce6:	08 f0       	brcs	.+2      	; 0xcea <DIO_WriteValueForPin+0x26>
     ce8:	61 c0       	rjmp	.+194    	; 0xdac <DIO_WriteValueForPin+0xe8>
	{
		switch(GroupName)
     cea:	8b 81       	ldd	r24, Y+3	; 0x03
     cec:	28 2f       	mov	r18, r24
     cee:	30 e0       	ldi	r19, 0x00	; 0
     cf0:	3f 83       	std	Y+7, r19	; 0x07
     cf2:	2e 83       	std	Y+6, r18	; 0x06
     cf4:	8e 81       	ldd	r24, Y+6	; 0x06
     cf6:	9f 81       	ldd	r25, Y+7	; 0x07
     cf8:	82 30       	cpi	r24, 0x02	; 2
     cfa:	91 05       	cpc	r25, r1
     cfc:	d9 f0       	breq	.+54     	; 0xd34 <DIO_WriteValueForPin+0x70>
     cfe:	2e 81       	ldd	r18, Y+6	; 0x06
     d00:	3f 81       	ldd	r19, Y+7	; 0x07
     d02:	23 30       	cpi	r18, 0x03	; 3
     d04:	31 05       	cpc	r19, r1
     d06:	34 f4       	brge	.+12     	; 0xd14 <DIO_WriteValueForPin+0x50>
     d08:	8e 81       	ldd	r24, Y+6	; 0x06
     d0a:	9f 81       	ldd	r25, Y+7	; 0x07
     d0c:	81 30       	cpi	r24, 0x01	; 1
     d0e:	91 05       	cpc	r25, r1
     d10:	61 f0       	breq	.+24     	; 0xd2a <DIO_WriteValueForPin+0x66>
     d12:	4c c0       	rjmp	.+152    	; 0xdac <DIO_WriteValueForPin+0xe8>
     d14:	2e 81       	ldd	r18, Y+6	; 0x06
     d16:	3f 81       	ldd	r19, Y+7	; 0x07
     d18:	23 30       	cpi	r18, 0x03	; 3
     d1a:	31 05       	cpc	r19, r1
     d1c:	81 f0       	breq	.+32     	; 0xd3e <DIO_WriteValueForPin+0x7a>
     d1e:	8e 81       	ldd	r24, Y+6	; 0x06
     d20:	9f 81       	ldd	r25, Y+7	; 0x07
     d22:	84 30       	cpi	r24, 0x04	; 4
     d24:	91 05       	cpc	r25, r1
     d26:	81 f0       	breq	.+32     	; 0xd48 <DIO_WriteValueForPin+0x84>
     d28:	41 c0       	rjmp	.+130    	; 0xdac <DIO_WriteValueForPin+0xe8>
					{
						case DIO_GroupA: ptr=&PORTA_Reg; break;      //clear(DDRA_Reg, PinNo); break;//here
     d2a:	8b e3       	ldi	r24, 0x3B	; 59
     d2c:	90 e0       	ldi	r25, 0x00	; 0
     d2e:	9a 83       	std	Y+2, r25	; 0x02
     d30:	89 83       	std	Y+1, r24	; 0x01
     d32:	0e c0       	rjmp	.+28     	; 0xd50 <DIO_WriteValueForPin+0x8c>
						case DIO_GroupB: ptr=&PORTB_Reg;break;      // clear(DDRB_Reg, PinNo); break;
     d34:	88 e3       	ldi	r24, 0x38	; 56
     d36:	90 e0       	ldi	r25, 0x00	; 0
     d38:	9a 83       	std	Y+2, r25	; 0x02
     d3a:	89 83       	std	Y+1, r24	; 0x01
     d3c:	09 c0       	rjmp	.+18     	; 0xd50 <DIO_WriteValueForPin+0x8c>
						case DIO_GroupC: ptr=&PORTC_Reg; break;      //clear(DDRC_Reg, PinNo); break;
     d3e:	85 e3       	ldi	r24, 0x35	; 53
     d40:	90 e0       	ldi	r25, 0x00	; 0
     d42:	9a 83       	std	Y+2, r25	; 0x02
     d44:	89 83       	std	Y+1, r24	; 0x01
     d46:	04 c0       	rjmp	.+8      	; 0xd50 <DIO_WriteValueForPin+0x8c>
						case DIO_GroupD: ptr=&PORTD_Reg; break;      //clear(DDRD_Reg, PinNo); break;
     d48:	82 e3       	ldi	r24, 0x32	; 50
     d4a:	90 e0       	ldi	r25, 0x00	; 0
     d4c:	9a 83       	std	Y+2, r25	; 0x02
     d4e:	89 83       	std	Y+1, r24	; 0x01
						default: return;/*error code*/
					}
		if(OutputValue==DIO_High){
     d50:	8d 81       	ldd	r24, Y+5	; 0x05
     d52:	81 30       	cpi	r24, 0x01	; 1
     d54:	a1 f4       	brne	.+40     	; 0xd7e <DIO_WriteValueForPin+0xba>
			set(*ptr,PinNo);
     d56:	e9 81       	ldd	r30, Y+1	; 0x01
     d58:	fa 81       	ldd	r31, Y+2	; 0x02
     d5a:	80 81       	ld	r24, Z
     d5c:	48 2f       	mov	r20, r24
     d5e:	8c 81       	ldd	r24, Y+4	; 0x04
     d60:	28 2f       	mov	r18, r24
     d62:	30 e0       	ldi	r19, 0x00	; 0
     d64:	81 e0       	ldi	r24, 0x01	; 1
     d66:	90 e0       	ldi	r25, 0x00	; 0
     d68:	02 2e       	mov	r0, r18
     d6a:	02 c0       	rjmp	.+4      	; 0xd70 <DIO_WriteValueForPin+0xac>
     d6c:	88 0f       	add	r24, r24
     d6e:	99 1f       	adc	r25, r25
     d70:	0a 94       	dec	r0
     d72:	e2 f7       	brpl	.-8      	; 0xd6c <DIO_WriteValueForPin+0xa8>
     d74:	84 2b       	or	r24, r20
     d76:	e9 81       	ldd	r30, Y+1	; 0x01
     d78:	fa 81       	ldd	r31, Y+2	; 0x02
     d7a:	80 83       	st	Z, r24
     d7c:	17 c0       	rjmp	.+46     	; 0xdac <DIO_WriteValueForPin+0xe8>
		}
		else if(OutputValue==DIO_Low){
     d7e:	8d 81       	ldd	r24, Y+5	; 0x05
     d80:	88 23       	and	r24, r24
     d82:	a1 f4       	brne	.+40     	; 0xdac <DIO_WriteValueForPin+0xe8>
					clear(*ptr, PinNo);
     d84:	e9 81       	ldd	r30, Y+1	; 0x01
     d86:	fa 81       	ldd	r31, Y+2	; 0x02
     d88:	80 81       	ld	r24, Z
     d8a:	48 2f       	mov	r20, r24
     d8c:	8c 81       	ldd	r24, Y+4	; 0x04
     d8e:	28 2f       	mov	r18, r24
     d90:	30 e0       	ldi	r19, 0x00	; 0
     d92:	81 e0       	ldi	r24, 0x01	; 1
     d94:	90 e0       	ldi	r25, 0x00	; 0
     d96:	02 2e       	mov	r0, r18
     d98:	02 c0       	rjmp	.+4      	; 0xd9e <DIO_WriteValueForPin+0xda>
     d9a:	88 0f       	add	r24, r24
     d9c:	99 1f       	adc	r25, r25
     d9e:	0a 94       	dec	r0
     da0:	e2 f7       	brpl	.-8      	; 0xd9a <DIO_WriteValueForPin+0xd6>
     da2:	80 95       	com	r24
     da4:	84 23       	and	r24, r20
     da6:	e9 81       	ldd	r30, Y+1	; 0x01
     da8:	fa 81       	ldd	r31, Y+2	; 0x02
     daa:	80 83       	st	Z, r24





}
     dac:	27 96       	adiw	r28, 0x07	; 7
     dae:	0f b6       	in	r0, 0x3f	; 63
     db0:	f8 94       	cli
     db2:	de bf       	out	0x3e, r29	; 62
     db4:	0f be       	out	0x3f, r0	; 63
     db6:	cd bf       	out	0x3d, r28	; 61
     db8:	cf 91       	pop	r28
     dba:	df 91       	pop	r29
     dbc:	08 95       	ret

00000dbe <DIO_WriteValueForAll>:

void DIO_WriteValueForAll(uint8_t GroupName, uint8_t OutputValue){
     dbe:	df 93       	push	r29
     dc0:	cf 93       	push	r28
     dc2:	00 d0       	rcall	.+0      	; 0xdc4 <DIO_WriteValueForAll+0x6>
     dc4:	00 d0       	rcall	.+0      	; 0xdc6 <DIO_WriteValueForAll+0x8>
     dc6:	cd b7       	in	r28, 0x3d	; 61
     dc8:	de b7       	in	r29, 0x3e	; 62
     dca:	89 83       	std	Y+1, r24	; 0x01
     dcc:	6a 83       	std	Y+2, r22	; 0x02
	switch(GroupName)
     dce:	89 81       	ldd	r24, Y+1	; 0x01
     dd0:	28 2f       	mov	r18, r24
     dd2:	30 e0       	ldi	r19, 0x00	; 0
     dd4:	3c 83       	std	Y+4, r19	; 0x04
     dd6:	2b 83       	std	Y+3, r18	; 0x03
     dd8:	8b 81       	ldd	r24, Y+3	; 0x03
     dda:	9c 81       	ldd	r25, Y+4	; 0x04
     ddc:	82 30       	cpi	r24, 0x02	; 2
     dde:	91 05       	cpc	r25, r1
     de0:	d9 f0       	breq	.+54     	; 0xe18 <DIO_WriteValueForAll+0x5a>
     de2:	2b 81       	ldd	r18, Y+3	; 0x03
     de4:	3c 81       	ldd	r19, Y+4	; 0x04
     de6:	23 30       	cpi	r18, 0x03	; 3
     de8:	31 05       	cpc	r19, r1
     dea:	34 f4       	brge	.+12     	; 0xdf8 <DIO_WriteValueForAll+0x3a>
     dec:	8b 81       	ldd	r24, Y+3	; 0x03
     dee:	9c 81       	ldd	r25, Y+4	; 0x04
     df0:	81 30       	cpi	r24, 0x01	; 1
     df2:	91 05       	cpc	r25, r1
     df4:	61 f0       	breq	.+24     	; 0xe0e <DIO_WriteValueForAll+0x50>
     df6:	1e c0       	rjmp	.+60     	; 0xe34 <DIO_WriteValueForAll+0x76>
     df8:	2b 81       	ldd	r18, Y+3	; 0x03
     dfa:	3c 81       	ldd	r19, Y+4	; 0x04
     dfc:	23 30       	cpi	r18, 0x03	; 3
     dfe:	31 05       	cpc	r19, r1
     e00:	81 f0       	breq	.+32     	; 0xe22 <DIO_WriteValueForAll+0x64>
     e02:	8b 81       	ldd	r24, Y+3	; 0x03
     e04:	9c 81       	ldd	r25, Y+4	; 0x04
     e06:	84 30       	cpi	r24, 0x04	; 4
     e08:	91 05       	cpc	r25, r1
     e0a:	81 f0       	breq	.+32     	; 0xe2c <DIO_WriteValueForAll+0x6e>
     e0c:	13 c0       	rjmp	.+38     	; 0xe34 <DIO_WriteValueForAll+0x76>
					{
						case DIO_GroupA: PORTA_Reg=OutputValue; break;
     e0e:	eb e3       	ldi	r30, 0x3B	; 59
     e10:	f0 e0       	ldi	r31, 0x00	; 0
     e12:	8a 81       	ldd	r24, Y+2	; 0x02
     e14:	80 83       	st	Z, r24
     e16:	0e c0       	rjmp	.+28     	; 0xe34 <DIO_WriteValueForAll+0x76>
						case DIO_GroupB: PORTB_Reg=OutputValue; break;
     e18:	e8 e3       	ldi	r30, 0x38	; 56
     e1a:	f0 e0       	ldi	r31, 0x00	; 0
     e1c:	8a 81       	ldd	r24, Y+2	; 0x02
     e1e:	80 83       	st	Z, r24
     e20:	09 c0       	rjmp	.+18     	; 0xe34 <DIO_WriteValueForAll+0x76>
						case DIO_GroupC: PORTC_Reg=OutputValue; break;
     e22:	e5 e3       	ldi	r30, 0x35	; 53
     e24:	f0 e0       	ldi	r31, 0x00	; 0
     e26:	8a 81       	ldd	r24, Y+2	; 0x02
     e28:	80 83       	st	Z, r24
     e2a:	04 c0       	rjmp	.+8      	; 0xe34 <DIO_WriteValueForAll+0x76>
						case DIO_GroupD: PORTD_Reg=OutputValue; break;
     e2c:	e2 e3       	ldi	r30, 0x32	; 50
     e2e:	f0 e0       	ldi	r31, 0x00	; 0
     e30:	8a 81       	ldd	r24, Y+2	; 0x02
     e32:	80 83       	st	Z, r24
						default: return;/*error code*/
					}

}
     e34:	0f 90       	pop	r0
     e36:	0f 90       	pop	r0
     e38:	0f 90       	pop	r0
     e3a:	0f 90       	pop	r0
     e3c:	cf 91       	pop	r28
     e3e:	df 91       	pop	r29
     e40:	08 95       	ret

00000e42 <DIO_ReadValueForPin>:

void DIO_ReadValueForPin(uint8_t GroupName,uint8_t PinNo,uint8_t *Inputvalue ){
     e42:	df 93       	push	r29
     e44:	cf 93       	push	r28
     e46:	cd b7       	in	r28, 0x3d	; 61
     e48:	de b7       	in	r29, 0x3e	; 62
     e4a:	28 97       	sbiw	r28, 0x08	; 8
     e4c:	0f b6       	in	r0, 0x3f	; 63
     e4e:	f8 94       	cli
     e50:	de bf       	out	0x3e, r29	; 62
     e52:	0f be       	out	0x3f, r0	; 63
     e54:	cd bf       	out	0x3d, r28	; 61
     e56:	8b 83       	std	Y+3, r24	; 0x03
     e58:	6c 83       	std	Y+4, r22	; 0x04
     e5a:	5e 83       	std	Y+6, r21	; 0x06
     e5c:	4d 83       	std	Y+5, r20	; 0x05
	if(PinNo<=DIO_pin7){
     e5e:	8c 81       	ldd	r24, Y+4	; 0x04
     e60:	88 30       	cpi	r24, 0x08	; 8
     e62:	08 f0       	brcs	.+2      	; 0xe66 <DIO_ReadValueForPin+0x24>
     e64:	48 c0       	rjmp	.+144    	; 0xef6 <DIO_ReadValueForPin+0xb4>
		volatile uint8_t *ptr= 0;
     e66:	1a 82       	std	Y+2, r1	; 0x02
     e68:	19 82       	std	Y+1, r1	; 0x01
		switch(GroupName)
     e6a:	8b 81       	ldd	r24, Y+3	; 0x03
     e6c:	28 2f       	mov	r18, r24
     e6e:	30 e0       	ldi	r19, 0x00	; 0
     e70:	38 87       	std	Y+8, r19	; 0x08
     e72:	2f 83       	std	Y+7, r18	; 0x07
     e74:	4f 81       	ldd	r20, Y+7	; 0x07
     e76:	58 85       	ldd	r21, Y+8	; 0x08
     e78:	42 30       	cpi	r20, 0x02	; 2
     e7a:	51 05       	cpc	r21, r1
     e7c:	d9 f0       	breq	.+54     	; 0xeb4 <DIO_ReadValueForPin+0x72>
     e7e:	8f 81       	ldd	r24, Y+7	; 0x07
     e80:	98 85       	ldd	r25, Y+8	; 0x08
     e82:	83 30       	cpi	r24, 0x03	; 3
     e84:	91 05       	cpc	r25, r1
     e86:	34 f4       	brge	.+12     	; 0xe94 <DIO_ReadValueForPin+0x52>
     e88:	2f 81       	ldd	r18, Y+7	; 0x07
     e8a:	38 85       	ldd	r19, Y+8	; 0x08
     e8c:	21 30       	cpi	r18, 0x01	; 1
     e8e:	31 05       	cpc	r19, r1
     e90:	61 f0       	breq	.+24     	; 0xeaa <DIO_ReadValueForPin+0x68>
     e92:	31 c0       	rjmp	.+98     	; 0xef6 <DIO_ReadValueForPin+0xb4>
     e94:	4f 81       	ldd	r20, Y+7	; 0x07
     e96:	58 85       	ldd	r21, Y+8	; 0x08
     e98:	43 30       	cpi	r20, 0x03	; 3
     e9a:	51 05       	cpc	r21, r1
     e9c:	81 f0       	breq	.+32     	; 0xebe <DIO_ReadValueForPin+0x7c>
     e9e:	8f 81       	ldd	r24, Y+7	; 0x07
     ea0:	98 85       	ldd	r25, Y+8	; 0x08
     ea2:	84 30       	cpi	r24, 0x04	; 4
     ea4:	91 05       	cpc	r25, r1
     ea6:	81 f0       	breq	.+32     	; 0xec8 <DIO_ReadValueForPin+0x86>
     ea8:	26 c0       	rjmp	.+76     	; 0xef6 <DIO_ReadValueForPin+0xb4>
							{
								case DIO_GroupA: ptr=&PINA_Reg; break;      //clear(DDRA_Reg, PinNo); break;//here
     eaa:	89 e3       	ldi	r24, 0x39	; 57
     eac:	90 e0       	ldi	r25, 0x00	; 0
     eae:	9a 83       	std	Y+2, r25	; 0x02
     eb0:	89 83       	std	Y+1, r24	; 0x01
     eb2:	0e c0       	rjmp	.+28     	; 0xed0 <DIO_ReadValueForPin+0x8e>
								case DIO_GroupB: ptr=&PINB_Reg;break;      // clear(DDRB_Reg, PinNo); break;
     eb4:	86 e3       	ldi	r24, 0x36	; 54
     eb6:	90 e0       	ldi	r25, 0x00	; 0
     eb8:	9a 83       	std	Y+2, r25	; 0x02
     eba:	89 83       	std	Y+1, r24	; 0x01
     ebc:	09 c0       	rjmp	.+18     	; 0xed0 <DIO_ReadValueForPin+0x8e>
								case DIO_GroupC: ptr=&PINC_Reg; break;      //clear(DDRC_Reg, PinNo); break;
     ebe:	83 e3       	ldi	r24, 0x33	; 51
     ec0:	90 e0       	ldi	r25, 0x00	; 0
     ec2:	9a 83       	std	Y+2, r25	; 0x02
     ec4:	89 83       	std	Y+1, r24	; 0x01
     ec6:	04 c0       	rjmp	.+8      	; 0xed0 <DIO_ReadValueForPin+0x8e>
								case DIO_GroupD: ptr=&PIND_Reg; break;      //clear(DDRD_Reg, PinNo); break;
     ec8:	80 e3       	ldi	r24, 0x30	; 48
     eca:	90 e0       	ldi	r25, 0x00	; 0
     ecc:	9a 83       	std	Y+2, r25	; 0x02
     ece:	89 83       	std	Y+1, r24	; 0x01
								default: return;/*error code*/
							}
		*Inputvalue=read(*ptr,PinNo);
     ed0:	e9 81       	ldd	r30, Y+1	; 0x01
     ed2:	fa 81       	ldd	r31, Y+2	; 0x02
     ed4:	80 81       	ld	r24, Z
     ed6:	28 2f       	mov	r18, r24
     ed8:	30 e0       	ldi	r19, 0x00	; 0
     eda:	8c 81       	ldd	r24, Y+4	; 0x04
     edc:	88 2f       	mov	r24, r24
     ede:	90 e0       	ldi	r25, 0x00	; 0
     ee0:	a9 01       	movw	r20, r18
     ee2:	02 c0       	rjmp	.+4      	; 0xee8 <DIO_ReadValueForPin+0xa6>
     ee4:	55 95       	asr	r21
     ee6:	47 95       	ror	r20
     ee8:	8a 95       	dec	r24
     eea:	e2 f7       	brpl	.-8      	; 0xee4 <DIO_ReadValueForPin+0xa2>
     eec:	ca 01       	movw	r24, r20
     eee:	81 70       	andi	r24, 0x01	; 1
     ef0:	ed 81       	ldd	r30, Y+5	; 0x05
     ef2:	fe 81       	ldd	r31, Y+6	; 0x06
     ef4:	80 83       	st	Z, r24
	}
}
     ef6:	28 96       	adiw	r28, 0x08	; 8
     ef8:	0f b6       	in	r0, 0x3f	; 63
     efa:	f8 94       	cli
     efc:	de bf       	out	0x3e, r29	; 62
     efe:	0f be       	out	0x3f, r0	; 63
     f00:	cd bf       	out	0x3d, r28	; 61
     f02:	cf 91       	pop	r28
     f04:	df 91       	pop	r29
     f06:	08 95       	ret

00000f08 <DIO_ReadValueForAll>:
void DIO_ReadValueForAll(uint8_t GroupName, uint8_t *Inputvalue ){
     f08:	df 93       	push	r29
     f0a:	cf 93       	push	r28
     f0c:	00 d0       	rcall	.+0      	; 0xf0e <DIO_ReadValueForAll+0x6>
     f0e:	00 d0       	rcall	.+0      	; 0xf10 <DIO_ReadValueForAll+0x8>
     f10:	0f 92       	push	r0
     f12:	cd b7       	in	r28, 0x3d	; 61
     f14:	de b7       	in	r29, 0x3e	; 62
     f16:	89 83       	std	Y+1, r24	; 0x01
     f18:	7b 83       	std	Y+3, r23	; 0x03
     f1a:	6a 83       	std	Y+2, r22	; 0x02
	switch(GroupName)
     f1c:	89 81       	ldd	r24, Y+1	; 0x01
     f1e:	28 2f       	mov	r18, r24
     f20:	30 e0       	ldi	r19, 0x00	; 0
     f22:	3d 83       	std	Y+5, r19	; 0x05
     f24:	2c 83       	std	Y+4, r18	; 0x04
     f26:	8c 81       	ldd	r24, Y+4	; 0x04
     f28:	9d 81       	ldd	r25, Y+5	; 0x05
     f2a:	82 30       	cpi	r24, 0x02	; 2
     f2c:	91 05       	cpc	r25, r1
     f2e:	e9 f0       	breq	.+58     	; 0xf6a <DIO_ReadValueForAll+0x62>
     f30:	2c 81       	ldd	r18, Y+4	; 0x04
     f32:	3d 81       	ldd	r19, Y+5	; 0x05
     f34:	23 30       	cpi	r18, 0x03	; 3
     f36:	31 05       	cpc	r19, r1
     f38:	34 f4       	brge	.+12     	; 0xf46 <DIO_ReadValueForAll+0x3e>
     f3a:	8c 81       	ldd	r24, Y+4	; 0x04
     f3c:	9d 81       	ldd	r25, Y+5	; 0x05
     f3e:	81 30       	cpi	r24, 0x01	; 1
     f40:	91 05       	cpc	r25, r1
     f42:	61 f0       	breq	.+24     	; 0xf5c <DIO_ReadValueForAll+0x54>
     f44:	26 c0       	rjmp	.+76     	; 0xf92 <DIO_ReadValueForAll+0x8a>
     f46:	2c 81       	ldd	r18, Y+4	; 0x04
     f48:	3d 81       	ldd	r19, Y+5	; 0x05
     f4a:	23 30       	cpi	r18, 0x03	; 3
     f4c:	31 05       	cpc	r19, r1
     f4e:	a1 f0       	breq	.+40     	; 0xf78 <DIO_ReadValueForAll+0x70>
     f50:	8c 81       	ldd	r24, Y+4	; 0x04
     f52:	9d 81       	ldd	r25, Y+5	; 0x05
     f54:	84 30       	cpi	r24, 0x04	; 4
     f56:	91 05       	cpc	r25, r1
     f58:	b1 f0       	breq	.+44     	; 0xf86 <DIO_ReadValueForAll+0x7e>
     f5a:	1b c0       	rjmp	.+54     	; 0xf92 <DIO_ReadValueForAll+0x8a>
								{
									case DIO_GroupA: *Inputvalue=PINA_Reg; break;
     f5c:	e9 e3       	ldi	r30, 0x39	; 57
     f5e:	f0 e0       	ldi	r31, 0x00	; 0
     f60:	80 81       	ld	r24, Z
     f62:	ea 81       	ldd	r30, Y+2	; 0x02
     f64:	fb 81       	ldd	r31, Y+3	; 0x03
     f66:	80 83       	st	Z, r24
     f68:	14 c0       	rjmp	.+40     	; 0xf92 <DIO_ReadValueForAll+0x8a>
									case DIO_GroupB: *Inputvalue=PINB_Reg;break;
     f6a:	e6 e3       	ldi	r30, 0x36	; 54
     f6c:	f0 e0       	ldi	r31, 0x00	; 0
     f6e:	80 81       	ld	r24, Z
     f70:	ea 81       	ldd	r30, Y+2	; 0x02
     f72:	fb 81       	ldd	r31, Y+3	; 0x03
     f74:	80 83       	st	Z, r24
     f76:	0d c0       	rjmp	.+26     	; 0xf92 <DIO_ReadValueForAll+0x8a>
									case DIO_GroupC: *Inputvalue=PINC_Reg; break;
     f78:	e3 e3       	ldi	r30, 0x33	; 51
     f7a:	f0 e0       	ldi	r31, 0x00	; 0
     f7c:	80 81       	ld	r24, Z
     f7e:	ea 81       	ldd	r30, Y+2	; 0x02
     f80:	fb 81       	ldd	r31, Y+3	; 0x03
     f82:	80 83       	st	Z, r24
     f84:	06 c0       	rjmp	.+12     	; 0xf92 <DIO_ReadValueForAll+0x8a>
									case DIO_GroupD: *Inputvalue=PIND_Reg; break;
     f86:	e0 e3       	ldi	r30, 0x30	; 48
     f88:	f0 e0       	ldi	r31, 0x00	; 0
     f8a:	80 81       	ld	r24, Z
     f8c:	ea 81       	ldd	r30, Y+2	; 0x02
     f8e:	fb 81       	ldd	r31, Y+3	; 0x03
     f90:	80 83       	st	Z, r24
									default: return;/*error code*/
								}
}
     f92:	0f 90       	pop	r0
     f94:	0f 90       	pop	r0
     f96:	0f 90       	pop	r0
     f98:	0f 90       	pop	r0
     f9a:	0f 90       	pop	r0
     f9c:	cf 91       	pop	r28
     f9e:	df 91       	pop	r29
     fa0:	08 95       	ret

00000fa2 <DIO_ToggleAtPin>:

void DIO_ToggleAtPin(uint8_t GroupName,uint8_t PinNo ){
     fa2:	df 93       	push	r29
     fa4:	cf 93       	push	r28
     fa6:	00 d0       	rcall	.+0      	; 0xfa8 <DIO_ToggleAtPin+0x6>
     fa8:	00 d0       	rcall	.+0      	; 0xfaa <DIO_ToggleAtPin+0x8>
     faa:	00 d0       	rcall	.+0      	; 0xfac <DIO_ToggleAtPin+0xa>
     fac:	cd b7       	in	r28, 0x3d	; 61
     fae:	de b7       	in	r29, 0x3e	; 62
     fb0:	8b 83       	std	Y+3, r24	; 0x03
     fb2:	6c 83       	std	Y+4, r22	; 0x04
	if(PinNo<=DIO_pin7){
     fb4:	8c 81       	ldd	r24, Y+4	; 0x04
     fb6:	88 30       	cpi	r24, 0x08	; 8
     fb8:	08 f0       	brcs	.+2      	; 0xfbc <DIO_ToggleAtPin+0x1a>
     fba:	48 c0       	rjmp	.+144    	; 0x104c <DIO_ToggleAtPin+0xaa>
		volatile uint8_t *ptr= 0;
     fbc:	1a 82       	std	Y+2, r1	; 0x02
     fbe:	19 82       	std	Y+1, r1	; 0x01
				switch(GroupName)
     fc0:	8b 81       	ldd	r24, Y+3	; 0x03
     fc2:	28 2f       	mov	r18, r24
     fc4:	30 e0       	ldi	r19, 0x00	; 0
     fc6:	3e 83       	std	Y+6, r19	; 0x06
     fc8:	2d 83       	std	Y+5, r18	; 0x05
     fca:	8d 81       	ldd	r24, Y+5	; 0x05
     fcc:	9e 81       	ldd	r25, Y+6	; 0x06
     fce:	82 30       	cpi	r24, 0x02	; 2
     fd0:	91 05       	cpc	r25, r1
     fd2:	d9 f0       	breq	.+54     	; 0x100a <DIO_ToggleAtPin+0x68>
     fd4:	2d 81       	ldd	r18, Y+5	; 0x05
     fd6:	3e 81       	ldd	r19, Y+6	; 0x06
     fd8:	23 30       	cpi	r18, 0x03	; 3
     fda:	31 05       	cpc	r19, r1
     fdc:	34 f4       	brge	.+12     	; 0xfea <DIO_ToggleAtPin+0x48>
     fde:	8d 81       	ldd	r24, Y+5	; 0x05
     fe0:	9e 81       	ldd	r25, Y+6	; 0x06
     fe2:	81 30       	cpi	r24, 0x01	; 1
     fe4:	91 05       	cpc	r25, r1
     fe6:	61 f0       	breq	.+24     	; 0x1000 <DIO_ToggleAtPin+0x5e>
     fe8:	31 c0       	rjmp	.+98     	; 0x104c <DIO_ToggleAtPin+0xaa>
     fea:	2d 81       	ldd	r18, Y+5	; 0x05
     fec:	3e 81       	ldd	r19, Y+6	; 0x06
     fee:	23 30       	cpi	r18, 0x03	; 3
     ff0:	31 05       	cpc	r19, r1
     ff2:	81 f0       	breq	.+32     	; 0x1014 <DIO_ToggleAtPin+0x72>
     ff4:	8d 81       	ldd	r24, Y+5	; 0x05
     ff6:	9e 81       	ldd	r25, Y+6	; 0x06
     ff8:	84 30       	cpi	r24, 0x04	; 4
     ffa:	91 05       	cpc	r25, r1
     ffc:	81 f0       	breq	.+32     	; 0x101e <DIO_ToggleAtPin+0x7c>
     ffe:	26 c0       	rjmp	.+76     	; 0x104c <DIO_ToggleAtPin+0xaa>
									{
										case DIO_GroupA: ptr=&PORTA_Reg; break;      //clear(DDRA_Reg, PinNo); break;//here
    1000:	8b e3       	ldi	r24, 0x3B	; 59
    1002:	90 e0       	ldi	r25, 0x00	; 0
    1004:	9a 83       	std	Y+2, r25	; 0x02
    1006:	89 83       	std	Y+1, r24	; 0x01
    1008:	0e c0       	rjmp	.+28     	; 0x1026 <DIO_ToggleAtPin+0x84>
										case DIO_GroupB: ptr=&PORTB_Reg;break;      // clear(DDRB_Reg, PinNo); break;
    100a:	88 e3       	ldi	r24, 0x38	; 56
    100c:	90 e0       	ldi	r25, 0x00	; 0
    100e:	9a 83       	std	Y+2, r25	; 0x02
    1010:	89 83       	std	Y+1, r24	; 0x01
    1012:	09 c0       	rjmp	.+18     	; 0x1026 <DIO_ToggleAtPin+0x84>
										case DIO_GroupC: ptr=&PORTC_Reg; break;      //clear(DDRC_Reg, PinNo); break;
    1014:	85 e3       	ldi	r24, 0x35	; 53
    1016:	90 e0       	ldi	r25, 0x00	; 0
    1018:	9a 83       	std	Y+2, r25	; 0x02
    101a:	89 83       	std	Y+1, r24	; 0x01
    101c:	04 c0       	rjmp	.+8      	; 0x1026 <DIO_ToggleAtPin+0x84>
										case DIO_GroupD: ptr=&PORTD_Reg; break;      //clear(DDRD_Reg, PinNo); break;
    101e:	82 e3       	ldi	r24, 0x32	; 50
    1020:	90 e0       	ldi	r25, 0x00	; 0
    1022:	9a 83       	std	Y+2, r25	; 0x02
    1024:	89 83       	std	Y+1, r24	; 0x01
										default: return;/*error code*/
									}
				toggle(*ptr,PinNo);
    1026:	e9 81       	ldd	r30, Y+1	; 0x01
    1028:	fa 81       	ldd	r31, Y+2	; 0x02
    102a:	80 81       	ld	r24, Z
    102c:	48 2f       	mov	r20, r24
    102e:	8c 81       	ldd	r24, Y+4	; 0x04
    1030:	28 2f       	mov	r18, r24
    1032:	30 e0       	ldi	r19, 0x00	; 0
    1034:	81 e0       	ldi	r24, 0x01	; 1
    1036:	90 e0       	ldi	r25, 0x00	; 0
    1038:	02 2e       	mov	r0, r18
    103a:	02 c0       	rjmp	.+4      	; 0x1040 <DIO_ToggleAtPin+0x9e>
    103c:	88 0f       	add	r24, r24
    103e:	99 1f       	adc	r25, r25
    1040:	0a 94       	dec	r0
    1042:	e2 f7       	brpl	.-8      	; 0x103c <DIO_ToggleAtPin+0x9a>
    1044:	84 27       	eor	r24, r20
    1046:	e9 81       	ldd	r30, Y+1	; 0x01
    1048:	fa 81       	ldd	r31, Y+2	; 0x02
    104a:	80 83       	st	Z, r24
	}
}
    104c:	26 96       	adiw	r28, 0x06	; 6
    104e:	0f b6       	in	r0, 0x3f	; 63
    1050:	f8 94       	cli
    1052:	de bf       	out	0x3e, r29	; 62
    1054:	0f be       	out	0x3f, r0	; 63
    1056:	cd bf       	out	0x3d, r28	; 61
    1058:	cf 91       	pop	r28
    105a:	df 91       	pop	r29
    105c:	08 95       	ret

0000105e <DIO_ToggleAtAll>:


void DIO_ToggleAtAll(uint8_t GroupName)
{
    105e:	df 93       	push	r29
    1060:	cf 93       	push	r28
    1062:	00 d0       	rcall	.+0      	; 0x1064 <DIO_ToggleAtAll+0x6>
    1064:	0f 92       	push	r0
    1066:	cd b7       	in	r28, 0x3d	; 61
    1068:	de b7       	in	r29, 0x3e	; 62
    106a:	89 83       	std	Y+1, r24	; 0x01

				switch(GroupName)
    106c:	89 81       	ldd	r24, Y+1	; 0x01
    106e:	28 2f       	mov	r18, r24
    1070:	30 e0       	ldi	r19, 0x00	; 0
    1072:	3b 83       	std	Y+3, r19	; 0x03
    1074:	2a 83       	std	Y+2, r18	; 0x02
    1076:	8a 81       	ldd	r24, Y+2	; 0x02
    1078:	9b 81       	ldd	r25, Y+3	; 0x03
    107a:	82 30       	cpi	r24, 0x02	; 2
    107c:	91 05       	cpc	r25, r1
    107e:	f1 f0       	breq	.+60     	; 0x10bc <DIO_ToggleAtAll+0x5e>
    1080:	2a 81       	ldd	r18, Y+2	; 0x02
    1082:	3b 81       	ldd	r19, Y+3	; 0x03
    1084:	23 30       	cpi	r18, 0x03	; 3
    1086:	31 05       	cpc	r19, r1
    1088:	34 f4       	brge	.+12     	; 0x1096 <DIO_ToggleAtAll+0x38>
    108a:	8a 81       	ldd	r24, Y+2	; 0x02
    108c:	9b 81       	ldd	r25, Y+3	; 0x03
    108e:	81 30       	cpi	r24, 0x01	; 1
    1090:	91 05       	cpc	r25, r1
    1092:	61 f0       	breq	.+24     	; 0x10ac <DIO_ToggleAtAll+0x4e>
    1094:	2a c0       	rjmp	.+84     	; 0x10ea <DIO_ToggleAtAll+0x8c>
    1096:	2a 81       	ldd	r18, Y+2	; 0x02
    1098:	3b 81       	ldd	r19, Y+3	; 0x03
    109a:	23 30       	cpi	r18, 0x03	; 3
    109c:	31 05       	cpc	r19, r1
    109e:	b1 f0       	breq	.+44     	; 0x10cc <DIO_ToggleAtAll+0x6e>
    10a0:	8a 81       	ldd	r24, Y+2	; 0x02
    10a2:	9b 81       	ldd	r25, Y+3	; 0x03
    10a4:	84 30       	cpi	r24, 0x04	; 4
    10a6:	91 05       	cpc	r25, r1
    10a8:	c9 f0       	breq	.+50     	; 0x10dc <DIO_ToggleAtAll+0x7e>
    10aa:	1f c0       	rjmp	.+62     	; 0x10ea <DIO_ToggleAtAll+0x8c>
									{
										case DIO_GroupA: PORTA_Reg^=0xFF; break;
    10ac:	ab e3       	ldi	r26, 0x3B	; 59
    10ae:	b0 e0       	ldi	r27, 0x00	; 0
    10b0:	eb e3       	ldi	r30, 0x3B	; 59
    10b2:	f0 e0       	ldi	r31, 0x00	; 0
    10b4:	80 81       	ld	r24, Z
    10b6:	80 95       	com	r24
    10b8:	8c 93       	st	X, r24
    10ba:	17 c0       	rjmp	.+46     	; 0x10ea <DIO_ToggleAtAll+0x8c>
										case DIO_GroupB: PORTB_Reg^=0xFF;break;
    10bc:	a8 e3       	ldi	r26, 0x38	; 56
    10be:	b0 e0       	ldi	r27, 0x00	; 0
    10c0:	e8 e3       	ldi	r30, 0x38	; 56
    10c2:	f0 e0       	ldi	r31, 0x00	; 0
    10c4:	80 81       	ld	r24, Z
    10c6:	80 95       	com	r24
    10c8:	8c 93       	st	X, r24
    10ca:	0f c0       	rjmp	.+30     	; 0x10ea <DIO_ToggleAtAll+0x8c>
										case DIO_GroupC: PORTC_Reg^=0xFF; break;
    10cc:	a5 e3       	ldi	r26, 0x35	; 53
    10ce:	b0 e0       	ldi	r27, 0x00	; 0
    10d0:	e5 e3       	ldi	r30, 0x35	; 53
    10d2:	f0 e0       	ldi	r31, 0x00	; 0
    10d4:	80 81       	ld	r24, Z
    10d6:	80 95       	com	r24
    10d8:	8c 93       	st	X, r24
    10da:	07 c0       	rjmp	.+14     	; 0x10ea <DIO_ToggleAtAll+0x8c>
										case DIO_GroupD: PORTD_Reg^=0xFF; break;
    10dc:	a2 e3       	ldi	r26, 0x32	; 50
    10de:	b0 e0       	ldi	r27, 0x00	; 0
    10e0:	e2 e3       	ldi	r30, 0x32	; 50
    10e2:	f0 e0       	ldi	r31, 0x00	; 0
    10e4:	80 81       	ld	r24, Z
    10e6:	80 95       	com	r24
    10e8:	8c 93       	st	X, r24
										default: return;/*error code*/
									}

}
    10ea:	0f 90       	pop	r0
    10ec:	0f 90       	pop	r0
    10ee:	0f 90       	pop	r0
    10f0:	cf 91       	pop	r28
    10f2:	df 91       	pop	r29
    10f4:	08 95       	ret

000010f6 <DIO_EnableInternalPullUp>:
DDR = 0
PORT = 1  → Pull-up Enabled
PORT = 0  → Pull-up Disabled
*/
void DIO_EnableInternalPullUp(uint8_t GroupName, uint8_t PinNo)
{
    10f6:	df 93       	push	r29
    10f8:	cf 93       	push	r28
    10fa:	00 d0       	rcall	.+0      	; 0x10fc <DIO_EnableInternalPullUp+0x6>
    10fc:	cd b7       	in	r28, 0x3d	; 61
    10fe:	de b7       	in	r29, 0x3e	; 62
    1100:	89 83       	std	Y+1, r24	; 0x01
    1102:	6a 83       	std	Y+2, r22	; 0x02
    if (PinNo <= DIO_pin7)
    1104:	8a 81       	ldd	r24, Y+2	; 0x02
    1106:	88 30       	cpi	r24, 0x08	; 8
    1108:	50 f4       	brcc	.+20     	; 0x111e <DIO_EnableInternalPullUp+0x28>
    {
        DIO_SelectDirectionForPin(
    110a:	89 81       	ldd	r24, Y+1	; 0x01
    110c:	6a 81       	ldd	r22, Y+2	; 0x02
    110e:	40 e0       	ldi	r20, 0x00	; 0
    1110:	0e 94 a3 05 	call	0xb46	; 0xb46 <DIO_SelectDirectionForPin>
            GroupName,
            PinNo,
            DIO_Input
        );

        DIO_WriteValueForPin(
    1114:	89 81       	ldd	r24, Y+1	; 0x01
    1116:	6a 81       	ldd	r22, Y+2	; 0x02
    1118:	41 e0       	ldi	r20, 0x01	; 1
    111a:	0e 94 62 06 	call	0xcc4	; 0xcc4 <DIO_WriteValueForPin>
            GroupName,
            PinNo,
            DIO_High
        );
    }
}
    111e:	0f 90       	pop	r0
    1120:	0f 90       	pop	r0
    1122:	cf 91       	pop	r28
    1124:	df 91       	pop	r29
    1126:	08 95       	ret

00001128 <DIO_DisableInternalPullUp>:
void DIO_DisableInternalPullUp(uint8_t GroupName, uint8_t PinNo)
{
    1128:	df 93       	push	r29
    112a:	cf 93       	push	r28
    112c:	00 d0       	rcall	.+0      	; 0x112e <DIO_DisableInternalPullUp+0x6>
    112e:	cd b7       	in	r28, 0x3d	; 61
    1130:	de b7       	in	r29, 0x3e	; 62
    1132:	89 83       	std	Y+1, r24	; 0x01
    1134:	6a 83       	std	Y+2, r22	; 0x02
    if (PinNo <= DIO_pin7)
    1136:	8a 81       	ldd	r24, Y+2	; 0x02
    1138:	88 30       	cpi	r24, 0x08	; 8
    113a:	50 f4       	brcc	.+20     	; 0x1150 <DIO_DisableInternalPullUp+0x28>
    {
        DIO_SelectDirectionForPin(
    113c:	89 81       	ldd	r24, Y+1	; 0x01
    113e:	6a 81       	ldd	r22, Y+2	; 0x02
    1140:	40 e0       	ldi	r20, 0x00	; 0
    1142:	0e 94 a3 05 	call	0xb46	; 0xb46 <DIO_SelectDirectionForPin>
            GroupName,
            PinNo,
            DIO_Input
        );

        DIO_WriteValueForPin(
    1146:	89 81       	ldd	r24, Y+1	; 0x01
    1148:	6a 81       	ldd	r22, Y+2	; 0x02
    114a:	40 e0       	ldi	r20, 0x00	; 0
    114c:	0e 94 62 06 	call	0xcc4	; 0xcc4 <DIO_WriteValueForPin>
            GroupName,
            PinNo,
            DIO_Low
        );
    }
}
    1150:	0f 90       	pop	r0
    1152:	0f 90       	pop	r0
    1154:	cf 91       	pop	r28
    1156:	df 91       	pop	r29
    1158:	08 95       	ret

0000115a <SS_WriteNumber>:
 0x82,
 0xF8,
 0x80,
0x90 };

void SS_WriteNumber(uint8_t Number, uint8_t SS_No) {
    115a:	df 93       	push	r29
    115c:	cf 93       	push	r28
    115e:	00 d0       	rcall	.+0      	; 0x1160 <SS_WriteNumber+0x6>
    1160:	00 d0       	rcall	.+0      	; 0x1162 <SS_WriteNumber+0x8>
    1162:	cd b7       	in	r28, 0x3d	; 61
    1164:	de b7       	in	r29, 0x3e	; 62
    1166:	89 83       	std	Y+1, r24	; 0x01
    1168:	6a 83       	std	Y+2, r22	; 0x02
	switch (SS_No) {
    116a:	8a 81       	ldd	r24, Y+2	; 0x02
    116c:	28 2f       	mov	r18, r24
    116e:	30 e0       	ldi	r19, 0x00	; 0
    1170:	3c 83       	std	Y+4, r19	; 0x04
    1172:	2b 83       	std	Y+3, r18	; 0x03
    1174:	8b 81       	ldd	r24, Y+3	; 0x03
    1176:	9c 81       	ldd	r25, Y+4	; 0x04
    1178:	81 30       	cpi	r24, 0x01	; 1
    117a:	91 05       	cpc	r25, r1
    117c:	31 f0       	breq	.+12     	; 0x118a <SS_WriteNumber+0x30>
    117e:	2b 81       	ldd	r18, Y+3	; 0x03
    1180:	3c 81       	ldd	r19, Y+4	; 0x04
    1182:	22 30       	cpi	r18, 0x02	; 2
    1184:	31 05       	cpc	r19, r1
    1186:	89 f0       	breq	.+34     	; 0x11aa <SS_WriteNumber+0x50>
    1188:	1f c0       	rjmp	.+62     	; 0x11c8 <SS_WriteNumber+0x6e>
	case SS1:
		DIO_SelectDirectionForAll(SEGMENT1_GROUP, DIO_AllOutput);
    118a:	83 e0       	ldi	r24, 0x03	; 3
    118c:	6f ef       	ldi	r22, 0xFF	; 255
    118e:	0e 94 20 06 	call	0xc40	; 0xc40 <DIO_SelectDirectionForAll>
		DIO_WriteValueForAll(SEGMENT1_GROUP,Numbers[Number]);
    1192:	89 81       	ldd	r24, Y+1	; 0x01
    1194:	88 2f       	mov	r24, r24
    1196:	90 e0       	ldi	r25, 0x00	; 0
    1198:	fc 01       	movw	r30, r24
    119a:	e8 59       	subi	r30, 0x98	; 152
    119c:	ff 4f       	sbci	r31, 0xFF	; 255
    119e:	90 81       	ld	r25, Z
    11a0:	83 e0       	ldi	r24, 0x03	; 3
    11a2:	69 2f       	mov	r22, r25
    11a4:	0e 94 df 06 	call	0xdbe	; 0xdbe <DIO_WriteValueForAll>
    11a8:	0f c0       	rjmp	.+30     	; 0x11c8 <SS_WriteNumber+0x6e>
	break;
	case SS2:
		DIO_SelectDirectionForAll(SEGMENT2_GROUP, DIO_AllOutput);
    11aa:	84 e0       	ldi	r24, 0x04	; 4
    11ac:	6f ef       	ldi	r22, 0xFF	; 255
    11ae:	0e 94 20 06 	call	0xc40	; 0xc40 <DIO_SelectDirectionForAll>
		DIO_WriteValueForAll(SEGMENT2_GROUP,Numbers[Number]);
    11b2:	89 81       	ldd	r24, Y+1	; 0x01
    11b4:	88 2f       	mov	r24, r24
    11b6:	90 e0       	ldi	r25, 0x00	; 0
    11b8:	fc 01       	movw	r30, r24
    11ba:	e8 59       	subi	r30, 0x98	; 152
    11bc:	ff 4f       	sbci	r31, 0xFF	; 255
    11be:	90 81       	ld	r25, Z
    11c0:	84 e0       	ldi	r24, 0x04	; 4
    11c2:	69 2f       	mov	r22, r25
    11c4:	0e 94 df 06 	call	0xdbe	; 0xdbe <DIO_WriteValueForAll>

		break;
	}
}
    11c8:	0f 90       	pop	r0
    11ca:	0f 90       	pop	r0
    11cc:	0f 90       	pop	r0
    11ce:	0f 90       	pop	r0
    11d0:	cf 91       	pop	r28
    11d2:	df 91       	pop	r29
    11d4:	08 95       	ret

000011d6 <LED_Init>:
#include "../../Mcal/DIO/DIO_Interface.h"
#include "../../Mcal/AtMega32Registers.h"
#include "../../Common/BitMath.h"

static LED_Config_t LED_Config[8];
void LED_Init(uint8_t LED_ID, uint8_t GroupName, uint8_t PinNo) {
    11d6:	df 93       	push	r29
    11d8:	cf 93       	push	r28
    11da:	00 d0       	rcall	.+0      	; 0x11dc <LED_Init+0x6>
    11dc:	0f 92       	push	r0
    11de:	cd b7       	in	r28, 0x3d	; 61
    11e0:	de b7       	in	r29, 0x3e	; 62
    11e2:	89 83       	std	Y+1, r24	; 0x01
    11e4:	6a 83       	std	Y+2, r22	; 0x02
    11e6:	4b 83       	std	Y+3, r20	; 0x03

	LED_Config[LED_ID].GroupName = GroupName;
    11e8:	89 81       	ldd	r24, Y+1	; 0x01
    11ea:	88 2f       	mov	r24, r24
    11ec:	90 e0       	ldi	r25, 0x00	; 0
    11ee:	88 0f       	add	r24, r24
    11f0:	99 1f       	adc	r25, r25
    11f2:	fc 01       	movw	r30, r24
    11f4:	ec 58       	subi	r30, 0x8C	; 140
    11f6:	ff 4f       	sbci	r31, 0xFF	; 255
    11f8:	8a 81       	ldd	r24, Y+2	; 0x02
    11fa:	80 83       	st	Z, r24
	LED_Config[LED_ID].PinNo = PinNo;
    11fc:	89 81       	ldd	r24, Y+1	; 0x01
    11fe:	88 2f       	mov	r24, r24
    1200:	90 e0       	ldi	r25, 0x00	; 0
    1202:	88 0f       	add	r24, r24
    1204:	99 1f       	adc	r25, r25
    1206:	fc 01       	movw	r30, r24
    1208:	eb 58       	subi	r30, 0x8B	; 139
    120a:	ff 4f       	sbci	r31, 0xFF	; 255
    120c:	8b 81       	ldd	r24, Y+3	; 0x03
    120e:	80 83       	st	Z, r24
	DIO_SelectDirectionForPin(GroupName, PinNo, DIO_Output);
    1210:	8a 81       	ldd	r24, Y+2	; 0x02
    1212:	6b 81       	ldd	r22, Y+3	; 0x03
    1214:	41 e0       	ldi	r20, 0x01	; 1
    1216:	0e 94 a3 05 	call	0xb46	; 0xb46 <DIO_SelectDirectionForPin>
}
    121a:	0f 90       	pop	r0
    121c:	0f 90       	pop	r0
    121e:	0f 90       	pop	r0
    1220:	cf 91       	pop	r28
    1222:	df 91       	pop	r29
    1224:	08 95       	ret

00001226 <LED_ON>:
void LED_ON(uint8_t LED_ID, uint8_t ConnectionState) {
    1226:	df 93       	push	r29
    1228:	cf 93       	push	r28
    122a:	00 d0       	rcall	.+0      	; 0x122c <LED_ON+0x6>
    122c:	cd b7       	in	r28, 0x3d	; 61
    122e:	de b7       	in	r29, 0x3e	; 62
    1230:	89 83       	std	Y+1, r24	; 0x01
    1232:	6a 83       	std	Y+2, r22	; 0x02
	if (ConnectionState == LED_SINK) {
    1234:	8a 81       	ldd	r24, Y+2	; 0x02
    1236:	88 23       	and	r24, r24
    1238:	b9 f4       	brne	.+46     	; 0x1268 <LED_ON+0x42>
		DIO_WriteValueForPin(LED_Config[LED_ID].GroupName,
    123a:	89 81       	ldd	r24, Y+1	; 0x01
    123c:	88 2f       	mov	r24, r24
    123e:	90 e0       	ldi	r25, 0x00	; 0
    1240:	88 0f       	add	r24, r24
    1242:	99 1f       	adc	r25, r25
    1244:	fc 01       	movw	r30, r24
    1246:	ec 58       	subi	r30, 0x8C	; 140
    1248:	ff 4f       	sbci	r31, 0xFF	; 255
    124a:	20 81       	ld	r18, Z
    124c:	89 81       	ldd	r24, Y+1	; 0x01
    124e:	88 2f       	mov	r24, r24
    1250:	90 e0       	ldi	r25, 0x00	; 0
    1252:	88 0f       	add	r24, r24
    1254:	99 1f       	adc	r25, r25
    1256:	fc 01       	movw	r30, r24
    1258:	eb 58       	subi	r30, 0x8B	; 139
    125a:	ff 4f       	sbci	r31, 0xFF	; 255
    125c:	90 81       	ld	r25, Z
    125e:	82 2f       	mov	r24, r18
    1260:	69 2f       	mov	r22, r25
    1262:	40 e0       	ldi	r20, 0x00	; 0
    1264:	0e 94 62 06 	call	0xcc4	; 0xcc4 <DIO_WriteValueForPin>
						LED_Config[LED_ID].PinNo,  SinkLED_ON);
	}
	if (ConnectionState == LED_SOURCE) {
    1268:	8a 81       	ldd	r24, Y+2	; 0x02
    126a:	81 30       	cpi	r24, 0x01	; 1
    126c:	b9 f4       	brne	.+46     	; 0x129c <LED_ON+0x76>
		DIO_WriteValueForPin(LED_Config[LED_ID].GroupName,
    126e:	89 81       	ldd	r24, Y+1	; 0x01
    1270:	88 2f       	mov	r24, r24
    1272:	90 e0       	ldi	r25, 0x00	; 0
    1274:	88 0f       	add	r24, r24
    1276:	99 1f       	adc	r25, r25
    1278:	fc 01       	movw	r30, r24
    127a:	ec 58       	subi	r30, 0x8C	; 140
    127c:	ff 4f       	sbci	r31, 0xFF	; 255
    127e:	20 81       	ld	r18, Z
    1280:	89 81       	ldd	r24, Y+1	; 0x01
    1282:	88 2f       	mov	r24, r24
    1284:	90 e0       	ldi	r25, 0x00	; 0
    1286:	88 0f       	add	r24, r24
    1288:	99 1f       	adc	r25, r25
    128a:	fc 01       	movw	r30, r24
    128c:	eb 58       	subi	r30, 0x8B	; 139
    128e:	ff 4f       	sbci	r31, 0xFF	; 255
    1290:	90 81       	ld	r25, Z
    1292:	82 2f       	mov	r24, r18
    1294:	69 2f       	mov	r22, r25
    1296:	41 e0       	ldi	r20, 0x01	; 1
    1298:	0e 94 62 06 	call	0xcc4	; 0xcc4 <DIO_WriteValueForPin>
				LED_Config[LED_ID].PinNo, SourceLED_ON);
	}

}
    129c:	0f 90       	pop	r0
    129e:	0f 90       	pop	r0
    12a0:	cf 91       	pop	r28
    12a2:	df 91       	pop	r29
    12a4:	08 95       	ret

000012a6 <LED_OFF>:

void LED_OFF(uint8_t LED_ID, uint8_t ConnectionState) {
    12a6:	df 93       	push	r29
    12a8:	cf 93       	push	r28
    12aa:	00 d0       	rcall	.+0      	; 0x12ac <LED_OFF+0x6>
    12ac:	cd b7       	in	r28, 0x3d	; 61
    12ae:	de b7       	in	r29, 0x3e	; 62
    12b0:	89 83       	std	Y+1, r24	; 0x01
    12b2:	6a 83       	std	Y+2, r22	; 0x02
	if (ConnectionState == LED_SINK) {
    12b4:	8a 81       	ldd	r24, Y+2	; 0x02
    12b6:	88 23       	and	r24, r24
    12b8:	b9 f4       	brne	.+46     	; 0x12e8 <LED_OFF+0x42>
			DIO_WriteValueForPin(LED_Config[LED_ID].GroupName,
    12ba:	89 81       	ldd	r24, Y+1	; 0x01
    12bc:	88 2f       	mov	r24, r24
    12be:	90 e0       	ldi	r25, 0x00	; 0
    12c0:	88 0f       	add	r24, r24
    12c2:	99 1f       	adc	r25, r25
    12c4:	fc 01       	movw	r30, r24
    12c6:	ec 58       	subi	r30, 0x8C	; 140
    12c8:	ff 4f       	sbci	r31, 0xFF	; 255
    12ca:	20 81       	ld	r18, Z
    12cc:	89 81       	ldd	r24, Y+1	; 0x01
    12ce:	88 2f       	mov	r24, r24
    12d0:	90 e0       	ldi	r25, 0x00	; 0
    12d2:	88 0f       	add	r24, r24
    12d4:	99 1f       	adc	r25, r25
    12d6:	fc 01       	movw	r30, r24
    12d8:	eb 58       	subi	r30, 0x8B	; 139
    12da:	ff 4f       	sbci	r31, 0xFF	; 255
    12dc:	90 81       	ld	r25, Z
    12de:	82 2f       	mov	r24, r18
    12e0:	69 2f       	mov	r22, r25
    12e2:	41 e0       	ldi	r20, 0x01	; 1
    12e4:	0e 94 62 06 	call	0xcc4	; 0xcc4 <DIO_WriteValueForPin>
							LED_Config[LED_ID].PinNo, SinkLED_OFF);
		}
		if (ConnectionState == LED_SOURCE) {
    12e8:	8a 81       	ldd	r24, Y+2	; 0x02
    12ea:	81 30       	cpi	r24, 0x01	; 1
    12ec:	b9 f4       	brne	.+46     	; 0x131c <LED_OFF+0x76>
			DIO_WriteValueForPin(LED_Config[LED_ID].GroupName,
    12ee:	89 81       	ldd	r24, Y+1	; 0x01
    12f0:	88 2f       	mov	r24, r24
    12f2:	90 e0       	ldi	r25, 0x00	; 0
    12f4:	88 0f       	add	r24, r24
    12f6:	99 1f       	adc	r25, r25
    12f8:	fc 01       	movw	r30, r24
    12fa:	ec 58       	subi	r30, 0x8C	; 140
    12fc:	ff 4f       	sbci	r31, 0xFF	; 255
    12fe:	20 81       	ld	r18, Z
    1300:	89 81       	ldd	r24, Y+1	; 0x01
    1302:	88 2f       	mov	r24, r24
    1304:	90 e0       	ldi	r25, 0x00	; 0
    1306:	88 0f       	add	r24, r24
    1308:	99 1f       	adc	r25, r25
    130a:	fc 01       	movw	r30, r24
    130c:	eb 58       	subi	r30, 0x8B	; 139
    130e:	ff 4f       	sbci	r31, 0xFF	; 255
    1310:	90 81       	ld	r25, Z
    1312:	82 2f       	mov	r24, r18
    1314:	69 2f       	mov	r22, r25
    1316:	40 e0       	ldi	r20, 0x00	; 0
    1318:	0e 94 62 06 	call	0xcc4	; 0xcc4 <DIO_WriteValueForPin>
					LED_Config[LED_ID].PinNo, SourceLED_OFF);
		}
}
    131c:	0f 90       	pop	r0
    131e:	0f 90       	pop	r0
    1320:	cf 91       	pop	r28
    1322:	df 91       	pop	r29
    1324:	08 95       	ret

00001326 <LED_Toggle>:

void LED_Toggle(uint8_t LED_ID) {
    1326:	df 93       	push	r29
    1328:	cf 93       	push	r28
    132a:	0f 92       	push	r0
    132c:	cd b7       	in	r28, 0x3d	; 61
    132e:	de b7       	in	r29, 0x3e	; 62
    1330:	89 83       	std	Y+1, r24	; 0x01
	DIO_ToggleAtPin(LED_Config[LED_ID].GroupName, LED_Config[LED_ID].PinNo);
    1332:	89 81       	ldd	r24, Y+1	; 0x01
    1334:	88 2f       	mov	r24, r24
    1336:	90 e0       	ldi	r25, 0x00	; 0
    1338:	88 0f       	add	r24, r24
    133a:	99 1f       	adc	r25, r25
    133c:	fc 01       	movw	r30, r24
    133e:	ec 58       	subi	r30, 0x8C	; 140
    1340:	ff 4f       	sbci	r31, 0xFF	; 255
    1342:	20 81       	ld	r18, Z
    1344:	89 81       	ldd	r24, Y+1	; 0x01
    1346:	88 2f       	mov	r24, r24
    1348:	90 e0       	ldi	r25, 0x00	; 0
    134a:	88 0f       	add	r24, r24
    134c:	99 1f       	adc	r25, r25
    134e:	fc 01       	movw	r30, r24
    1350:	eb 58       	subi	r30, 0x8B	; 139
    1352:	ff 4f       	sbci	r31, 0xFF	; 255
    1354:	90 81       	ld	r25, Z
    1356:	82 2f       	mov	r24, r18
    1358:	69 2f       	mov	r22, r25
    135a:	0e 94 d1 07 	call	0xfa2	; 0xfa2 <DIO_ToggleAtPin>
}
    135e:	0f 90       	pop	r0
    1360:	cf 91       	pop	r28
    1362:	df 91       	pop	r29
    1364:	08 95       	ret

00001366 <Btn_Init>:

static Button_Type Button2_Type;

static Button_Type Button3_Type;

void Btn_Init(uint8_t ConnectionState, uint8_t BtnNo) {
    1366:	df 93       	push	r29
    1368:	cf 93       	push	r28
    136a:	00 d0       	rcall	.+0      	; 0x136c <Btn_Init+0x6>
    136c:	00 d0       	rcall	.+0      	; 0x136e <Btn_Init+0x8>
    136e:	cd b7       	in	r28, 0x3d	; 61
    1370:	de b7       	in	r29, 0x3e	; 62
    1372:	89 83       	std	Y+1, r24	; 0x01
    1374:	6a 83       	std	Y+2, r22	; 0x02
	switch (BtnNo) {
    1376:	8a 81       	ldd	r24, Y+2	; 0x02
    1378:	28 2f       	mov	r18, r24
    137a:	30 e0       	ldi	r19, 0x00	; 0
    137c:	3c 83       	std	Y+4, r19	; 0x04
    137e:	2b 83       	std	Y+3, r18	; 0x03
    1380:	8b 81       	ldd	r24, Y+3	; 0x03
    1382:	9c 81       	ldd	r25, Y+4	; 0x04
    1384:	82 30       	cpi	r24, 0x02	; 2
    1386:	91 05       	cpc	r25, r1
    1388:	e9 f0       	breq	.+58     	; 0x13c4 <Btn_Init+0x5e>
    138a:	2b 81       	ldd	r18, Y+3	; 0x03
    138c:	3c 81       	ldd	r19, Y+4	; 0x04
    138e:	23 30       	cpi	r18, 0x03	; 3
    1390:	31 05       	cpc	r19, r1
    1392:	59 f1       	breq	.+86     	; 0x13ea <Btn_Init+0x84>
    1394:	8b 81       	ldd	r24, Y+3	; 0x03
    1396:	9c 81       	ldd	r25, Y+4	; 0x04
    1398:	81 30       	cpi	r24, 0x01	; 1
    139a:	91 05       	cpc	r25, r1
    139c:	c1 f5       	brne	.+112    	; 0x140e <Btn_Init+0xa8>
	case Btn1:
		Button1_Type = ConnectionState;
    139e:	89 81       	ldd	r24, Y+1	; 0x01
    13a0:	80 93 84 00 	sts	0x0084, r24

		if (ConnectionState == BUTTON_SINK) {
    13a4:	89 81       	ldd	r24, Y+1	; 0x01
    13a6:	88 23       	and	r24, r24
    13a8:	29 f4       	brne	.+10     	; 0x13b4 <Btn_Init+0x4e>
			DIO_EnableInternalPullUp( BUTTON0_Group, BUTTON0_Pin);
    13aa:	81 e0       	ldi	r24, 0x01	; 1
    13ac:	60 e0       	ldi	r22, 0x00	; 0
    13ae:	0e 94 7b 08 	call	0x10f6	; 0x10f6 <DIO_EnableInternalPullUp>
    13b2:	2d c0       	rjmp	.+90     	; 0x140e <Btn_Init+0xa8>
		} else if (ConnectionState == BUTTON_SOURCE) {
    13b4:	89 81       	ldd	r24, Y+1	; 0x01
    13b6:	81 30       	cpi	r24, 0x01	; 1
    13b8:	51 f5       	brne	.+84     	; 0x140e <Btn_Init+0xa8>
			DIO_DisableInternalPullUp( BUTTON0_Group, BUTTON0_Pin);
    13ba:	81 e0       	ldi	r24, 0x01	; 1
    13bc:	60 e0       	ldi	r22, 0x00	; 0
    13be:	0e 94 94 08 	call	0x1128	; 0x1128 <DIO_DisableInternalPullUp>
    13c2:	25 c0       	rjmp	.+74     	; 0x140e <Btn_Init+0xa8>

		break;

	case Btn2:

		Button2_Type = ConnectionState;
    13c4:	89 81       	ldd	r24, Y+1	; 0x01
    13c6:	80 93 85 00 	sts	0x0085, r24

		if (ConnectionState == BUTTON_SINK) {
    13ca:	89 81       	ldd	r24, Y+1	; 0x01
    13cc:	88 23       	and	r24, r24
    13ce:	29 f4       	brne	.+10     	; 0x13da <Btn_Init+0x74>
			DIO_EnableInternalPullUp(BUTTON1_Group, BUTTON1_Pin);
    13d0:	81 e0       	ldi	r24, 0x01	; 1
    13d2:	61 e0       	ldi	r22, 0x01	; 1
    13d4:	0e 94 7b 08 	call	0x10f6	; 0x10f6 <DIO_EnableInternalPullUp>
    13d8:	1a c0       	rjmp	.+52     	; 0x140e <Btn_Init+0xa8>
		} else if (ConnectionState == BUTTON_SOURCE) {
    13da:	89 81       	ldd	r24, Y+1	; 0x01
    13dc:	81 30       	cpi	r24, 0x01	; 1
    13de:	b9 f4       	brne	.+46     	; 0x140e <Btn_Init+0xa8>
			DIO_DisableInternalPullUp( BUTTON1_Group, BUTTON1_Pin);
    13e0:	81 e0       	ldi	r24, 0x01	; 1
    13e2:	61 e0       	ldi	r22, 0x01	; 1
    13e4:	0e 94 94 08 	call	0x1128	; 0x1128 <DIO_DisableInternalPullUp>
    13e8:	12 c0       	rjmp	.+36     	; 0x140e <Btn_Init+0xa8>

		break;

	case Btn3:

		Button3_Type = ConnectionState;
    13ea:	89 81       	ldd	r24, Y+1	; 0x01
    13ec:	80 93 86 00 	sts	0x0086, r24

		if (ConnectionState == BUTTON_SINK) {
    13f0:	89 81       	ldd	r24, Y+1	; 0x01
    13f2:	88 23       	and	r24, r24
    13f4:	29 f4       	brne	.+10     	; 0x1400 <Btn_Init+0x9a>
			DIO_EnableInternalPullUp(
    13f6:	81 e0       	ldi	r24, 0x01	; 1
    13f8:	62 e0       	ldi	r22, 0x02	; 2
    13fa:	0e 94 7b 08 	call	0x10f6	; 0x10f6 <DIO_EnableInternalPullUp>
    13fe:	07 c0       	rjmp	.+14     	; 0x140e <Btn_Init+0xa8>
			BUTTON2_Group,
			BUTTON2_Pin);
		} else if (ConnectionState == BUTTON_SOURCE) {
    1400:	89 81       	ldd	r24, Y+1	; 0x01
    1402:	81 30       	cpi	r24, 0x01	; 1
    1404:	21 f4       	brne	.+8      	; 0x140e <Btn_Init+0xa8>
			DIO_DisableInternalPullUp( BUTTON2_Group, BUTTON2_Pin);
    1406:	81 e0       	ldi	r24, 0x01	; 1
    1408:	62 e0       	ldi	r22, 0x02	; 2
    140a:	0e 94 94 08 	call	0x1128	; 0x1128 <DIO_DisableInternalPullUp>
		break;

	default:
		break;
	}
}
    140e:	0f 90       	pop	r0
    1410:	0f 90       	pop	r0
    1412:	0f 90       	pop	r0
    1414:	0f 90       	pop	r0
    1416:	cf 91       	pop	r28
    1418:	df 91       	pop	r29
    141a:	08 95       	ret

0000141c <Btn_GetState>:

uint8_t Btn_GetState(uint8_t BtnNo, uint8_t ConnectionState) {
    141c:	df 93       	push	r29
    141e:	cf 93       	push	r28
    1420:	00 d0       	rcall	.+0      	; 0x1422 <Btn_GetState+0x6>
    1422:	00 d0       	rcall	.+0      	; 0x1424 <Btn_GetState+0x8>
    1424:	00 d0       	rcall	.+0      	; 0x1426 <Btn_GetState+0xa>
    1426:	cd b7       	in	r28, 0x3d	; 61
    1428:	de b7       	in	r29, 0x3e	; 62
    142a:	8a 83       	std	Y+2, r24	; 0x02
    142c:	6b 83       	std	Y+3, r22	; 0x03
	uint8_t InputValue;

	switch (BtnNo) {
    142e:	8a 81       	ldd	r24, Y+2	; 0x02
    1430:	28 2f       	mov	r18, r24
    1432:	30 e0       	ldi	r19, 0x00	; 0
    1434:	3e 83       	std	Y+6, r19	; 0x06
    1436:	2d 83       	std	Y+5, r18	; 0x05
    1438:	8d 81       	ldd	r24, Y+5	; 0x05
    143a:	9e 81       	ldd	r25, Y+6	; 0x06
    143c:	82 30       	cpi	r24, 0x02	; 2
    143e:	91 05       	cpc	r25, r1
    1440:	61 f1       	breq	.+88     	; 0x149a <Btn_GetState+0x7e>
    1442:	2d 81       	ldd	r18, Y+5	; 0x05
    1444:	3e 81       	ldd	r19, Y+6	; 0x06
    1446:	23 30       	cpi	r18, 0x03	; 3
    1448:	31 05       	cpc	r19, r1
    144a:	09 f4       	brne	.+2      	; 0x144e <Btn_GetState+0x32>
    144c:	46 c0       	rjmp	.+140    	; 0x14da <Btn_GetState+0xbe>
    144e:	8d 81       	ldd	r24, Y+5	; 0x05
    1450:	9e 81       	ldd	r25, Y+6	; 0x06
    1452:	81 30       	cpi	r24, 0x01	; 1
    1454:	91 05       	cpc	r25, r1
    1456:	09 f0       	breq	.+2      	; 0x145a <Btn_GetState+0x3e>
    1458:	60 c0       	rjmp	.+192    	; 0x151a <Btn_GetState+0xfe>
	case Btn1:
		DIO_ReadValueForPin(BUTTON0_Group, BUTTON0_Pin, &InputValue);
    145a:	81 e0       	ldi	r24, 0x01	; 1
    145c:	60 e0       	ldi	r22, 0x00	; 0
    145e:	9e 01       	movw	r18, r28
    1460:	2f 5f       	subi	r18, 0xFF	; 255
    1462:	3f 4f       	sbci	r19, 0xFF	; 255
    1464:	a9 01       	movw	r20, r18
    1466:	0e 94 21 07 	call	0xe42	; 0xe42 <DIO_ReadValueForPin>

		if (ConnectionState == BUTTON_SINK) {
    146a:	8b 81       	ldd	r24, Y+3	; 0x03
    146c:	88 23       	and	r24, r24
    146e:	41 f4       	brne	.+16     	; 0x1480 <Btn_GetState+0x64>
			if (InputValue == SinkNotPressed) {
    1470:	89 81       	ldd	r24, Y+1	; 0x01
    1472:	81 30       	cpi	r24, 0x01	; 1
    1474:	19 f4       	brne	.+6      	; 0x147c <Btn_GetState+0x60>
				return SinkNotPressed;
    1476:	91 e0       	ldi	r25, 0x01	; 1
    1478:	9c 83       	std	Y+4, r25	; 0x04
    147a:	50 c0       	rjmp	.+160    	; 0x151c <Btn_GetState+0x100>
			} else {
				return SinkPressed;
    147c:	1c 82       	std	Y+4, r1	; 0x04
    147e:	4e c0       	rjmp	.+156    	; 0x151c <Btn_GetState+0x100>
			}
		} else if (ConnectionState == BUTTON_SOURCE) {
    1480:	8b 81       	ldd	r24, Y+3	; 0x03
    1482:	81 30       	cpi	r24, 0x01	; 1
    1484:	41 f4       	brne	.+16     	; 0x1496 <Btn_GetState+0x7a>
			if (InputValue == SourceNotPressed) {
    1486:	89 81       	ldd	r24, Y+1	; 0x01
    1488:	88 23       	and	r24, r24
    148a:	11 f4       	brne	.+4      	; 0x1490 <Btn_GetState+0x74>
				return SourceNotPressed;
    148c:	1c 82       	std	Y+4, r1	; 0x04
    148e:	46 c0       	rjmp	.+140    	; 0x151c <Btn_GetState+0x100>
			} else {
				return SourcePressed;
    1490:	21 e0       	ldi	r18, 0x01	; 1
    1492:	2c 83       	std	Y+4, r18	; 0x04
    1494:	43 c0       	rjmp	.+134    	; 0x151c <Btn_GetState+0x100>
			}
		} else {
			return 0;
    1496:	1c 82       	std	Y+4, r1	; 0x04
    1498:	41 c0       	rjmp	.+130    	; 0x151c <Btn_GetState+0x100>
		}

		break;

	case Btn2:
		DIO_ReadValueForPin(BUTTON1_Group, BUTTON1_Pin, &InputValue);
    149a:	81 e0       	ldi	r24, 0x01	; 1
    149c:	61 e0       	ldi	r22, 0x01	; 1
    149e:	9e 01       	movw	r18, r28
    14a0:	2f 5f       	subi	r18, 0xFF	; 255
    14a2:	3f 4f       	sbci	r19, 0xFF	; 255
    14a4:	a9 01       	movw	r20, r18
    14a6:	0e 94 21 07 	call	0xe42	; 0xe42 <DIO_ReadValueForPin>

		if (ConnectionState == BUTTON_SINK) {
    14aa:	8b 81       	ldd	r24, Y+3	; 0x03
    14ac:	88 23       	and	r24, r24
    14ae:	41 f4       	brne	.+16     	; 0x14c0 <Btn_GetState+0xa4>
			if (InputValue == SinkNotPressed) {
    14b0:	89 81       	ldd	r24, Y+1	; 0x01
    14b2:	81 30       	cpi	r24, 0x01	; 1
    14b4:	19 f4       	brne	.+6      	; 0x14bc <Btn_GetState+0xa0>
				return SinkNotPressed;
    14b6:	31 e0       	ldi	r19, 0x01	; 1
    14b8:	3c 83       	std	Y+4, r19	; 0x04
    14ba:	30 c0       	rjmp	.+96     	; 0x151c <Btn_GetState+0x100>
			} else {
				return SinkPressed;
    14bc:	1c 82       	std	Y+4, r1	; 0x04
    14be:	2e c0       	rjmp	.+92     	; 0x151c <Btn_GetState+0x100>
			}
		} else if (ConnectionState == BUTTON_SOURCE) {
    14c0:	8b 81       	ldd	r24, Y+3	; 0x03
    14c2:	81 30       	cpi	r24, 0x01	; 1
    14c4:	41 f4       	brne	.+16     	; 0x14d6 <Btn_GetState+0xba>
			if (InputValue == SourceNotPressed) {
    14c6:	89 81       	ldd	r24, Y+1	; 0x01
    14c8:	88 23       	and	r24, r24
    14ca:	11 f4       	brne	.+4      	; 0x14d0 <Btn_GetState+0xb4>
				return SourceNotPressed;
    14cc:	1c 82       	std	Y+4, r1	; 0x04
    14ce:	26 c0       	rjmp	.+76     	; 0x151c <Btn_GetState+0x100>
			} else {
				return SourcePressed;
    14d0:	81 e0       	ldi	r24, 0x01	; 1
    14d2:	8c 83       	std	Y+4, r24	; 0x04
    14d4:	23 c0       	rjmp	.+70     	; 0x151c <Btn_GetState+0x100>
			}
		} else {
			return 0;
    14d6:	1c 82       	std	Y+4, r1	; 0x04
    14d8:	21 c0       	rjmp	.+66     	; 0x151c <Btn_GetState+0x100>

			//error code
		}
		break;
	case Btn3:
		DIO_ReadValueForPin(BUTTON2_Group, BUTTON2_Pin, &InputValue);
    14da:	81 e0       	ldi	r24, 0x01	; 1
    14dc:	62 e0       	ldi	r22, 0x02	; 2
    14de:	9e 01       	movw	r18, r28
    14e0:	2f 5f       	subi	r18, 0xFF	; 255
    14e2:	3f 4f       	sbci	r19, 0xFF	; 255
    14e4:	a9 01       	movw	r20, r18
    14e6:	0e 94 21 07 	call	0xe42	; 0xe42 <DIO_ReadValueForPin>

		if (ConnectionState == BUTTON_SINK) {
    14ea:	8b 81       	ldd	r24, Y+3	; 0x03
    14ec:	88 23       	and	r24, r24
    14ee:	41 f4       	brne	.+16     	; 0x1500 <Btn_GetState+0xe4>
			if (InputValue == SinkNotPressed) {
    14f0:	89 81       	ldd	r24, Y+1	; 0x01
    14f2:	81 30       	cpi	r24, 0x01	; 1
    14f4:	19 f4       	brne	.+6      	; 0x14fc <Btn_GetState+0xe0>
				return SinkNotPressed;
    14f6:	91 e0       	ldi	r25, 0x01	; 1
    14f8:	9c 83       	std	Y+4, r25	; 0x04
    14fa:	10 c0       	rjmp	.+32     	; 0x151c <Btn_GetState+0x100>
			} else {
				return SinkPressed;
    14fc:	1c 82       	std	Y+4, r1	; 0x04
    14fe:	0e c0       	rjmp	.+28     	; 0x151c <Btn_GetState+0x100>
			}
		} else if (ConnectionState == BUTTON_SOURCE) {
    1500:	8b 81       	ldd	r24, Y+3	; 0x03
    1502:	81 30       	cpi	r24, 0x01	; 1
    1504:	41 f4       	brne	.+16     	; 0x1516 <Btn_GetState+0xfa>
			if (InputValue == SourceNotPressed) {
    1506:	89 81       	ldd	r24, Y+1	; 0x01
    1508:	88 23       	and	r24, r24
    150a:	11 f4       	brne	.+4      	; 0x1510 <Btn_GetState+0xf4>
				return SourceNotPressed;
    150c:	1c 82       	std	Y+4, r1	; 0x04
    150e:	06 c0       	rjmp	.+12     	; 0x151c <Btn_GetState+0x100>
			} else {
				return SourcePressed;
    1510:	21 e0       	ldi	r18, 0x01	; 1
    1512:	2c 83       	std	Y+4, r18	; 0x04
    1514:	03 c0       	rjmp	.+6      	; 0x151c <Btn_GetState+0x100>
			}
		} else {
			return 0;
    1516:	1c 82       	std	Y+4, r1	; 0x04
    1518:	01 c0       	rjmp	.+2      	; 0x151c <Btn_GetState+0x100>
			//error code
		}
		break;
	default:
		return 0;
    151a:	1c 82       	std	Y+4, r1	; 0x04
    151c:	8c 81       	ldd	r24, Y+4	; 0x04
	}

}
    151e:	26 96       	adiw	r28, 0x06	; 6
    1520:	0f b6       	in	r0, 0x3f	; 63
    1522:	f8 94       	cli
    1524:	de bf       	out	0x3e, r29	; 62
    1526:	0f be       	out	0x3f, r0	; 63
    1528:	cd bf       	out	0x3d, r28	; 61
    152a:	cf 91       	pop	r28
    152c:	df 91       	pop	r29
    152e:	08 95       	ret

00001530 <Buzzer_Off>:

Buzzer_Config_t Buzzer_Config;


void Buzzer_Off(void)
{       DIO_WriteValueForPin(Buzzer_Config.GroupName,
    1530:	df 93       	push	r29
    1532:	cf 93       	push	r28
    1534:	cd b7       	in	r28, 0x3d	; 61
    1536:	de b7       	in	r29, 0x3e	; 62
    1538:	80 91 8d 00 	lds	r24, 0x008D
    153c:	90 91 8e 00 	lds	r25, 0x008E
    1540:	69 2f       	mov	r22, r25
    1542:	40 e0       	ldi	r20, 0x00	; 0
    1544:	0e 94 62 06 	call	0xcc4	; 0xcc4 <DIO_WriteValueForPin>
        Buzzer_Config.PinNo,
        DIO_Low);
}
    1548:	cf 91       	pop	r28
    154a:	df 91       	pop	r29
    154c:	08 95       	ret

0000154e <Buzzer_Init>:



void Buzzer_Init(Buzzer_Config_t *Config)
{
    154e:	df 93       	push	r29
    1550:	cf 93       	push	r28
    1552:	00 d0       	rcall	.+0      	; 0x1554 <Buzzer_Init+0x6>
    1554:	cd b7       	in	r28, 0x3d	; 61
    1556:	de b7       	in	r29, 0x3e	; 62
    1558:	9a 83       	std	Y+2, r25	; 0x02
    155a:	89 83       	std	Y+1, r24	; 0x01
    Buzzer_Config = *Config;
    155c:	e9 81       	ldd	r30, Y+1	; 0x01
    155e:	fa 81       	ldd	r31, Y+2	; 0x02
    1560:	80 81       	ld	r24, Z
    1562:	91 81       	ldd	r25, Z+1	; 0x01
    1564:	90 93 8e 00 	sts	0x008E, r25
    1568:	80 93 8d 00 	sts	0x008D, r24

    DIO_SelectDirectionForPin(
    156c:	80 91 8d 00 	lds	r24, 0x008D
    1570:	90 91 8e 00 	lds	r25, 0x008E
    1574:	69 2f       	mov	r22, r25
    1576:	41 e0       	ldi	r20, 0x01	; 1
    1578:	0e 94 a3 05 	call	0xb46	; 0xb46 <DIO_SelectDirectionForPin>
        Buzzer_Config.GroupName,
        Buzzer_Config.PinNo,
        DIO_Output
    );

    Buzzer_Off();
    157c:	0e 94 98 0a 	call	0x1530	; 0x1530 <Buzzer_Off>
}
    1580:	0f 90       	pop	r0
    1582:	0f 90       	pop	r0
    1584:	cf 91       	pop	r28
    1586:	df 91       	pop	r29
    1588:	08 95       	ret

0000158a <Buzzer_On>:

void Buzzer_On(void)
{
    158a:	df 93       	push	r29
    158c:	cf 93       	push	r28
    158e:	cd b7       	in	r28, 0x3d	; 61
    1590:	de b7       	in	r29, 0x3e	; 62
    DIO_WriteValueForPin(Buzzer_Config.GroupName,
    1592:	80 91 8d 00 	lds	r24, 0x008D
    1596:	90 91 8e 00 	lds	r25, 0x008E
    159a:	69 2f       	mov	r22, r25
    159c:	41 e0       	ldi	r20, 0x01	; 1
    159e:	0e 94 62 06 	call	0xcc4	; 0xcc4 <DIO_WriteValueForPin>
        Buzzer_Config.PinNo,
        DIO_High);
}
    15a2:	cf 91       	pop	r28
    15a4:	df 91       	pop	r29
    15a6:	08 95       	ret

000015a8 <Buzzer_Toggle>:

void Buzzer_Toggle(void)
{
    15a8:	df 93       	push	r29
    15aa:	cf 93       	push	r28
    15ac:	cd b7       	in	r28, 0x3d	; 61
    15ae:	de b7       	in	r29, 0x3e	; 62
    DIO_ToggleAtPin(Buzzer_Config.GroupName,
    15b0:	80 91 8d 00 	lds	r24, 0x008D
    15b4:	90 91 8e 00 	lds	r25, 0x008E
    15b8:	69 2f       	mov	r22, r25
    15ba:	0e 94 d1 07 	call	0xfa2	; 0xfa2 <DIO_ToggleAtPin>
        Buzzer_Config.PinNo);
}
    15be:	cf 91       	pop	r28
    15c0:	df 91       	pop	r29
    15c2:	08 95       	ret

000015c4 <Button_Init>:


#include "../../Common/BitMath.h"
static Button_Config_t Button_Config[3];

void Button_Init(uint8_t Button_ID, uint8_t GroupName, uint8_t PinNo){
    15c4:	df 93       	push	r29
    15c6:	cf 93       	push	r28
    15c8:	00 d0       	rcall	.+0      	; 0x15ca <Button_Init+0x6>
    15ca:	0f 92       	push	r0
    15cc:	cd b7       	in	r28, 0x3d	; 61
    15ce:	de b7       	in	r29, 0x3e	; 62
    15d0:	89 83       	std	Y+1, r24	; 0x01
    15d2:	6a 83       	std	Y+2, r22	; 0x02
    15d4:	4b 83       	std	Y+3, r20	; 0x03
	Button_Config[Button_ID].GroupName=GroupName;
    15d6:	89 81       	ldd	r24, Y+1	; 0x01
    15d8:	88 2f       	mov	r24, r24
    15da:	90 e0       	ldi	r25, 0x00	; 0
    15dc:	88 0f       	add	r24, r24
    15de:	99 1f       	adc	r25, r25
    15e0:	fc 01       	movw	r30, r24
    15e2:	e9 57       	subi	r30, 0x79	; 121
    15e4:	ff 4f       	sbci	r31, 0xFF	; 255
    15e6:	8a 81       	ldd	r24, Y+2	; 0x02
    15e8:	80 83       	st	Z, r24
	Button_Config[Button_ID].PinNo=PinNo;
    15ea:	89 81       	ldd	r24, Y+1	; 0x01
    15ec:	88 2f       	mov	r24, r24
    15ee:	90 e0       	ldi	r25, 0x00	; 0
    15f0:	88 0f       	add	r24, r24
    15f2:	99 1f       	adc	r25, r25
    15f4:	fc 01       	movw	r30, r24
    15f6:	e8 57       	subi	r30, 0x78	; 120
    15f8:	ff 4f       	sbci	r31, 0xFF	; 255
    15fa:	8b 81       	ldd	r24, Y+3	; 0x03
    15fc:	80 83       	st	Z, r24

	DIO_EnableInternalPullUp(Button_Config[Button_ID].GroupName,Button_Config[Button_ID].PinNo);
    15fe:	89 81       	ldd	r24, Y+1	; 0x01
    1600:	88 2f       	mov	r24, r24
    1602:	90 e0       	ldi	r25, 0x00	; 0
    1604:	88 0f       	add	r24, r24
    1606:	99 1f       	adc	r25, r25
    1608:	fc 01       	movw	r30, r24
    160a:	e9 57       	subi	r30, 0x79	; 121
    160c:	ff 4f       	sbci	r31, 0xFF	; 255
    160e:	80 81       	ld	r24, Z
    1610:	48 2f       	mov	r20, r24
    1612:	50 e0       	ldi	r21, 0x00	; 0
    1614:	89 81       	ldd	r24, Y+1	; 0x01
    1616:	88 2f       	mov	r24, r24
    1618:	90 e0       	ldi	r25, 0x00	; 0
    161a:	88 0f       	add	r24, r24
    161c:	99 1f       	adc	r25, r25
    161e:	fc 01       	movw	r30, r24
    1620:	e8 57       	subi	r30, 0x78	; 120
    1622:	ff 4f       	sbci	r31, 0xFF	; 255
    1624:	80 81       	ld	r24, Z
    1626:	28 2f       	mov	r18, r24
    1628:	30 e0       	ldi	r19, 0x00	; 0
    162a:	ca 01       	movw	r24, r20
    162c:	b9 01       	movw	r22, r18
    162e:	0e 94 7b 08 	call	0x10f6	; 0x10f6 <DIO_EnableInternalPullUp>
}
    1632:	0f 90       	pop	r0
    1634:	0f 90       	pop	r0
    1636:	0f 90       	pop	r0
    1638:	cf 91       	pop	r28
    163a:	df 91       	pop	r29
    163c:	08 95       	ret

0000163e <Button_GetState>:

uint8_t Button_GetState(uint8_t Button_ID)
{
    163e:	df 93       	push	r29
    1640:	cf 93       	push	r28
    1642:	00 d0       	rcall	.+0      	; 0x1644 <Button_GetState+0x6>
    1644:	0f 92       	push	r0
    1646:	cd b7       	in	r28, 0x3d	; 61
    1648:	de b7       	in	r29, 0x3e	; 62
    164a:	8a 83       	std	Y+2, r24	; 0x02
    uint8_t InputValue;

    DIO_ReadValueForPin(
    164c:	8a 81       	ldd	r24, Y+2	; 0x02
    164e:	88 2f       	mov	r24, r24
    1650:	90 e0       	ldi	r25, 0x00	; 0
    1652:	88 0f       	add	r24, r24
    1654:	99 1f       	adc	r25, r25
    1656:	fc 01       	movw	r30, r24
    1658:	e9 57       	subi	r30, 0x79	; 121
    165a:	ff 4f       	sbci	r31, 0xFF	; 255
    165c:	80 81       	ld	r24, Z
    165e:	48 2f       	mov	r20, r24
    1660:	50 e0       	ldi	r21, 0x00	; 0
    1662:	8a 81       	ldd	r24, Y+2	; 0x02
    1664:	88 2f       	mov	r24, r24
    1666:	90 e0       	ldi	r25, 0x00	; 0
    1668:	88 0f       	add	r24, r24
    166a:	99 1f       	adc	r25, r25
    166c:	fc 01       	movw	r30, r24
    166e:	e8 57       	subi	r30, 0x78	; 120
    1670:	ff 4f       	sbci	r31, 0xFF	; 255
    1672:	80 81       	ld	r24, Z
    1674:	28 2f       	mov	r18, r24
    1676:	30 e0       	ldi	r19, 0x00	; 0
    1678:	ca 01       	movw	r24, r20
    167a:	b9 01       	movw	r22, r18
    167c:	9e 01       	movw	r18, r28
    167e:	2f 5f       	subi	r18, 0xFF	; 255
    1680:	3f 4f       	sbci	r19, 0xFF	; 255
    1682:	a9 01       	movw	r20, r18
    1684:	0e 94 21 07 	call	0xe42	; 0xe42 <DIO_ReadValueForPin>
        Button_Config[Button_ID].GroupName,
        Button_Config[Button_ID].PinNo,
        &InputValue
    );

    if (InputValue == DIO_High)
    1688:	89 81       	ldd	r24, Y+1	; 0x01
    168a:	81 30       	cpi	r24, 0x01	; 1
    168c:	19 f4       	brne	.+6      	; 0x1694 <Button_GetState+0x56>
    {
        return BUTTON_NOT_PRESSED;
    168e:	81 e0       	ldi	r24, 0x01	; 1
    1690:	8b 83       	std	Y+3, r24	; 0x03
    1692:	01 c0       	rjmp	.+2      	; 0x1696 <Button_GetState+0x58>
    }
    else
    {
        return BUTTON_PRESSED;
    1694:	1b 82       	std	Y+3, r1	; 0x03
    1696:	8b 81       	ldd	r24, Y+3	; 0x03
    }
}
    1698:	0f 90       	pop	r0
    169a:	0f 90       	pop	r0
    169c:	0f 90       	pop	r0
    169e:	cf 91       	pop	r28
    16a0:	df 91       	pop	r29
    16a2:	08 95       	ret

000016a4 <main>:
Buzzer_Config_t myBuzzer = {
    .GroupName = DIO_GroupC,
    .PinNo = DIO_pin4
};

int main(void) {
    16a4:	df 93       	push	r29
    16a6:	cf 93       	push	r28
    16a8:	cd b7       	in	r28, 0x3d	; 61
    16aa:	de b7       	in	r29, 0x3e	; 62
    16ac:	63 97       	sbiw	r28, 0x13	; 19
    16ae:	0f b6       	in	r0, 0x3f	; 63
    16b0:	f8 94       	cli
    16b2:	de bf       	out	0x3e, r29	; 62
    16b4:	0f be       	out	0x3f, r0	; 63
    16b6:	cd bf       	out	0x3d, r28	; 61
    Btn_Init(BUTTON_SINK,Btn1);
    16b8:	80 e0       	ldi	r24, 0x00	; 0
    16ba:	61 e0       	ldi	r22, 0x01	; 1
    16bc:	0e 94 b3 09 	call	0x1366	; 0x1366 <Btn_Init>
	//DIO_EnableInternalPullUp(DIO_GroupC, DIO_pin0);
    Btn_Init(BUTTON_SINK,Btn2);
    16c0:	80 e0       	ldi	r24, 0x00	; 0
    16c2:	62 e0       	ldi	r22, 0x02	; 2
    16c4:	0e 94 b3 09 	call	0x1366	; 0x1366 <Btn_Init>
	//DIO_EnableInternalPullUp(DIO_GroupC, DIO_pin1);
    Btn_Init(BUTTON_SINK,Btn3);
    16c8:	80 e0       	ldi	r24, 0x00	; 0
    16ca:	63 e0       	ldi	r22, 0x03	; 3
    16cc:	0e 94 b3 09 	call	0x1366	; 0x1366 <Btn_Init>
	//DIO_EnableInternalPullUp(DIO_GroupC, DIO_pin2);

	//set(DDRC_Reg, 3);
    LED_Init(LED1,DIO_GroupC,DIO_pin3);
    16d0:	80 e0       	ldi	r24, 0x00	; 0
    16d2:	63 e0       	ldi	r22, 0x03	; 3
    16d4:	43 e0       	ldi	r20, 0x03	; 3
    16d6:	0e 94 eb 08 	call	0x11d6	; 0x11d6 <LED_Init>
	//DIO_SelectDirectionForPin(DIO_GroupC, DIO_pin3, DIO_Output);

	//set(DDRC_Reg, 4);
    Buzzer_Init(&myBuzzer);
    16da:	82 e7       	ldi	r24, 0x72	; 114
    16dc:	90 e0       	ldi	r25, 0x00	; 0
    16de:	0e 94 a7 0a 	call	0x154e	; 0x154e <Buzzer_Init>

	//DIO_SelectDirectionForAll(DIO_GroupD, DIO_AllOutput);

	//uint8_t State = notPressed;
	//uint8_t oldState = notPressed;
	uint8_t counter = 0;
    16e2:	1b 8a       	std	Y+19, r1	; 0x13
	//uint8_t State2 = notPressed;
	//uint8_t State3 = notPressed;
	uint8_t State = SinkNotPressed;
    16e4:	81 e0       	ldi	r24, 0x01	; 1
    16e6:	8a 8b       	std	Y+18, r24	; 0x12
	uint8_t oldState = SinkNotPressed;
    16e8:	81 e0       	ldi	r24, 0x01	; 1
    16ea:	89 8b       	std	Y+17, r24	; 0x11
	uint8_t State2 = SinkNotPressed;
    16ec:	81 e0       	ldi	r24, 0x01	; 1
    16ee:	88 8b       	std	Y+16, r24	; 0x10
	uint8_t State3 = SinkNotPressed;
    16f0:	81 e0       	ldi	r24, 0x01	; 1
    16f2:	8f 87       	std	Y+15, r24	; 0x0f
	while (1) {

		State =Btn_GetState(Btn1,BUTTON_SINK);
    16f4:	81 e0       	ldi	r24, 0x01	; 1
    16f6:	60 e0       	ldi	r22, 0x00	; 0
    16f8:	0e 94 0e 0a 	call	0x141c	; 0x141c <Btn_GetState>
    16fc:	8a 8b       	std	Y+18, r24	; 0x12
		//DIO_ReadValueForPin(DIO_GroupC, DIO_pin0, &State);
		// read(PINC_Reg, 0);
		//State2 = read(PINC_Reg, 1);
		State2 =Btn_GetState(Btn2,BUTTON_SINK);
    16fe:	82 e0       	ldi	r24, 0x02	; 2
    1700:	60 e0       	ldi	r22, 0x00	; 0
    1702:	0e 94 0e 0a 	call	0x141c	; 0x141c <Btn_GetState>
    1706:	88 8b       	std	Y+16, r24	; 0x10

		//DIO_ReadValueForPin(DIO_GroupC, DIO_pin1, &State2);
		//State3 = read(PINC_Reg,2);
		State3 =Btn_GetState(Btn3,BUTTON_SINK);
    1708:	83 e0       	ldi	r24, 0x03	; 3
    170a:	60 e0       	ldi	r22, 0x00	; 0
    170c:	0e 94 0e 0a 	call	0x141c	; 0x141c <Btn_GetState>
    1710:	8f 87       	std	Y+15, r24	; 0x0f
		//DIO_ReadValueForPin(DIO_GroupC, DIO_pin2, &State3);

		if (oldState == SinkNotPressed && State == SinkPressed) {
    1712:	89 89       	ldd	r24, Y+17	; 0x11
    1714:	81 30       	cpi	r24, 0x01	; 1
    1716:	71 f4       	brne	.+28     	; 0x1734 <main+0x90>
    1718:	8a 89       	ldd	r24, Y+18	; 0x12
    171a:	88 23       	and	r24, r24
    171c:	59 f4       	brne	.+22     	; 0x1734 <main+0x90>
			SS_WriteNumber(counter,SS2);
    171e:	8b 89       	ldd	r24, Y+19	; 0x13
    1720:	62 e0       	ldi	r22, 0x02	; 2
    1722:	0e 94 ad 08 	call	0x115a	; 0x115a <SS_WriteNumber>
			counter++;
    1726:	8b 89       	ldd	r24, Y+19	; 0x13
    1728:	8f 5f       	subi	r24, 0xFF	; 255
    172a:	8b 8b       	std	Y+19, r24	; 0x13
			if (counter > 9) {
    172c:	8b 89       	ldd	r24, Y+19	; 0x13
    172e:	8a 30       	cpi	r24, 0x0A	; 10
    1730:	08 f0       	brcs	.+2      	; 0x1734 <main+0x90>
				counter = 0;
    1732:	1b 8a       	std	Y+19, r1	; 0x13
			}
		}
		oldState = State;
    1734:	8a 89       	ldd	r24, Y+18	; 0x12
    1736:	89 8b       	std	Y+17, r24	; 0x11
		if (State2 == SinkPressed) {
    1738:	88 89       	ldd	r24, Y+16	; 0x10
    173a:	88 23       	and	r24, r24
    173c:	29 f4       	brne	.+10     	; 0x1748 <main+0xa4>
			//set(PORTC_Reg, 3);
			LED_ON(LED1,LED_SOURCE);
    173e:	80 e0       	ldi	r24, 0x00	; 0
    1740:	61 e0       	ldi	r22, 0x01	; 1
    1742:	0e 94 13 09 	call	0x1226	; 0x1226 <LED_ON>
    1746:	07 c0       	rjmp	.+14     	; 0x1756 <main+0xb2>
			//DIO_WriteValueForPin(DIO_GroupC, DIO_pin3, DIO_High);
		}
		else if (State2 == SinkNotPressed) {            //clear(PORTC_Reg, 3);
    1748:	88 89       	ldd	r24, Y+16	; 0x10
    174a:	81 30       	cpi	r24, 0x01	; 1
    174c:	21 f4       	brne	.+8      	; 0x1756 <main+0xb2>
			LED_OFF(LED1,LED_SOURCE);
    174e:	80 e0       	ldi	r24, 0x00	; 0
    1750:	61 e0       	ldi	r22, 0x01	; 1
    1752:	0e 94 53 09 	call	0x12a6	; 0x12a6 <LED_OFF>

			//DIO_WriteValueForPin(DIO_GroupC, DIO_pin3, DIO_Low);
		}

		if (State3 == Pressed) {
    1756:	8f 85       	ldd	r24, Y+15	; 0x0f
    1758:	88 23       	and	r24, r24
    175a:	09 f0       	breq	.+2      	; 0x175e <main+0xba>
    175c:	75 c0       	rjmp	.+234    	; 0x1848 <main+0x1a4>
			//toggle(PORTC_Reg,4);
			Buzzer_Toggle();
    175e:	0e 94 d4 0a 	call	0x15a8	; 0x15a8 <Buzzer_Toggle>
    1762:	80 e0       	ldi	r24, 0x00	; 0
    1764:	90 e0       	ldi	r25, 0x00	; 0
    1766:	a8 ec       	ldi	r26, 0xC8	; 200
    1768:	b2 e4       	ldi	r27, 0x42	; 66
    176a:	8b 87       	std	Y+11, r24	; 0x0b
    176c:	9c 87       	std	Y+12, r25	; 0x0c
    176e:	ad 87       	std	Y+13, r26	; 0x0d
    1770:	be 87       	std	Y+14, r27	; 0x0e
 */
void
_delay_ms(double __ms)
{
	uint16_t __ticks;
	double __tmp = ((F_CPU) / 4e3) * __ms;
    1772:	6b 85       	ldd	r22, Y+11	; 0x0b
    1774:	7c 85       	ldd	r23, Y+12	; 0x0c
    1776:	8d 85       	ldd	r24, Y+13	; 0x0d
    1778:	9e 85       	ldd	r25, Y+14	; 0x0e
    177a:	20 e0       	ldi	r18, 0x00	; 0
    177c:	30 e0       	ldi	r19, 0x00	; 0
    177e:	4a ef       	ldi	r20, 0xFA	; 250
    1780:	54 e4       	ldi	r21, 0x44	; 68
    1782:	0e 94 1f 02 	call	0x43e	; 0x43e <__mulsf3>
    1786:	dc 01       	movw	r26, r24
    1788:	cb 01       	movw	r24, r22
    178a:	8f 83       	std	Y+7, r24	; 0x07
    178c:	98 87       	std	Y+8, r25	; 0x08
    178e:	a9 87       	std	Y+9, r26	; 0x09
    1790:	ba 87       	std	Y+10, r27	; 0x0a
	if (__tmp < 1.0)
    1792:	6f 81       	ldd	r22, Y+7	; 0x07
    1794:	78 85       	ldd	r23, Y+8	; 0x08
    1796:	89 85       	ldd	r24, Y+9	; 0x09
    1798:	9a 85       	ldd	r25, Y+10	; 0x0a
    179a:	20 e0       	ldi	r18, 0x00	; 0
    179c:	30 e0       	ldi	r19, 0x00	; 0
    179e:	40 e8       	ldi	r20, 0x80	; 128
    17a0:	5f e3       	ldi	r21, 0x3F	; 63
    17a2:	0e 94 79 03 	call	0x6f2	; 0x6f2 <__ltsf2>
    17a6:	88 23       	and	r24, r24
    17a8:	2c f4       	brge	.+10     	; 0x17b4 <main+0x110>
		__ticks = 1;
    17aa:	81 e0       	ldi	r24, 0x01	; 1
    17ac:	90 e0       	ldi	r25, 0x00	; 0
    17ae:	9e 83       	std	Y+6, r25	; 0x06
    17b0:	8d 83       	std	Y+5, r24	; 0x05
    17b2:	3f c0       	rjmp	.+126    	; 0x1832 <main+0x18e>
	else if (__tmp > 65535)
    17b4:	6f 81       	ldd	r22, Y+7	; 0x07
    17b6:	78 85       	ldd	r23, Y+8	; 0x08
    17b8:	89 85       	ldd	r24, Y+9	; 0x09
    17ba:	9a 85       	ldd	r25, Y+10	; 0x0a
    17bc:	20 e0       	ldi	r18, 0x00	; 0
    17be:	3f ef       	ldi	r19, 0xFF	; 255
    17c0:	4f e7       	ldi	r20, 0x7F	; 127
    17c2:	57 e4       	ldi	r21, 0x47	; 71
    17c4:	0e 94 19 03 	call	0x632	; 0x632 <__gtsf2>
    17c8:	18 16       	cp	r1, r24
    17ca:	4c f5       	brge	.+82     	; 0x181e <main+0x17a>
	{
		//	__ticks = requested delay in 1/10 ms
		__ticks = (uint16_t) (__ms * 10.0);
    17cc:	6b 85       	ldd	r22, Y+11	; 0x0b
    17ce:	7c 85       	ldd	r23, Y+12	; 0x0c
    17d0:	8d 85       	ldd	r24, Y+13	; 0x0d
    17d2:	9e 85       	ldd	r25, Y+14	; 0x0e
    17d4:	20 e0       	ldi	r18, 0x00	; 0
    17d6:	30 e0       	ldi	r19, 0x00	; 0
    17d8:	40 e2       	ldi	r20, 0x20	; 32
    17da:	51 e4       	ldi	r21, 0x41	; 65
    17dc:	0e 94 1f 02 	call	0x43e	; 0x43e <__mulsf3>
    17e0:	dc 01       	movw	r26, r24
    17e2:	cb 01       	movw	r24, r22
    17e4:	bc 01       	movw	r22, r24
    17e6:	cd 01       	movw	r24, r26
    17e8:	0e 94 49 00 	call	0x92	; 0x92 <__fixunssfsi>
    17ec:	dc 01       	movw	r26, r24
    17ee:	cb 01       	movw	r24, r22
    17f0:	9e 83       	std	Y+6, r25	; 0x06
    17f2:	8d 83       	std	Y+5, r24	; 0x05
    17f4:	0f c0       	rjmp	.+30     	; 0x1814 <main+0x170>
    17f6:	88 ec       	ldi	r24, 0xC8	; 200
    17f8:	90 e0       	ldi	r25, 0x00	; 0
    17fa:	9c 83       	std	Y+4, r25	; 0x04
    17fc:	8b 83       	std	Y+3, r24	; 0x03
    milliseconds can be achieved.
 */
void
_delay_loop_2(uint16_t __count)
{
	__asm__ volatile (
    17fe:	8b 81       	ldd	r24, Y+3	; 0x03
    1800:	9c 81       	ldd	r25, Y+4	; 0x04
    1802:	01 97       	sbiw	r24, 0x01	; 1
    1804:	f1 f7       	brne	.-4      	; 0x1802 <main+0x15e>
    1806:	9c 83       	std	Y+4, r25	; 0x04
    1808:	8b 83       	std	Y+3, r24	; 0x03
		while(__ticks)
		{
			// wait 1/10 ms
			_delay_loop_2(((F_CPU) / 4e3) / 10);
			__ticks --;
    180a:	8d 81       	ldd	r24, Y+5	; 0x05
    180c:	9e 81       	ldd	r25, Y+6	; 0x06
    180e:	01 97       	sbiw	r24, 0x01	; 1
    1810:	9e 83       	std	Y+6, r25	; 0x06
    1812:	8d 83       	std	Y+5, r24	; 0x05
		__ticks = 1;
	else if (__tmp > 65535)
	{
		//	__ticks = requested delay in 1/10 ms
		__ticks = (uint16_t) (__ms * 10.0);
		while(__ticks)
    1814:	8d 81       	ldd	r24, Y+5	; 0x05
    1816:	9e 81       	ldd	r25, Y+6	; 0x06
    1818:	00 97       	sbiw	r24, 0x00	; 0
    181a:	69 f7       	brne	.-38     	; 0x17f6 <main+0x152>
    181c:	6b cf       	rjmp	.-298    	; 0x16f4 <main+0x50>
			__ticks --;
		}
		return;
	}
	else
		__ticks = (uint16_t)__tmp;
    181e:	6f 81       	ldd	r22, Y+7	; 0x07
    1820:	78 85       	ldd	r23, Y+8	; 0x08
    1822:	89 85       	ldd	r24, Y+9	; 0x09
    1824:	9a 85       	ldd	r25, Y+10	; 0x0a
    1826:	0e 94 49 00 	call	0x92	; 0x92 <__fixunssfsi>
    182a:	dc 01       	movw	r26, r24
    182c:	cb 01       	movw	r24, r22
    182e:	9e 83       	std	Y+6, r25	; 0x06
    1830:	8d 83       	std	Y+5, r24	; 0x05
    1832:	8d 81       	ldd	r24, Y+5	; 0x05
    1834:	9e 81       	ldd	r25, Y+6	; 0x06
    1836:	9a 83       	std	Y+2, r25	; 0x02
    1838:	89 83       	std	Y+1, r24	; 0x01
    183a:	89 81       	ldd	r24, Y+1	; 0x01
    183c:	9a 81       	ldd	r25, Y+2	; 0x02
    183e:	01 97       	sbiw	r24, 0x01	; 1
    1840:	f1 f7       	brne	.-4      	; 0x183e <main+0x19a>
    1842:	9a 83       	std	Y+2, r25	; 0x02
    1844:	89 83       	std	Y+1, r24	; 0x01
    1846:	56 cf       	rjmp	.-340    	; 0x16f4 <main+0x50>
			//DIO_ToggleAtPin(DIO_GroupC, DIO_pin4);
			_delay_ms(100);
		}
		else if (State3 == notPressed) {
    1848:	8f 85       	ldd	r24, Y+15	; 0x0f
    184a:	81 30       	cpi	r24, 0x01	; 1
    184c:	09 f0       	breq	.+2      	; 0x1850 <main+0x1ac>
    184e:	52 cf       	rjmp	.-348    	; 0x16f4 <main+0x50>
			//clear(PORTC_Reg,4);
			Buzzer_Off();
    1850:	0e 94 98 0a 	call	0x1530	; 0x1530 <Buzzer_Off>
    1854:	4f cf       	rjmp	.-354    	; 0x16f4 <main+0x50>

00001856 <__prologue_saves__>:
    1856:	2f 92       	push	r2
    1858:	3f 92       	push	r3
    185a:	4f 92       	push	r4
    185c:	5f 92       	push	r5
    185e:	6f 92       	push	r6
    1860:	7f 92       	push	r7
    1862:	8f 92       	push	r8
    1864:	9f 92       	push	r9
    1866:	af 92       	push	r10
    1868:	bf 92       	push	r11
    186a:	cf 92       	push	r12
    186c:	df 92       	push	r13
    186e:	ef 92       	push	r14
    1870:	ff 92       	push	r15
    1872:	0f 93       	push	r16
    1874:	1f 93       	push	r17
    1876:	cf 93       	push	r28
    1878:	df 93       	push	r29
    187a:	cd b7       	in	r28, 0x3d	; 61
    187c:	de b7       	in	r29, 0x3e	; 62
    187e:	ca 1b       	sub	r28, r26
    1880:	db 0b       	sbc	r29, r27
    1882:	0f b6       	in	r0, 0x3f	; 63
    1884:	f8 94       	cli
    1886:	de bf       	out	0x3e, r29	; 62
    1888:	0f be       	out	0x3f, r0	; 63
    188a:	cd bf       	out	0x3d, r28	; 61
    188c:	09 94       	ijmp

0000188e <__epilogue_restores__>:
    188e:	2a 88       	ldd	r2, Y+18	; 0x12
    1890:	39 88       	ldd	r3, Y+17	; 0x11
    1892:	48 88       	ldd	r4, Y+16	; 0x10
    1894:	5f 84       	ldd	r5, Y+15	; 0x0f
    1896:	6e 84       	ldd	r6, Y+14	; 0x0e
    1898:	7d 84       	ldd	r7, Y+13	; 0x0d
    189a:	8c 84       	ldd	r8, Y+12	; 0x0c
    189c:	9b 84       	ldd	r9, Y+11	; 0x0b
    189e:	aa 84       	ldd	r10, Y+10	; 0x0a
    18a0:	b9 84       	ldd	r11, Y+9	; 0x09
    18a2:	c8 84       	ldd	r12, Y+8	; 0x08
    18a4:	df 80       	ldd	r13, Y+7	; 0x07
    18a6:	ee 80       	ldd	r14, Y+6	; 0x06
    18a8:	fd 80       	ldd	r15, Y+5	; 0x05
    18aa:	0c 81       	ldd	r16, Y+4	; 0x04
    18ac:	1b 81       	ldd	r17, Y+3	; 0x03
    18ae:	aa 81       	ldd	r26, Y+2	; 0x02
    18b0:	b9 81       	ldd	r27, Y+1	; 0x01
    18b2:	ce 0f       	add	r28, r30
    18b4:	d1 1d       	adc	r29, r1
    18b6:	0f b6       	in	r0, 0x3f	; 63
    18b8:	f8 94       	cli
    18ba:	de bf       	out	0x3e, r29	; 62
    18bc:	0f be       	out	0x3f, r0	; 63
    18be:	cd bf       	out	0x3d, r28	; 61
    18c0:	ed 01       	movw	r28, r26
    18c2:	08 95       	ret

000018c4 <_exit>:
    18c4:	f8 94       	cli

000018c6 <__stop_program>:
    18c6:	ff cf       	rjmp	.-2      	; 0x18c6 <__stop_program>
