
App1WithDrivers.elf:     file format elf32-avr

Sections:
Idx Name          Size      VMA       LMA       File off  Algn
  0 .text         00003bc8  00000000  00000000  00000094  2**1
                  CONTENTS, ALLOC, LOAD, READONLY, CODE
  1 .data         00000028  00800060  00003bc8  00003c5c  2**0
                  CONTENTS, ALLOC, LOAD, DATA
  2 .bss          0000001b  00800088  00800088  00003c84  2**0
                  ALLOC
  3 .stab         00003b58  00000000  00000000  00003c84  2**2
                  CONTENTS, READONLY, DEBUGGING
  4 .stabstr      00001d45  00000000  00000000  000077dc  2**0
                  CONTENTS, READONLY, DEBUGGING
  5 .debug_aranges 00000160  00000000  00000000  00009521  2**0
                  CONTENTS, READONLY, DEBUGGING
  6 .debug_pubnames 0000018f  00000000  00000000  00009681  2**0
                  CONTENTS, READONLY, DEBUGGING
  7 .debug_info   00002045  00000000  00000000  00009810  2**0
                  CONTENTS, READONLY, DEBUGGING
  8 .debug_abbrev 00001101  00000000  00000000  0000b855  2**0
                  CONTENTS, READONLY, DEBUGGING
  9 .debug_line   00000f82  00000000  00000000  0000c956  2**0
                  CONTENTS, READONLY, DEBUGGING
 10 .debug_frame  00000180  00000000  00000000  0000d8d8  2**2
                  CONTENTS, READONLY, DEBUGGING
 11 .debug_str    000002c2  00000000  00000000  0000da58  2**0
                  CONTENTS, READONLY, DEBUGGING
 12 .debug_loc    0000088e  00000000  00000000  0000dd1a  2**0
                  CONTENTS, READONLY, DEBUGGING
 13 .debug_ranges 00000050  00000000  00000000  0000e5a8  2**0
                  CONTENTS, READONLY, DEBUGGING

Disassembly of section .text:

00000000 <__vectors>:
       0:	0c 94 2a 00 	jmp	0x54	; 0x54 <__ctors_end>
       4:	0c 94 47 00 	jmp	0x8e	; 0x8e <__bad_interrupt>
       8:	0c 94 47 00 	jmp	0x8e	; 0x8e <__bad_interrupt>
       c:	0c 94 47 00 	jmp	0x8e	; 0x8e <__bad_interrupt>
      10:	0c 94 47 00 	jmp	0x8e	; 0x8e <__bad_interrupt>
      14:	0c 94 47 00 	jmp	0x8e	; 0x8e <__bad_interrupt>
      18:	0c 94 47 00 	jmp	0x8e	; 0x8e <__bad_interrupt>
      1c:	0c 94 47 00 	jmp	0x8e	; 0x8e <__bad_interrupt>
      20:	0c 94 47 00 	jmp	0x8e	; 0x8e <__bad_interrupt>
      24:	0c 94 47 00 	jmp	0x8e	; 0x8e <__bad_interrupt>
      28:	0c 94 47 00 	jmp	0x8e	; 0x8e <__bad_interrupt>
      2c:	0c 94 47 00 	jmp	0x8e	; 0x8e <__bad_interrupt>
      30:	0c 94 47 00 	jmp	0x8e	; 0x8e <__bad_interrupt>
      34:	0c 94 47 00 	jmp	0x8e	; 0x8e <__bad_interrupt>
      38:	0c 94 47 00 	jmp	0x8e	; 0x8e <__bad_interrupt>
      3c:	0c 94 47 00 	jmp	0x8e	; 0x8e <__bad_interrupt>
      40:	0c 94 47 00 	jmp	0x8e	; 0x8e <__bad_interrupt>
      44:	0c 94 47 00 	jmp	0x8e	; 0x8e <__bad_interrupt>
      48:	0c 94 47 00 	jmp	0x8e	; 0x8e <__bad_interrupt>
      4c:	0c 94 47 00 	jmp	0x8e	; 0x8e <__bad_interrupt>
      50:	0c 94 47 00 	jmp	0x8e	; 0x8e <__bad_interrupt>

00000054 <__ctors_end>:
      54:	11 24       	eor	r1, r1
      56:	1f be       	out	0x3f, r1	; 63
      58:	cf e5       	ldi	r28, 0x5F	; 95
      5a:	d8 e0       	ldi	r29, 0x08	; 8
      5c:	de bf       	out	0x3e, r29	; 62
      5e:	cd bf       	out	0x3d, r28	; 61

00000060 <__do_copy_data>:
      60:	10 e0       	ldi	r17, 0x00	; 0
      62:	a0 e6       	ldi	r26, 0x60	; 96
      64:	b0 e0       	ldi	r27, 0x00	; 0
      66:	e8 ec       	ldi	r30, 0xC8	; 200
      68:	fb e3       	ldi	r31, 0x3B	; 59
      6a:	02 c0       	rjmp	.+4      	; 0x70 <.do_copy_data_start>

0000006c <.do_copy_data_loop>:
      6c:	05 90       	lpm	r0, Z+
      6e:	0d 92       	st	X+, r0

00000070 <.do_copy_data_start>:
      70:	a8 38       	cpi	r26, 0x88	; 136
      72:	b1 07       	cpc	r27, r17
      74:	d9 f7       	brne	.-10     	; 0x6c <.do_copy_data_loop>

00000076 <__do_clear_bss>:
      76:	10 e0       	ldi	r17, 0x00	; 0
      78:	a8 e8       	ldi	r26, 0x88	; 136
      7a:	b0 e0       	ldi	r27, 0x00	; 0
      7c:	01 c0       	rjmp	.+2      	; 0x80 <.do_clear_bss_start>

0000007e <.do_clear_bss_loop>:
      7e:	1d 92       	st	X+, r1

00000080 <.do_clear_bss_start>:
      80:	a3 3a       	cpi	r26, 0xA3	; 163
      82:	b1 07       	cpc	r27, r17
      84:	e1 f7       	brne	.-8      	; 0x7e <.do_clear_bss_loop>
      86:	0e 94 ab 13 	call	0x2756	; 0x2756 <main>
      8a:	0c 94 e2 1d 	jmp	0x3bc4	; 0x3bc4 <_exit>

0000008e <__bad_interrupt>:
      8e:	0c 94 00 00 	jmp	0	; 0x0 <__vectors>

00000092 <__fixunssfsi>:
      92:	ef 92       	push	r14
      94:	ff 92       	push	r15
      96:	0f 93       	push	r16
      98:	1f 93       	push	r17
      9a:	7b 01       	movw	r14, r22
      9c:	8c 01       	movw	r16, r24
      9e:	20 e0       	ldi	r18, 0x00	; 0
      a0:	30 e0       	ldi	r19, 0x00	; 0
      a2:	40 e0       	ldi	r20, 0x00	; 0
      a4:	5f e4       	ldi	r21, 0x4F	; 79
      a6:	0e 94 f5 03 	call	0x7ea	; 0x7ea <__gesf2>
      aa:	88 23       	and	r24, r24
      ac:	8c f0       	brlt	.+34     	; 0xd0 <__fixunssfsi+0x3e>
      ae:	c8 01       	movw	r24, r16
      b0:	b7 01       	movw	r22, r14
      b2:	20 e0       	ldi	r18, 0x00	; 0
      b4:	30 e0       	ldi	r19, 0x00	; 0
      b6:	40 e0       	ldi	r20, 0x00	; 0
      b8:	5f e4       	ldi	r21, 0x4F	; 79
      ba:	0e 94 c1 01 	call	0x382	; 0x382 <__subsf3>
      be:	0e 94 55 04 	call	0x8aa	; 0x8aa <__fixsfsi>
      c2:	9b 01       	movw	r18, r22
      c4:	ac 01       	movw	r20, r24
      c6:	20 50       	subi	r18, 0x00	; 0
      c8:	30 40       	sbci	r19, 0x00	; 0
      ca:	40 40       	sbci	r20, 0x00	; 0
      cc:	50 48       	sbci	r21, 0x80	; 128
      ce:	06 c0       	rjmp	.+12     	; 0xdc <__fixunssfsi+0x4a>
      d0:	c8 01       	movw	r24, r16
      d2:	b7 01       	movw	r22, r14
      d4:	0e 94 55 04 	call	0x8aa	; 0x8aa <__fixsfsi>
      d8:	9b 01       	movw	r18, r22
      da:	ac 01       	movw	r20, r24
      dc:	b9 01       	movw	r22, r18
      de:	ca 01       	movw	r24, r20
      e0:	1f 91       	pop	r17
      e2:	0f 91       	pop	r16
      e4:	ff 90       	pop	r15
      e6:	ef 90       	pop	r14
      e8:	08 95       	ret

000000ea <_fpadd_parts>:
      ea:	a0 e0       	ldi	r26, 0x00	; 0
      ec:	b0 e0       	ldi	r27, 0x00	; 0
      ee:	eb e7       	ldi	r30, 0x7B	; 123
      f0:	f0 e0       	ldi	r31, 0x00	; 0
      f2:	0c 94 ab 1d 	jmp	0x3b56	; 0x3b56 <__prologue_saves__>
      f6:	dc 01       	movw	r26, r24
      f8:	2b 01       	movw	r4, r22
      fa:	fa 01       	movw	r30, r20
      fc:	9c 91       	ld	r25, X
      fe:	92 30       	cpi	r25, 0x02	; 2
     100:	08 f4       	brcc	.+2      	; 0x104 <_fpadd_parts+0x1a>
     102:	39 c1       	rjmp	.+626    	; 0x376 <_fpadd_parts+0x28c>
     104:	eb 01       	movw	r28, r22
     106:	88 81       	ld	r24, Y
     108:	82 30       	cpi	r24, 0x02	; 2
     10a:	08 f4       	brcc	.+2      	; 0x10e <_fpadd_parts+0x24>
     10c:	33 c1       	rjmp	.+614    	; 0x374 <_fpadd_parts+0x28a>
     10e:	94 30       	cpi	r25, 0x04	; 4
     110:	69 f4       	brne	.+26     	; 0x12c <_fpadd_parts+0x42>
     112:	84 30       	cpi	r24, 0x04	; 4
     114:	09 f0       	breq	.+2      	; 0x118 <_fpadd_parts+0x2e>
     116:	2f c1       	rjmp	.+606    	; 0x376 <_fpadd_parts+0x28c>
     118:	11 96       	adiw	r26, 0x01	; 1
     11a:	9c 91       	ld	r25, X
     11c:	11 97       	sbiw	r26, 0x01	; 1
     11e:	89 81       	ldd	r24, Y+1	; 0x01
     120:	98 17       	cp	r25, r24
     122:	09 f4       	brne	.+2      	; 0x126 <_fpadd_parts+0x3c>
     124:	28 c1       	rjmp	.+592    	; 0x376 <_fpadd_parts+0x28c>
     126:	a0 e6       	ldi	r26, 0x60	; 96
     128:	b0 e0       	ldi	r27, 0x00	; 0
     12a:	25 c1       	rjmp	.+586    	; 0x376 <_fpadd_parts+0x28c>
     12c:	84 30       	cpi	r24, 0x04	; 4
     12e:	09 f4       	brne	.+2      	; 0x132 <_fpadd_parts+0x48>
     130:	21 c1       	rjmp	.+578    	; 0x374 <_fpadd_parts+0x28a>
     132:	82 30       	cpi	r24, 0x02	; 2
     134:	a9 f4       	brne	.+42     	; 0x160 <_fpadd_parts+0x76>
     136:	92 30       	cpi	r25, 0x02	; 2
     138:	09 f0       	breq	.+2      	; 0x13c <_fpadd_parts+0x52>
     13a:	1d c1       	rjmp	.+570    	; 0x376 <_fpadd_parts+0x28c>
     13c:	9a 01       	movw	r18, r20
     13e:	ad 01       	movw	r20, r26
     140:	88 e0       	ldi	r24, 0x08	; 8
     142:	ea 01       	movw	r28, r20
     144:	09 90       	ld	r0, Y+
     146:	ae 01       	movw	r20, r28
     148:	e9 01       	movw	r28, r18
     14a:	09 92       	st	Y+, r0
     14c:	9e 01       	movw	r18, r28
     14e:	81 50       	subi	r24, 0x01	; 1
     150:	c1 f7       	brne	.-16     	; 0x142 <_fpadd_parts+0x58>
     152:	e2 01       	movw	r28, r4
     154:	89 81       	ldd	r24, Y+1	; 0x01
     156:	11 96       	adiw	r26, 0x01	; 1
     158:	9c 91       	ld	r25, X
     15a:	89 23       	and	r24, r25
     15c:	81 83       	std	Z+1, r24	; 0x01
     15e:	08 c1       	rjmp	.+528    	; 0x370 <_fpadd_parts+0x286>
     160:	92 30       	cpi	r25, 0x02	; 2
     162:	09 f4       	brne	.+2      	; 0x166 <_fpadd_parts+0x7c>
     164:	07 c1       	rjmp	.+526    	; 0x374 <_fpadd_parts+0x28a>
     166:	12 96       	adiw	r26, 0x02	; 2
     168:	2d 90       	ld	r2, X+
     16a:	3c 90       	ld	r3, X
     16c:	13 97       	sbiw	r26, 0x03	; 3
     16e:	eb 01       	movw	r28, r22
     170:	8a 81       	ldd	r24, Y+2	; 0x02
     172:	9b 81       	ldd	r25, Y+3	; 0x03
     174:	14 96       	adiw	r26, 0x04	; 4
     176:	ad 90       	ld	r10, X+
     178:	bd 90       	ld	r11, X+
     17a:	cd 90       	ld	r12, X+
     17c:	dc 90       	ld	r13, X
     17e:	17 97       	sbiw	r26, 0x07	; 7
     180:	ec 80       	ldd	r14, Y+4	; 0x04
     182:	fd 80       	ldd	r15, Y+5	; 0x05
     184:	0e 81       	ldd	r16, Y+6	; 0x06
     186:	1f 81       	ldd	r17, Y+7	; 0x07
     188:	91 01       	movw	r18, r2
     18a:	28 1b       	sub	r18, r24
     18c:	39 0b       	sbc	r19, r25
     18e:	b9 01       	movw	r22, r18
     190:	37 ff       	sbrs	r19, 7
     192:	04 c0       	rjmp	.+8      	; 0x19c <_fpadd_parts+0xb2>
     194:	66 27       	eor	r22, r22
     196:	77 27       	eor	r23, r23
     198:	62 1b       	sub	r22, r18
     19a:	73 0b       	sbc	r23, r19
     19c:	60 32       	cpi	r22, 0x20	; 32
     19e:	71 05       	cpc	r23, r1
     1a0:	0c f0       	brlt	.+2      	; 0x1a4 <_fpadd_parts+0xba>
     1a2:	61 c0       	rjmp	.+194    	; 0x266 <_fpadd_parts+0x17c>
     1a4:	12 16       	cp	r1, r18
     1a6:	13 06       	cpc	r1, r19
     1a8:	6c f5       	brge	.+90     	; 0x204 <_fpadd_parts+0x11a>
     1aa:	37 01       	movw	r6, r14
     1ac:	48 01       	movw	r8, r16
     1ae:	06 2e       	mov	r0, r22
     1b0:	04 c0       	rjmp	.+8      	; 0x1ba <_fpadd_parts+0xd0>
     1b2:	96 94       	lsr	r9
     1b4:	87 94       	ror	r8
     1b6:	77 94       	ror	r7
     1b8:	67 94       	ror	r6
     1ba:	0a 94       	dec	r0
     1bc:	d2 f7       	brpl	.-12     	; 0x1b2 <_fpadd_parts+0xc8>
     1be:	21 e0       	ldi	r18, 0x01	; 1
     1c0:	30 e0       	ldi	r19, 0x00	; 0
     1c2:	40 e0       	ldi	r20, 0x00	; 0
     1c4:	50 e0       	ldi	r21, 0x00	; 0
     1c6:	04 c0       	rjmp	.+8      	; 0x1d0 <_fpadd_parts+0xe6>
     1c8:	22 0f       	add	r18, r18
     1ca:	33 1f       	adc	r19, r19
     1cc:	44 1f       	adc	r20, r20
     1ce:	55 1f       	adc	r21, r21
     1d0:	6a 95       	dec	r22
     1d2:	d2 f7       	brpl	.-12     	; 0x1c8 <_fpadd_parts+0xde>
     1d4:	21 50       	subi	r18, 0x01	; 1
     1d6:	30 40       	sbci	r19, 0x00	; 0
     1d8:	40 40       	sbci	r20, 0x00	; 0
     1da:	50 40       	sbci	r21, 0x00	; 0
     1dc:	2e 21       	and	r18, r14
     1de:	3f 21       	and	r19, r15
     1e0:	40 23       	and	r20, r16
     1e2:	51 23       	and	r21, r17
     1e4:	21 15       	cp	r18, r1
     1e6:	31 05       	cpc	r19, r1
     1e8:	41 05       	cpc	r20, r1
     1ea:	51 05       	cpc	r21, r1
     1ec:	21 f0       	breq	.+8      	; 0x1f6 <_fpadd_parts+0x10c>
     1ee:	21 e0       	ldi	r18, 0x01	; 1
     1f0:	30 e0       	ldi	r19, 0x00	; 0
     1f2:	40 e0       	ldi	r20, 0x00	; 0
     1f4:	50 e0       	ldi	r21, 0x00	; 0
     1f6:	79 01       	movw	r14, r18
     1f8:	8a 01       	movw	r16, r20
     1fa:	e6 28       	or	r14, r6
     1fc:	f7 28       	or	r15, r7
     1fe:	08 29       	or	r16, r8
     200:	19 29       	or	r17, r9
     202:	3c c0       	rjmp	.+120    	; 0x27c <_fpadd_parts+0x192>
     204:	23 2b       	or	r18, r19
     206:	d1 f1       	breq	.+116    	; 0x27c <_fpadd_parts+0x192>
     208:	26 0e       	add	r2, r22
     20a:	37 1e       	adc	r3, r23
     20c:	35 01       	movw	r6, r10
     20e:	46 01       	movw	r8, r12
     210:	06 2e       	mov	r0, r22
     212:	04 c0       	rjmp	.+8      	; 0x21c <_fpadd_parts+0x132>
     214:	96 94       	lsr	r9
     216:	87 94       	ror	r8
     218:	77 94       	ror	r7
     21a:	67 94       	ror	r6
     21c:	0a 94       	dec	r0
     21e:	d2 f7       	brpl	.-12     	; 0x214 <_fpadd_parts+0x12a>
     220:	21 e0       	ldi	r18, 0x01	; 1
     222:	30 e0       	ldi	r19, 0x00	; 0
     224:	40 e0       	ldi	r20, 0x00	; 0
     226:	50 e0       	ldi	r21, 0x00	; 0
     228:	04 c0       	rjmp	.+8      	; 0x232 <_fpadd_parts+0x148>
     22a:	22 0f       	add	r18, r18
     22c:	33 1f       	adc	r19, r19
     22e:	44 1f       	adc	r20, r20
     230:	55 1f       	adc	r21, r21
     232:	6a 95       	dec	r22
     234:	d2 f7       	brpl	.-12     	; 0x22a <_fpadd_parts+0x140>
     236:	21 50       	subi	r18, 0x01	; 1
     238:	30 40       	sbci	r19, 0x00	; 0
     23a:	40 40       	sbci	r20, 0x00	; 0
     23c:	50 40       	sbci	r21, 0x00	; 0
     23e:	2a 21       	and	r18, r10
     240:	3b 21       	and	r19, r11
     242:	4c 21       	and	r20, r12
     244:	5d 21       	and	r21, r13
     246:	21 15       	cp	r18, r1
     248:	31 05       	cpc	r19, r1
     24a:	41 05       	cpc	r20, r1
     24c:	51 05       	cpc	r21, r1
     24e:	21 f0       	breq	.+8      	; 0x258 <_fpadd_parts+0x16e>
     250:	21 e0       	ldi	r18, 0x01	; 1
     252:	30 e0       	ldi	r19, 0x00	; 0
     254:	40 e0       	ldi	r20, 0x00	; 0
     256:	50 e0       	ldi	r21, 0x00	; 0
     258:	59 01       	movw	r10, r18
     25a:	6a 01       	movw	r12, r20
     25c:	a6 28       	or	r10, r6
     25e:	b7 28       	or	r11, r7
     260:	c8 28       	or	r12, r8
     262:	d9 28       	or	r13, r9
     264:	0b c0       	rjmp	.+22     	; 0x27c <_fpadd_parts+0x192>
     266:	82 15       	cp	r24, r2
     268:	93 05       	cpc	r25, r3
     26a:	2c f0       	brlt	.+10     	; 0x276 <_fpadd_parts+0x18c>
     26c:	1c 01       	movw	r2, r24
     26e:	aa 24       	eor	r10, r10
     270:	bb 24       	eor	r11, r11
     272:	65 01       	movw	r12, r10
     274:	03 c0       	rjmp	.+6      	; 0x27c <_fpadd_parts+0x192>
     276:	ee 24       	eor	r14, r14
     278:	ff 24       	eor	r15, r15
     27a:	87 01       	movw	r16, r14
     27c:	11 96       	adiw	r26, 0x01	; 1
     27e:	9c 91       	ld	r25, X
     280:	d2 01       	movw	r26, r4
     282:	11 96       	adiw	r26, 0x01	; 1
     284:	8c 91       	ld	r24, X
     286:	98 17       	cp	r25, r24
     288:	09 f4       	brne	.+2      	; 0x28c <_fpadd_parts+0x1a2>
     28a:	45 c0       	rjmp	.+138    	; 0x316 <_fpadd_parts+0x22c>
     28c:	99 23       	and	r25, r25
     28e:	39 f0       	breq	.+14     	; 0x29e <_fpadd_parts+0x1b4>
     290:	a8 01       	movw	r20, r16
     292:	97 01       	movw	r18, r14
     294:	2a 19       	sub	r18, r10
     296:	3b 09       	sbc	r19, r11
     298:	4c 09       	sbc	r20, r12
     29a:	5d 09       	sbc	r21, r13
     29c:	06 c0       	rjmp	.+12     	; 0x2aa <_fpadd_parts+0x1c0>
     29e:	a6 01       	movw	r20, r12
     2a0:	95 01       	movw	r18, r10
     2a2:	2e 19       	sub	r18, r14
     2a4:	3f 09       	sbc	r19, r15
     2a6:	40 0b       	sbc	r20, r16
     2a8:	51 0b       	sbc	r21, r17
     2aa:	57 fd       	sbrc	r21, 7
     2ac:	08 c0       	rjmp	.+16     	; 0x2be <_fpadd_parts+0x1d4>
     2ae:	11 82       	std	Z+1, r1	; 0x01
     2b0:	33 82       	std	Z+3, r3	; 0x03
     2b2:	22 82       	std	Z+2, r2	; 0x02
     2b4:	24 83       	std	Z+4, r18	; 0x04
     2b6:	35 83       	std	Z+5, r19	; 0x05
     2b8:	46 83       	std	Z+6, r20	; 0x06
     2ba:	57 83       	std	Z+7, r21	; 0x07
     2bc:	1d c0       	rjmp	.+58     	; 0x2f8 <_fpadd_parts+0x20e>
     2be:	81 e0       	ldi	r24, 0x01	; 1
     2c0:	81 83       	std	Z+1, r24	; 0x01
     2c2:	33 82       	std	Z+3, r3	; 0x03
     2c4:	22 82       	std	Z+2, r2	; 0x02
     2c6:	88 27       	eor	r24, r24
     2c8:	99 27       	eor	r25, r25
     2ca:	dc 01       	movw	r26, r24
     2cc:	82 1b       	sub	r24, r18
     2ce:	93 0b       	sbc	r25, r19
     2d0:	a4 0b       	sbc	r26, r20
     2d2:	b5 0b       	sbc	r27, r21
     2d4:	84 83       	std	Z+4, r24	; 0x04
     2d6:	95 83       	std	Z+5, r25	; 0x05
     2d8:	a6 83       	std	Z+6, r26	; 0x06
     2da:	b7 83       	std	Z+7, r27	; 0x07
     2dc:	0d c0       	rjmp	.+26     	; 0x2f8 <_fpadd_parts+0x20e>
     2de:	22 0f       	add	r18, r18
     2e0:	33 1f       	adc	r19, r19
     2e2:	44 1f       	adc	r20, r20
     2e4:	55 1f       	adc	r21, r21
     2e6:	24 83       	std	Z+4, r18	; 0x04
     2e8:	35 83       	std	Z+5, r19	; 0x05
     2ea:	46 83       	std	Z+6, r20	; 0x06
     2ec:	57 83       	std	Z+7, r21	; 0x07
     2ee:	82 81       	ldd	r24, Z+2	; 0x02
     2f0:	93 81       	ldd	r25, Z+3	; 0x03
     2f2:	01 97       	sbiw	r24, 0x01	; 1
     2f4:	93 83       	std	Z+3, r25	; 0x03
     2f6:	82 83       	std	Z+2, r24	; 0x02
     2f8:	24 81       	ldd	r18, Z+4	; 0x04
     2fa:	35 81       	ldd	r19, Z+5	; 0x05
     2fc:	46 81       	ldd	r20, Z+6	; 0x06
     2fe:	57 81       	ldd	r21, Z+7	; 0x07
     300:	da 01       	movw	r26, r20
     302:	c9 01       	movw	r24, r18
     304:	01 97       	sbiw	r24, 0x01	; 1
     306:	a1 09       	sbc	r26, r1
     308:	b1 09       	sbc	r27, r1
     30a:	8f 5f       	subi	r24, 0xFF	; 255
     30c:	9f 4f       	sbci	r25, 0xFF	; 255
     30e:	af 4f       	sbci	r26, 0xFF	; 255
     310:	bf 43       	sbci	r27, 0x3F	; 63
     312:	28 f3       	brcs	.-54     	; 0x2de <_fpadd_parts+0x1f4>
     314:	0b c0       	rjmp	.+22     	; 0x32c <_fpadd_parts+0x242>
     316:	91 83       	std	Z+1, r25	; 0x01
     318:	33 82       	std	Z+3, r3	; 0x03
     31a:	22 82       	std	Z+2, r2	; 0x02
     31c:	ea 0c       	add	r14, r10
     31e:	fb 1c       	adc	r15, r11
     320:	0c 1d       	adc	r16, r12
     322:	1d 1d       	adc	r17, r13
     324:	e4 82       	std	Z+4, r14	; 0x04
     326:	f5 82       	std	Z+5, r15	; 0x05
     328:	06 83       	std	Z+6, r16	; 0x06
     32a:	17 83       	std	Z+7, r17	; 0x07
     32c:	83 e0       	ldi	r24, 0x03	; 3
     32e:	80 83       	st	Z, r24
     330:	24 81       	ldd	r18, Z+4	; 0x04
     332:	35 81       	ldd	r19, Z+5	; 0x05
     334:	46 81       	ldd	r20, Z+6	; 0x06
     336:	57 81       	ldd	r21, Z+7	; 0x07
     338:	57 ff       	sbrs	r21, 7
     33a:	1a c0       	rjmp	.+52     	; 0x370 <_fpadd_parts+0x286>
     33c:	c9 01       	movw	r24, r18
     33e:	aa 27       	eor	r26, r26
     340:	97 fd       	sbrc	r25, 7
     342:	a0 95       	com	r26
     344:	ba 2f       	mov	r27, r26
     346:	81 70       	andi	r24, 0x01	; 1
     348:	90 70       	andi	r25, 0x00	; 0
     34a:	a0 70       	andi	r26, 0x00	; 0
     34c:	b0 70       	andi	r27, 0x00	; 0
     34e:	56 95       	lsr	r21
     350:	47 95       	ror	r20
     352:	37 95       	ror	r19
     354:	27 95       	ror	r18
     356:	82 2b       	or	r24, r18
     358:	93 2b       	or	r25, r19
     35a:	a4 2b       	or	r26, r20
     35c:	b5 2b       	or	r27, r21
     35e:	84 83       	std	Z+4, r24	; 0x04
     360:	95 83       	std	Z+5, r25	; 0x05
     362:	a6 83       	std	Z+6, r26	; 0x06
     364:	b7 83       	std	Z+7, r27	; 0x07
     366:	82 81       	ldd	r24, Z+2	; 0x02
     368:	93 81       	ldd	r25, Z+3	; 0x03
     36a:	01 96       	adiw	r24, 0x01	; 1
     36c:	93 83       	std	Z+3, r25	; 0x03
     36e:	82 83       	std	Z+2, r24	; 0x02
     370:	df 01       	movw	r26, r30
     372:	01 c0       	rjmp	.+2      	; 0x376 <_fpadd_parts+0x28c>
     374:	d2 01       	movw	r26, r4
     376:	cd 01       	movw	r24, r26
     378:	cd b7       	in	r28, 0x3d	; 61
     37a:	de b7       	in	r29, 0x3e	; 62
     37c:	e2 e1       	ldi	r30, 0x12	; 18
     37e:	0c 94 c7 1d 	jmp	0x3b8e	; 0x3b8e <__epilogue_restores__>

00000382 <__subsf3>:
     382:	a0 e2       	ldi	r26, 0x20	; 32
     384:	b0 e0       	ldi	r27, 0x00	; 0
     386:	e7 ec       	ldi	r30, 0xC7	; 199
     388:	f1 e0       	ldi	r31, 0x01	; 1
     38a:	0c 94 b7 1d 	jmp	0x3b6e	; 0x3b6e <__prologue_saves__+0x18>
     38e:	69 83       	std	Y+1, r22	; 0x01
     390:	7a 83       	std	Y+2, r23	; 0x02
     392:	8b 83       	std	Y+3, r24	; 0x03
     394:	9c 83       	std	Y+4, r25	; 0x04
     396:	2d 83       	std	Y+5, r18	; 0x05
     398:	3e 83       	std	Y+6, r19	; 0x06
     39a:	4f 83       	std	Y+7, r20	; 0x07
     39c:	58 87       	std	Y+8, r21	; 0x08
     39e:	e9 e0       	ldi	r30, 0x09	; 9
     3a0:	ee 2e       	mov	r14, r30
     3a2:	f1 2c       	mov	r15, r1
     3a4:	ec 0e       	add	r14, r28
     3a6:	fd 1e       	adc	r15, r29
     3a8:	ce 01       	movw	r24, r28
     3aa:	01 96       	adiw	r24, 0x01	; 1
     3ac:	b7 01       	movw	r22, r14
     3ae:	0e 94 7e 05 	call	0xafc	; 0xafc <__unpack_f>
     3b2:	8e 01       	movw	r16, r28
     3b4:	0f 5e       	subi	r16, 0xEF	; 239
     3b6:	1f 4f       	sbci	r17, 0xFF	; 255
     3b8:	ce 01       	movw	r24, r28
     3ba:	05 96       	adiw	r24, 0x05	; 5
     3bc:	b8 01       	movw	r22, r16
     3be:	0e 94 7e 05 	call	0xafc	; 0xafc <__unpack_f>
     3c2:	8a 89       	ldd	r24, Y+18	; 0x12
     3c4:	91 e0       	ldi	r25, 0x01	; 1
     3c6:	89 27       	eor	r24, r25
     3c8:	8a 8b       	std	Y+18, r24	; 0x12
     3ca:	c7 01       	movw	r24, r14
     3cc:	b8 01       	movw	r22, r16
     3ce:	ae 01       	movw	r20, r28
     3d0:	47 5e       	subi	r20, 0xE7	; 231
     3d2:	5f 4f       	sbci	r21, 0xFF	; 255
     3d4:	0e 94 75 00 	call	0xea	; 0xea <_fpadd_parts>
     3d8:	0e 94 a9 04 	call	0x952	; 0x952 <__pack_f>
     3dc:	a0 96       	adiw	r28, 0x20	; 32
     3de:	e6 e0       	ldi	r30, 0x06	; 6
     3e0:	0c 94 d3 1d 	jmp	0x3ba6	; 0x3ba6 <__epilogue_restores__+0x18>

000003e4 <__addsf3>:
     3e4:	a0 e2       	ldi	r26, 0x20	; 32
     3e6:	b0 e0       	ldi	r27, 0x00	; 0
     3e8:	e8 ef       	ldi	r30, 0xF8	; 248
     3ea:	f1 e0       	ldi	r31, 0x01	; 1
     3ec:	0c 94 b7 1d 	jmp	0x3b6e	; 0x3b6e <__prologue_saves__+0x18>
     3f0:	69 83       	std	Y+1, r22	; 0x01
     3f2:	7a 83       	std	Y+2, r23	; 0x02
     3f4:	8b 83       	std	Y+3, r24	; 0x03
     3f6:	9c 83       	std	Y+4, r25	; 0x04
     3f8:	2d 83       	std	Y+5, r18	; 0x05
     3fa:	3e 83       	std	Y+6, r19	; 0x06
     3fc:	4f 83       	std	Y+7, r20	; 0x07
     3fe:	58 87       	std	Y+8, r21	; 0x08
     400:	f9 e0       	ldi	r31, 0x09	; 9
     402:	ef 2e       	mov	r14, r31
     404:	f1 2c       	mov	r15, r1
     406:	ec 0e       	add	r14, r28
     408:	fd 1e       	adc	r15, r29
     40a:	ce 01       	movw	r24, r28
     40c:	01 96       	adiw	r24, 0x01	; 1
     40e:	b7 01       	movw	r22, r14
     410:	0e 94 7e 05 	call	0xafc	; 0xafc <__unpack_f>
     414:	8e 01       	movw	r16, r28
     416:	0f 5e       	subi	r16, 0xEF	; 239
     418:	1f 4f       	sbci	r17, 0xFF	; 255
     41a:	ce 01       	movw	r24, r28
     41c:	05 96       	adiw	r24, 0x05	; 5
     41e:	b8 01       	movw	r22, r16
     420:	0e 94 7e 05 	call	0xafc	; 0xafc <__unpack_f>
     424:	c7 01       	movw	r24, r14
     426:	b8 01       	movw	r22, r16
     428:	ae 01       	movw	r20, r28
     42a:	47 5e       	subi	r20, 0xE7	; 231
     42c:	5f 4f       	sbci	r21, 0xFF	; 255
     42e:	0e 94 75 00 	call	0xea	; 0xea <_fpadd_parts>
     432:	0e 94 a9 04 	call	0x952	; 0x952 <__pack_f>
     436:	a0 96       	adiw	r28, 0x20	; 32
     438:	e6 e0       	ldi	r30, 0x06	; 6
     43a:	0c 94 d3 1d 	jmp	0x3ba6	; 0x3ba6 <__epilogue_restores__+0x18>

0000043e <__mulsf3>:
     43e:	a0 e2       	ldi	r26, 0x20	; 32
     440:	b0 e0       	ldi	r27, 0x00	; 0
     442:	e5 e2       	ldi	r30, 0x25	; 37
     444:	f2 e0       	ldi	r31, 0x02	; 2
     446:	0c 94 ab 1d 	jmp	0x3b56	; 0x3b56 <__prologue_saves__>
     44a:	69 83       	std	Y+1, r22	; 0x01
     44c:	7a 83       	std	Y+2, r23	; 0x02
     44e:	8b 83       	std	Y+3, r24	; 0x03
     450:	9c 83       	std	Y+4, r25	; 0x04
     452:	2d 83       	std	Y+5, r18	; 0x05
     454:	3e 83       	std	Y+6, r19	; 0x06
     456:	4f 83       	std	Y+7, r20	; 0x07
     458:	58 87       	std	Y+8, r21	; 0x08
     45a:	ce 01       	movw	r24, r28
     45c:	01 96       	adiw	r24, 0x01	; 1
     45e:	be 01       	movw	r22, r28
     460:	67 5f       	subi	r22, 0xF7	; 247
     462:	7f 4f       	sbci	r23, 0xFF	; 255
     464:	0e 94 7e 05 	call	0xafc	; 0xafc <__unpack_f>
     468:	ce 01       	movw	r24, r28
     46a:	05 96       	adiw	r24, 0x05	; 5
     46c:	be 01       	movw	r22, r28
     46e:	6f 5e       	subi	r22, 0xEF	; 239
     470:	7f 4f       	sbci	r23, 0xFF	; 255
     472:	0e 94 7e 05 	call	0xafc	; 0xafc <__unpack_f>
     476:	99 85       	ldd	r25, Y+9	; 0x09
     478:	92 30       	cpi	r25, 0x02	; 2
     47a:	88 f0       	brcs	.+34     	; 0x49e <__mulsf3+0x60>
     47c:	89 89       	ldd	r24, Y+17	; 0x11
     47e:	82 30       	cpi	r24, 0x02	; 2
     480:	c8 f0       	brcs	.+50     	; 0x4b4 <__mulsf3+0x76>
     482:	94 30       	cpi	r25, 0x04	; 4
     484:	19 f4       	brne	.+6      	; 0x48c <__mulsf3+0x4e>
     486:	82 30       	cpi	r24, 0x02	; 2
     488:	51 f4       	brne	.+20     	; 0x49e <__mulsf3+0x60>
     48a:	04 c0       	rjmp	.+8      	; 0x494 <__mulsf3+0x56>
     48c:	84 30       	cpi	r24, 0x04	; 4
     48e:	29 f4       	brne	.+10     	; 0x49a <__mulsf3+0x5c>
     490:	92 30       	cpi	r25, 0x02	; 2
     492:	81 f4       	brne	.+32     	; 0x4b4 <__mulsf3+0x76>
     494:	80 e6       	ldi	r24, 0x60	; 96
     496:	90 e0       	ldi	r25, 0x00	; 0
     498:	c6 c0       	rjmp	.+396    	; 0x626 <__mulsf3+0x1e8>
     49a:	92 30       	cpi	r25, 0x02	; 2
     49c:	49 f4       	brne	.+18     	; 0x4b0 <__mulsf3+0x72>
     49e:	20 e0       	ldi	r18, 0x00	; 0
     4a0:	9a 85       	ldd	r25, Y+10	; 0x0a
     4a2:	8a 89       	ldd	r24, Y+18	; 0x12
     4a4:	98 13       	cpse	r25, r24
     4a6:	21 e0       	ldi	r18, 0x01	; 1
     4a8:	2a 87       	std	Y+10, r18	; 0x0a
     4aa:	ce 01       	movw	r24, r28
     4ac:	09 96       	adiw	r24, 0x09	; 9
     4ae:	bb c0       	rjmp	.+374    	; 0x626 <__mulsf3+0x1e8>
     4b0:	82 30       	cpi	r24, 0x02	; 2
     4b2:	49 f4       	brne	.+18     	; 0x4c6 <__mulsf3+0x88>
     4b4:	20 e0       	ldi	r18, 0x00	; 0
     4b6:	9a 85       	ldd	r25, Y+10	; 0x0a
     4b8:	8a 89       	ldd	r24, Y+18	; 0x12
     4ba:	98 13       	cpse	r25, r24
     4bc:	21 e0       	ldi	r18, 0x01	; 1
     4be:	2a 8b       	std	Y+18, r18	; 0x12
     4c0:	ce 01       	movw	r24, r28
     4c2:	41 96       	adiw	r24, 0x11	; 17
     4c4:	b0 c0       	rjmp	.+352    	; 0x626 <__mulsf3+0x1e8>
     4c6:	2d 84       	ldd	r2, Y+13	; 0x0d
     4c8:	3e 84       	ldd	r3, Y+14	; 0x0e
     4ca:	4f 84       	ldd	r4, Y+15	; 0x0f
     4cc:	58 88       	ldd	r5, Y+16	; 0x10
     4ce:	6d 88       	ldd	r6, Y+21	; 0x15
     4d0:	7e 88       	ldd	r7, Y+22	; 0x16
     4d2:	8f 88       	ldd	r8, Y+23	; 0x17
     4d4:	98 8c       	ldd	r9, Y+24	; 0x18
     4d6:	ee 24       	eor	r14, r14
     4d8:	ff 24       	eor	r15, r15
     4da:	87 01       	movw	r16, r14
     4dc:	aa 24       	eor	r10, r10
     4de:	bb 24       	eor	r11, r11
     4e0:	65 01       	movw	r12, r10
     4e2:	40 e0       	ldi	r20, 0x00	; 0
     4e4:	50 e0       	ldi	r21, 0x00	; 0
     4e6:	60 e0       	ldi	r22, 0x00	; 0
     4e8:	70 e0       	ldi	r23, 0x00	; 0
     4ea:	e0 e0       	ldi	r30, 0x00	; 0
     4ec:	f0 e0       	ldi	r31, 0x00	; 0
     4ee:	c1 01       	movw	r24, r2
     4f0:	81 70       	andi	r24, 0x01	; 1
     4f2:	90 70       	andi	r25, 0x00	; 0
     4f4:	89 2b       	or	r24, r25
     4f6:	e9 f0       	breq	.+58     	; 0x532 <__mulsf3+0xf4>
     4f8:	e6 0c       	add	r14, r6
     4fa:	f7 1c       	adc	r15, r7
     4fc:	08 1d       	adc	r16, r8
     4fe:	19 1d       	adc	r17, r9
     500:	9a 01       	movw	r18, r20
     502:	ab 01       	movw	r20, r22
     504:	2a 0d       	add	r18, r10
     506:	3b 1d       	adc	r19, r11
     508:	4c 1d       	adc	r20, r12
     50a:	5d 1d       	adc	r21, r13
     50c:	80 e0       	ldi	r24, 0x00	; 0
     50e:	90 e0       	ldi	r25, 0x00	; 0
     510:	a0 e0       	ldi	r26, 0x00	; 0
     512:	b0 e0       	ldi	r27, 0x00	; 0
     514:	e6 14       	cp	r14, r6
     516:	f7 04       	cpc	r15, r7
     518:	08 05       	cpc	r16, r8
     51a:	19 05       	cpc	r17, r9
     51c:	20 f4       	brcc	.+8      	; 0x526 <__mulsf3+0xe8>
     51e:	81 e0       	ldi	r24, 0x01	; 1
     520:	90 e0       	ldi	r25, 0x00	; 0
     522:	a0 e0       	ldi	r26, 0x00	; 0
     524:	b0 e0       	ldi	r27, 0x00	; 0
     526:	ba 01       	movw	r22, r20
     528:	a9 01       	movw	r20, r18
     52a:	48 0f       	add	r20, r24
     52c:	59 1f       	adc	r21, r25
     52e:	6a 1f       	adc	r22, r26
     530:	7b 1f       	adc	r23, r27
     532:	aa 0c       	add	r10, r10
     534:	bb 1c       	adc	r11, r11
     536:	cc 1c       	adc	r12, r12
     538:	dd 1c       	adc	r13, r13
     53a:	97 fe       	sbrs	r9, 7
     53c:	08 c0       	rjmp	.+16     	; 0x54e <__mulsf3+0x110>
     53e:	81 e0       	ldi	r24, 0x01	; 1
     540:	90 e0       	ldi	r25, 0x00	; 0
     542:	a0 e0       	ldi	r26, 0x00	; 0
     544:	b0 e0       	ldi	r27, 0x00	; 0
     546:	a8 2a       	or	r10, r24
     548:	b9 2a       	or	r11, r25
     54a:	ca 2a       	or	r12, r26
     54c:	db 2a       	or	r13, r27
     54e:	31 96       	adiw	r30, 0x01	; 1
     550:	e0 32       	cpi	r30, 0x20	; 32
     552:	f1 05       	cpc	r31, r1
     554:	49 f0       	breq	.+18     	; 0x568 <__mulsf3+0x12a>
     556:	66 0c       	add	r6, r6
     558:	77 1c       	adc	r7, r7
     55a:	88 1c       	adc	r8, r8
     55c:	99 1c       	adc	r9, r9
     55e:	56 94       	lsr	r5
     560:	47 94       	ror	r4
     562:	37 94       	ror	r3
     564:	27 94       	ror	r2
     566:	c3 cf       	rjmp	.-122    	; 0x4ee <__mulsf3+0xb0>
     568:	fa 85       	ldd	r31, Y+10	; 0x0a
     56a:	ea 89       	ldd	r30, Y+18	; 0x12
     56c:	2b 89       	ldd	r18, Y+19	; 0x13
     56e:	3c 89       	ldd	r19, Y+20	; 0x14
     570:	8b 85       	ldd	r24, Y+11	; 0x0b
     572:	9c 85       	ldd	r25, Y+12	; 0x0c
     574:	28 0f       	add	r18, r24
     576:	39 1f       	adc	r19, r25
     578:	2e 5f       	subi	r18, 0xFE	; 254
     57a:	3f 4f       	sbci	r19, 0xFF	; 255
     57c:	17 c0       	rjmp	.+46     	; 0x5ac <__mulsf3+0x16e>
     57e:	ca 01       	movw	r24, r20
     580:	81 70       	andi	r24, 0x01	; 1
     582:	90 70       	andi	r25, 0x00	; 0
     584:	89 2b       	or	r24, r25
     586:	61 f0       	breq	.+24     	; 0x5a0 <__mulsf3+0x162>
     588:	16 95       	lsr	r17
     58a:	07 95       	ror	r16
     58c:	f7 94       	ror	r15
     58e:	e7 94       	ror	r14
     590:	80 e0       	ldi	r24, 0x00	; 0
     592:	90 e0       	ldi	r25, 0x00	; 0
     594:	a0 e0       	ldi	r26, 0x00	; 0
     596:	b0 e8       	ldi	r27, 0x80	; 128
     598:	e8 2a       	or	r14, r24
     59a:	f9 2a       	or	r15, r25
     59c:	0a 2b       	or	r16, r26
     59e:	1b 2b       	or	r17, r27
     5a0:	76 95       	lsr	r23
     5a2:	67 95       	ror	r22
     5a4:	57 95       	ror	r21
     5a6:	47 95       	ror	r20
     5a8:	2f 5f       	subi	r18, 0xFF	; 255
     5aa:	3f 4f       	sbci	r19, 0xFF	; 255
     5ac:	77 fd       	sbrc	r23, 7
     5ae:	e7 cf       	rjmp	.-50     	; 0x57e <__mulsf3+0x140>
     5b0:	0c c0       	rjmp	.+24     	; 0x5ca <__mulsf3+0x18c>
     5b2:	44 0f       	add	r20, r20
     5b4:	55 1f       	adc	r21, r21
     5b6:	66 1f       	adc	r22, r22
     5b8:	77 1f       	adc	r23, r23
     5ba:	17 fd       	sbrc	r17, 7
     5bc:	41 60       	ori	r20, 0x01	; 1
     5be:	ee 0c       	add	r14, r14
     5c0:	ff 1c       	adc	r15, r15
     5c2:	00 1f       	adc	r16, r16
     5c4:	11 1f       	adc	r17, r17
     5c6:	21 50       	subi	r18, 0x01	; 1
     5c8:	30 40       	sbci	r19, 0x00	; 0
     5ca:	40 30       	cpi	r20, 0x00	; 0
     5cc:	90 e0       	ldi	r25, 0x00	; 0
     5ce:	59 07       	cpc	r21, r25
     5d0:	90 e0       	ldi	r25, 0x00	; 0
     5d2:	69 07       	cpc	r22, r25
     5d4:	90 e4       	ldi	r25, 0x40	; 64
     5d6:	79 07       	cpc	r23, r25
     5d8:	60 f3       	brcs	.-40     	; 0x5b2 <__mulsf3+0x174>
     5da:	2b 8f       	std	Y+27, r18	; 0x1b
     5dc:	3c 8f       	std	Y+28, r19	; 0x1c
     5de:	db 01       	movw	r26, r22
     5e0:	ca 01       	movw	r24, r20
     5e2:	8f 77       	andi	r24, 0x7F	; 127
     5e4:	90 70       	andi	r25, 0x00	; 0
     5e6:	a0 70       	andi	r26, 0x00	; 0
     5e8:	b0 70       	andi	r27, 0x00	; 0
     5ea:	80 34       	cpi	r24, 0x40	; 64
     5ec:	91 05       	cpc	r25, r1
     5ee:	a1 05       	cpc	r26, r1
     5f0:	b1 05       	cpc	r27, r1
     5f2:	61 f4       	brne	.+24     	; 0x60c <__mulsf3+0x1ce>
     5f4:	47 fd       	sbrc	r20, 7
     5f6:	0a c0       	rjmp	.+20     	; 0x60c <__mulsf3+0x1ce>
     5f8:	e1 14       	cp	r14, r1
     5fa:	f1 04       	cpc	r15, r1
     5fc:	01 05       	cpc	r16, r1
     5fe:	11 05       	cpc	r17, r1
     600:	29 f0       	breq	.+10     	; 0x60c <__mulsf3+0x1ce>
     602:	40 5c       	subi	r20, 0xC0	; 192
     604:	5f 4f       	sbci	r21, 0xFF	; 255
     606:	6f 4f       	sbci	r22, 0xFF	; 255
     608:	7f 4f       	sbci	r23, 0xFF	; 255
     60a:	40 78       	andi	r20, 0x80	; 128
     60c:	1a 8e       	std	Y+26, r1	; 0x1a
     60e:	fe 17       	cp	r31, r30
     610:	11 f0       	breq	.+4      	; 0x616 <__mulsf3+0x1d8>
     612:	81 e0       	ldi	r24, 0x01	; 1
     614:	8a 8f       	std	Y+26, r24	; 0x1a
     616:	4d 8f       	std	Y+29, r20	; 0x1d
     618:	5e 8f       	std	Y+30, r21	; 0x1e
     61a:	6f 8f       	std	Y+31, r22	; 0x1f
     61c:	78 a3       	std	Y+32, r23	; 0x20
     61e:	83 e0       	ldi	r24, 0x03	; 3
     620:	89 8f       	std	Y+25, r24	; 0x19
     622:	ce 01       	movw	r24, r28
     624:	49 96       	adiw	r24, 0x19	; 25
     626:	0e 94 a9 04 	call	0x952	; 0x952 <__pack_f>
     62a:	a0 96       	adiw	r28, 0x20	; 32
     62c:	e2 e1       	ldi	r30, 0x12	; 18
     62e:	0c 94 c7 1d 	jmp	0x3b8e	; 0x3b8e <__epilogue_restores__>

00000632 <__divsf3>:
     632:	a8 e1       	ldi	r26, 0x18	; 24
     634:	b0 e0       	ldi	r27, 0x00	; 0
     636:	ef e1       	ldi	r30, 0x1F	; 31
     638:	f3 e0       	ldi	r31, 0x03	; 3
     63a:	0c 94 b3 1d 	jmp	0x3b66	; 0x3b66 <__prologue_saves__+0x10>
     63e:	69 83       	std	Y+1, r22	; 0x01
     640:	7a 83       	std	Y+2, r23	; 0x02
     642:	8b 83       	std	Y+3, r24	; 0x03
     644:	9c 83       	std	Y+4, r25	; 0x04
     646:	2d 83       	std	Y+5, r18	; 0x05
     648:	3e 83       	std	Y+6, r19	; 0x06
     64a:	4f 83       	std	Y+7, r20	; 0x07
     64c:	58 87       	std	Y+8, r21	; 0x08
     64e:	b9 e0       	ldi	r27, 0x09	; 9
     650:	eb 2e       	mov	r14, r27
     652:	f1 2c       	mov	r15, r1
     654:	ec 0e       	add	r14, r28
     656:	fd 1e       	adc	r15, r29
     658:	ce 01       	movw	r24, r28
     65a:	01 96       	adiw	r24, 0x01	; 1
     65c:	b7 01       	movw	r22, r14
     65e:	0e 94 7e 05 	call	0xafc	; 0xafc <__unpack_f>
     662:	8e 01       	movw	r16, r28
     664:	0f 5e       	subi	r16, 0xEF	; 239
     666:	1f 4f       	sbci	r17, 0xFF	; 255
     668:	ce 01       	movw	r24, r28
     66a:	05 96       	adiw	r24, 0x05	; 5
     66c:	b8 01       	movw	r22, r16
     66e:	0e 94 7e 05 	call	0xafc	; 0xafc <__unpack_f>
     672:	29 85       	ldd	r18, Y+9	; 0x09
     674:	22 30       	cpi	r18, 0x02	; 2
     676:	08 f4       	brcc	.+2      	; 0x67a <__divsf3+0x48>
     678:	7e c0       	rjmp	.+252    	; 0x776 <__divsf3+0x144>
     67a:	39 89       	ldd	r19, Y+17	; 0x11
     67c:	32 30       	cpi	r19, 0x02	; 2
     67e:	10 f4       	brcc	.+4      	; 0x684 <__divsf3+0x52>
     680:	b8 01       	movw	r22, r16
     682:	7c c0       	rjmp	.+248    	; 0x77c <__divsf3+0x14a>
     684:	8a 85       	ldd	r24, Y+10	; 0x0a
     686:	9a 89       	ldd	r25, Y+18	; 0x12
     688:	89 27       	eor	r24, r25
     68a:	8a 87       	std	Y+10, r24	; 0x0a
     68c:	24 30       	cpi	r18, 0x04	; 4
     68e:	11 f0       	breq	.+4      	; 0x694 <__divsf3+0x62>
     690:	22 30       	cpi	r18, 0x02	; 2
     692:	31 f4       	brne	.+12     	; 0x6a0 <__divsf3+0x6e>
     694:	23 17       	cp	r18, r19
     696:	09 f0       	breq	.+2      	; 0x69a <__divsf3+0x68>
     698:	6e c0       	rjmp	.+220    	; 0x776 <__divsf3+0x144>
     69a:	60 e6       	ldi	r22, 0x60	; 96
     69c:	70 e0       	ldi	r23, 0x00	; 0
     69e:	6e c0       	rjmp	.+220    	; 0x77c <__divsf3+0x14a>
     6a0:	34 30       	cpi	r19, 0x04	; 4
     6a2:	39 f4       	brne	.+14     	; 0x6b2 <__divsf3+0x80>
     6a4:	1d 86       	std	Y+13, r1	; 0x0d
     6a6:	1e 86       	std	Y+14, r1	; 0x0e
     6a8:	1f 86       	std	Y+15, r1	; 0x0f
     6aa:	18 8a       	std	Y+16, r1	; 0x10
     6ac:	1c 86       	std	Y+12, r1	; 0x0c
     6ae:	1b 86       	std	Y+11, r1	; 0x0b
     6b0:	04 c0       	rjmp	.+8      	; 0x6ba <__divsf3+0x88>
     6b2:	32 30       	cpi	r19, 0x02	; 2
     6b4:	21 f4       	brne	.+8      	; 0x6be <__divsf3+0x8c>
     6b6:	84 e0       	ldi	r24, 0x04	; 4
     6b8:	89 87       	std	Y+9, r24	; 0x09
     6ba:	b7 01       	movw	r22, r14
     6bc:	5f c0       	rjmp	.+190    	; 0x77c <__divsf3+0x14a>
     6be:	2b 85       	ldd	r18, Y+11	; 0x0b
     6c0:	3c 85       	ldd	r19, Y+12	; 0x0c
     6c2:	8b 89       	ldd	r24, Y+19	; 0x13
     6c4:	9c 89       	ldd	r25, Y+20	; 0x14
     6c6:	28 1b       	sub	r18, r24
     6c8:	39 0b       	sbc	r19, r25
     6ca:	3c 87       	std	Y+12, r19	; 0x0c
     6cc:	2b 87       	std	Y+11, r18	; 0x0b
     6ce:	ed 84       	ldd	r14, Y+13	; 0x0d
     6d0:	fe 84       	ldd	r15, Y+14	; 0x0e
     6d2:	0f 85       	ldd	r16, Y+15	; 0x0f
     6d4:	18 89       	ldd	r17, Y+16	; 0x10
     6d6:	ad 88       	ldd	r10, Y+21	; 0x15
     6d8:	be 88       	ldd	r11, Y+22	; 0x16
     6da:	cf 88       	ldd	r12, Y+23	; 0x17
     6dc:	d8 8c       	ldd	r13, Y+24	; 0x18
     6de:	ea 14       	cp	r14, r10
     6e0:	fb 04       	cpc	r15, r11
     6e2:	0c 05       	cpc	r16, r12
     6e4:	1d 05       	cpc	r17, r13
     6e6:	40 f4       	brcc	.+16     	; 0x6f8 <__divsf3+0xc6>
     6e8:	ee 0c       	add	r14, r14
     6ea:	ff 1c       	adc	r15, r15
     6ec:	00 1f       	adc	r16, r16
     6ee:	11 1f       	adc	r17, r17
     6f0:	21 50       	subi	r18, 0x01	; 1
     6f2:	30 40       	sbci	r19, 0x00	; 0
     6f4:	3c 87       	std	Y+12, r19	; 0x0c
     6f6:	2b 87       	std	Y+11, r18	; 0x0b
     6f8:	20 e0       	ldi	r18, 0x00	; 0
     6fa:	30 e0       	ldi	r19, 0x00	; 0
     6fc:	40 e0       	ldi	r20, 0x00	; 0
     6fe:	50 e0       	ldi	r21, 0x00	; 0
     700:	80 e0       	ldi	r24, 0x00	; 0
     702:	90 e0       	ldi	r25, 0x00	; 0
     704:	a0 e0       	ldi	r26, 0x00	; 0
     706:	b0 e4       	ldi	r27, 0x40	; 64
     708:	60 e0       	ldi	r22, 0x00	; 0
     70a:	70 e0       	ldi	r23, 0x00	; 0
     70c:	ea 14       	cp	r14, r10
     70e:	fb 04       	cpc	r15, r11
     710:	0c 05       	cpc	r16, r12
     712:	1d 05       	cpc	r17, r13
     714:	40 f0       	brcs	.+16     	; 0x726 <__divsf3+0xf4>
     716:	28 2b       	or	r18, r24
     718:	39 2b       	or	r19, r25
     71a:	4a 2b       	or	r20, r26
     71c:	5b 2b       	or	r21, r27
     71e:	ea 18       	sub	r14, r10
     720:	fb 08       	sbc	r15, r11
     722:	0c 09       	sbc	r16, r12
     724:	1d 09       	sbc	r17, r13
     726:	b6 95       	lsr	r27
     728:	a7 95       	ror	r26
     72a:	97 95       	ror	r25
     72c:	87 95       	ror	r24
     72e:	ee 0c       	add	r14, r14
     730:	ff 1c       	adc	r15, r15
     732:	00 1f       	adc	r16, r16
     734:	11 1f       	adc	r17, r17
     736:	6f 5f       	subi	r22, 0xFF	; 255
     738:	7f 4f       	sbci	r23, 0xFF	; 255
     73a:	6f 31       	cpi	r22, 0x1F	; 31
     73c:	71 05       	cpc	r23, r1
     73e:	31 f7       	brne	.-52     	; 0x70c <__divsf3+0xda>
     740:	da 01       	movw	r26, r20
     742:	c9 01       	movw	r24, r18
     744:	8f 77       	andi	r24, 0x7F	; 127
     746:	90 70       	andi	r25, 0x00	; 0
     748:	a0 70       	andi	r26, 0x00	; 0
     74a:	b0 70       	andi	r27, 0x00	; 0
     74c:	80 34       	cpi	r24, 0x40	; 64
     74e:	91 05       	cpc	r25, r1
     750:	a1 05       	cpc	r26, r1
     752:	b1 05       	cpc	r27, r1
     754:	61 f4       	brne	.+24     	; 0x76e <__divsf3+0x13c>
     756:	27 fd       	sbrc	r18, 7
     758:	0a c0       	rjmp	.+20     	; 0x76e <__divsf3+0x13c>
     75a:	e1 14       	cp	r14, r1
     75c:	f1 04       	cpc	r15, r1
     75e:	01 05       	cpc	r16, r1
     760:	11 05       	cpc	r17, r1
     762:	29 f0       	breq	.+10     	; 0x76e <__divsf3+0x13c>
     764:	20 5c       	subi	r18, 0xC0	; 192
     766:	3f 4f       	sbci	r19, 0xFF	; 255
     768:	4f 4f       	sbci	r20, 0xFF	; 255
     76a:	5f 4f       	sbci	r21, 0xFF	; 255
     76c:	20 78       	andi	r18, 0x80	; 128
     76e:	2d 87       	std	Y+13, r18	; 0x0d
     770:	3e 87       	std	Y+14, r19	; 0x0e
     772:	4f 87       	std	Y+15, r20	; 0x0f
     774:	58 8b       	std	Y+16, r21	; 0x10
     776:	be 01       	movw	r22, r28
     778:	67 5f       	subi	r22, 0xF7	; 247
     77a:	7f 4f       	sbci	r23, 0xFF	; 255
     77c:	cb 01       	movw	r24, r22
     77e:	0e 94 a9 04 	call	0x952	; 0x952 <__pack_f>
     782:	68 96       	adiw	r28, 0x18	; 24
     784:	ea e0       	ldi	r30, 0x0A	; 10
     786:	0c 94 cf 1d 	jmp	0x3b9e	; 0x3b9e <__epilogue_restores__+0x10>

0000078a <__gtsf2>:
     78a:	a8 e1       	ldi	r26, 0x18	; 24
     78c:	b0 e0       	ldi	r27, 0x00	; 0
     78e:	eb ec       	ldi	r30, 0xCB	; 203
     790:	f3 e0       	ldi	r31, 0x03	; 3
     792:	0c 94 b7 1d 	jmp	0x3b6e	; 0x3b6e <__prologue_saves__+0x18>
     796:	69 83       	std	Y+1, r22	; 0x01
     798:	7a 83       	std	Y+2, r23	; 0x02
     79a:	8b 83       	std	Y+3, r24	; 0x03
     79c:	9c 83       	std	Y+4, r25	; 0x04
     79e:	2d 83       	std	Y+5, r18	; 0x05
     7a0:	3e 83       	std	Y+6, r19	; 0x06
     7a2:	4f 83       	std	Y+7, r20	; 0x07
     7a4:	58 87       	std	Y+8, r21	; 0x08
     7a6:	89 e0       	ldi	r24, 0x09	; 9
     7a8:	e8 2e       	mov	r14, r24
     7aa:	f1 2c       	mov	r15, r1
     7ac:	ec 0e       	add	r14, r28
     7ae:	fd 1e       	adc	r15, r29
     7b0:	ce 01       	movw	r24, r28
     7b2:	01 96       	adiw	r24, 0x01	; 1
     7b4:	b7 01       	movw	r22, r14
     7b6:	0e 94 7e 05 	call	0xafc	; 0xafc <__unpack_f>
     7ba:	8e 01       	movw	r16, r28
     7bc:	0f 5e       	subi	r16, 0xEF	; 239
     7be:	1f 4f       	sbci	r17, 0xFF	; 255
     7c0:	ce 01       	movw	r24, r28
     7c2:	05 96       	adiw	r24, 0x05	; 5
     7c4:	b8 01       	movw	r22, r16
     7c6:	0e 94 7e 05 	call	0xafc	; 0xafc <__unpack_f>
     7ca:	89 85       	ldd	r24, Y+9	; 0x09
     7cc:	82 30       	cpi	r24, 0x02	; 2
     7ce:	40 f0       	brcs	.+16     	; 0x7e0 <__gtsf2+0x56>
     7d0:	89 89       	ldd	r24, Y+17	; 0x11
     7d2:	82 30       	cpi	r24, 0x02	; 2
     7d4:	28 f0       	brcs	.+10     	; 0x7e0 <__gtsf2+0x56>
     7d6:	c7 01       	movw	r24, r14
     7d8:	b8 01       	movw	r22, r16
     7da:	0e 94 f6 05 	call	0xbec	; 0xbec <__fpcmp_parts_f>
     7de:	01 c0       	rjmp	.+2      	; 0x7e2 <__gtsf2+0x58>
     7e0:	8f ef       	ldi	r24, 0xFF	; 255
     7e2:	68 96       	adiw	r28, 0x18	; 24
     7e4:	e6 e0       	ldi	r30, 0x06	; 6
     7e6:	0c 94 d3 1d 	jmp	0x3ba6	; 0x3ba6 <__epilogue_restores__+0x18>

000007ea <__gesf2>:
     7ea:	a8 e1       	ldi	r26, 0x18	; 24
     7ec:	b0 e0       	ldi	r27, 0x00	; 0
     7ee:	eb ef       	ldi	r30, 0xFB	; 251
     7f0:	f3 e0       	ldi	r31, 0x03	; 3
     7f2:	0c 94 b7 1d 	jmp	0x3b6e	; 0x3b6e <__prologue_saves__+0x18>
     7f6:	69 83       	std	Y+1, r22	; 0x01
     7f8:	7a 83       	std	Y+2, r23	; 0x02
     7fa:	8b 83       	std	Y+3, r24	; 0x03
     7fc:	9c 83       	std	Y+4, r25	; 0x04
     7fe:	2d 83       	std	Y+5, r18	; 0x05
     800:	3e 83       	std	Y+6, r19	; 0x06
     802:	4f 83       	std	Y+7, r20	; 0x07
     804:	58 87       	std	Y+8, r21	; 0x08
     806:	89 e0       	ldi	r24, 0x09	; 9
     808:	e8 2e       	mov	r14, r24
     80a:	f1 2c       	mov	r15, r1
     80c:	ec 0e       	add	r14, r28
     80e:	fd 1e       	adc	r15, r29
     810:	ce 01       	movw	r24, r28
     812:	01 96       	adiw	r24, 0x01	; 1
     814:	b7 01       	movw	r22, r14
     816:	0e 94 7e 05 	call	0xafc	; 0xafc <__unpack_f>
     81a:	8e 01       	movw	r16, r28
     81c:	0f 5e       	subi	r16, 0xEF	; 239
     81e:	1f 4f       	sbci	r17, 0xFF	; 255
     820:	ce 01       	movw	r24, r28
     822:	05 96       	adiw	r24, 0x05	; 5
     824:	b8 01       	movw	r22, r16
     826:	0e 94 7e 05 	call	0xafc	; 0xafc <__unpack_f>
     82a:	89 85       	ldd	r24, Y+9	; 0x09
     82c:	82 30       	cpi	r24, 0x02	; 2
     82e:	40 f0       	brcs	.+16     	; 0x840 <__gesf2+0x56>
     830:	89 89       	ldd	r24, Y+17	; 0x11
     832:	82 30       	cpi	r24, 0x02	; 2
     834:	28 f0       	brcs	.+10     	; 0x840 <__gesf2+0x56>
     836:	c7 01       	movw	r24, r14
     838:	b8 01       	movw	r22, r16
     83a:	0e 94 f6 05 	call	0xbec	; 0xbec <__fpcmp_parts_f>
     83e:	01 c0       	rjmp	.+2      	; 0x842 <__gesf2+0x58>
     840:	8f ef       	ldi	r24, 0xFF	; 255
     842:	68 96       	adiw	r28, 0x18	; 24
     844:	e6 e0       	ldi	r30, 0x06	; 6
     846:	0c 94 d3 1d 	jmp	0x3ba6	; 0x3ba6 <__epilogue_restores__+0x18>

0000084a <__ltsf2>:
     84a:	a8 e1       	ldi	r26, 0x18	; 24
     84c:	b0 e0       	ldi	r27, 0x00	; 0
     84e:	eb e2       	ldi	r30, 0x2B	; 43
     850:	f4 e0       	ldi	r31, 0x04	; 4
     852:	0c 94 b7 1d 	jmp	0x3b6e	; 0x3b6e <__prologue_saves__+0x18>
     856:	69 83       	std	Y+1, r22	; 0x01
     858:	7a 83       	std	Y+2, r23	; 0x02
     85a:	8b 83       	std	Y+3, r24	; 0x03
     85c:	9c 83       	std	Y+4, r25	; 0x04
     85e:	2d 83       	std	Y+5, r18	; 0x05
     860:	3e 83       	std	Y+6, r19	; 0x06
     862:	4f 83       	std	Y+7, r20	; 0x07
     864:	58 87       	std	Y+8, r21	; 0x08
     866:	89 e0       	ldi	r24, 0x09	; 9
     868:	e8 2e       	mov	r14, r24
     86a:	f1 2c       	mov	r15, r1
     86c:	ec 0e       	add	r14, r28
     86e:	fd 1e       	adc	r15, r29
     870:	ce 01       	movw	r24, r28
     872:	01 96       	adiw	r24, 0x01	; 1
     874:	b7 01       	movw	r22, r14
     876:	0e 94 7e 05 	call	0xafc	; 0xafc <__unpack_f>
     87a:	8e 01       	movw	r16, r28
     87c:	0f 5e       	subi	r16, 0xEF	; 239
     87e:	1f 4f       	sbci	r17, 0xFF	; 255
     880:	ce 01       	movw	r24, r28
     882:	05 96       	adiw	r24, 0x05	; 5
     884:	b8 01       	movw	r22, r16
     886:	0e 94 7e 05 	call	0xafc	; 0xafc <__unpack_f>
     88a:	89 85       	ldd	r24, Y+9	; 0x09
     88c:	82 30       	cpi	r24, 0x02	; 2
     88e:	40 f0       	brcs	.+16     	; 0x8a0 <__stack+0x41>
     890:	89 89       	ldd	r24, Y+17	; 0x11
     892:	82 30       	cpi	r24, 0x02	; 2
     894:	28 f0       	brcs	.+10     	; 0x8a0 <__stack+0x41>
     896:	c7 01       	movw	r24, r14
     898:	b8 01       	movw	r22, r16
     89a:	0e 94 f6 05 	call	0xbec	; 0xbec <__fpcmp_parts_f>
     89e:	01 c0       	rjmp	.+2      	; 0x8a2 <__stack+0x43>
     8a0:	81 e0       	ldi	r24, 0x01	; 1
     8a2:	68 96       	adiw	r28, 0x18	; 24
     8a4:	e6 e0       	ldi	r30, 0x06	; 6
     8a6:	0c 94 d3 1d 	jmp	0x3ba6	; 0x3ba6 <__epilogue_restores__+0x18>

000008aa <__fixsfsi>:
     8aa:	ac e0       	ldi	r26, 0x0C	; 12
     8ac:	b0 e0       	ldi	r27, 0x00	; 0
     8ae:	eb e5       	ldi	r30, 0x5B	; 91
     8b0:	f4 e0       	ldi	r31, 0x04	; 4
     8b2:	0c 94 bb 1d 	jmp	0x3b76	; 0x3b76 <__prologue_saves__+0x20>
     8b6:	69 83       	std	Y+1, r22	; 0x01
     8b8:	7a 83       	std	Y+2, r23	; 0x02
     8ba:	8b 83       	std	Y+3, r24	; 0x03
     8bc:	9c 83       	std	Y+4, r25	; 0x04
     8be:	ce 01       	movw	r24, r28
     8c0:	01 96       	adiw	r24, 0x01	; 1
     8c2:	be 01       	movw	r22, r28
     8c4:	6b 5f       	subi	r22, 0xFB	; 251
     8c6:	7f 4f       	sbci	r23, 0xFF	; 255
     8c8:	0e 94 7e 05 	call	0xafc	; 0xafc <__unpack_f>
     8cc:	8d 81       	ldd	r24, Y+5	; 0x05
     8ce:	82 30       	cpi	r24, 0x02	; 2
     8d0:	61 f1       	breq	.+88     	; 0x92a <__fixsfsi+0x80>
     8d2:	82 30       	cpi	r24, 0x02	; 2
     8d4:	50 f1       	brcs	.+84     	; 0x92a <__fixsfsi+0x80>
     8d6:	84 30       	cpi	r24, 0x04	; 4
     8d8:	21 f4       	brne	.+8      	; 0x8e2 <__fixsfsi+0x38>
     8da:	8e 81       	ldd	r24, Y+6	; 0x06
     8dc:	88 23       	and	r24, r24
     8de:	51 f1       	breq	.+84     	; 0x934 <__fixsfsi+0x8a>
     8e0:	2e c0       	rjmp	.+92     	; 0x93e <__fixsfsi+0x94>
     8e2:	2f 81       	ldd	r18, Y+7	; 0x07
     8e4:	38 85       	ldd	r19, Y+8	; 0x08
     8e6:	37 fd       	sbrc	r19, 7
     8e8:	20 c0       	rjmp	.+64     	; 0x92a <__fixsfsi+0x80>
     8ea:	6e 81       	ldd	r22, Y+6	; 0x06
     8ec:	2f 31       	cpi	r18, 0x1F	; 31
     8ee:	31 05       	cpc	r19, r1
     8f0:	1c f0       	brlt	.+6      	; 0x8f8 <__fixsfsi+0x4e>
     8f2:	66 23       	and	r22, r22
     8f4:	f9 f0       	breq	.+62     	; 0x934 <__fixsfsi+0x8a>
     8f6:	23 c0       	rjmp	.+70     	; 0x93e <__fixsfsi+0x94>
     8f8:	8e e1       	ldi	r24, 0x1E	; 30
     8fa:	90 e0       	ldi	r25, 0x00	; 0
     8fc:	82 1b       	sub	r24, r18
     8fe:	93 0b       	sbc	r25, r19
     900:	29 85       	ldd	r18, Y+9	; 0x09
     902:	3a 85       	ldd	r19, Y+10	; 0x0a
     904:	4b 85       	ldd	r20, Y+11	; 0x0b
     906:	5c 85       	ldd	r21, Y+12	; 0x0c
     908:	04 c0       	rjmp	.+8      	; 0x912 <__fixsfsi+0x68>
     90a:	56 95       	lsr	r21
     90c:	47 95       	ror	r20
     90e:	37 95       	ror	r19
     910:	27 95       	ror	r18
     912:	8a 95       	dec	r24
     914:	d2 f7       	brpl	.-12     	; 0x90a <__fixsfsi+0x60>
     916:	66 23       	and	r22, r22
     918:	b1 f0       	breq	.+44     	; 0x946 <__fixsfsi+0x9c>
     91a:	50 95       	com	r21
     91c:	40 95       	com	r20
     91e:	30 95       	com	r19
     920:	21 95       	neg	r18
     922:	3f 4f       	sbci	r19, 0xFF	; 255
     924:	4f 4f       	sbci	r20, 0xFF	; 255
     926:	5f 4f       	sbci	r21, 0xFF	; 255
     928:	0e c0       	rjmp	.+28     	; 0x946 <__fixsfsi+0x9c>
     92a:	20 e0       	ldi	r18, 0x00	; 0
     92c:	30 e0       	ldi	r19, 0x00	; 0
     92e:	40 e0       	ldi	r20, 0x00	; 0
     930:	50 e0       	ldi	r21, 0x00	; 0
     932:	09 c0       	rjmp	.+18     	; 0x946 <__fixsfsi+0x9c>
     934:	2f ef       	ldi	r18, 0xFF	; 255
     936:	3f ef       	ldi	r19, 0xFF	; 255
     938:	4f ef       	ldi	r20, 0xFF	; 255
     93a:	5f e7       	ldi	r21, 0x7F	; 127
     93c:	04 c0       	rjmp	.+8      	; 0x946 <__fixsfsi+0x9c>
     93e:	20 e0       	ldi	r18, 0x00	; 0
     940:	30 e0       	ldi	r19, 0x00	; 0
     942:	40 e0       	ldi	r20, 0x00	; 0
     944:	50 e8       	ldi	r21, 0x80	; 128
     946:	b9 01       	movw	r22, r18
     948:	ca 01       	movw	r24, r20
     94a:	2c 96       	adiw	r28, 0x0c	; 12
     94c:	e2 e0       	ldi	r30, 0x02	; 2
     94e:	0c 94 d7 1d 	jmp	0x3bae	; 0x3bae <__epilogue_restores__+0x20>

00000952 <__pack_f>:
     952:	df 92       	push	r13
     954:	ef 92       	push	r14
     956:	ff 92       	push	r15
     958:	0f 93       	push	r16
     95a:	1f 93       	push	r17
     95c:	fc 01       	movw	r30, r24
     95e:	e4 80       	ldd	r14, Z+4	; 0x04
     960:	f5 80       	ldd	r15, Z+5	; 0x05
     962:	06 81       	ldd	r16, Z+6	; 0x06
     964:	17 81       	ldd	r17, Z+7	; 0x07
     966:	d1 80       	ldd	r13, Z+1	; 0x01
     968:	80 81       	ld	r24, Z
     96a:	82 30       	cpi	r24, 0x02	; 2
     96c:	48 f4       	brcc	.+18     	; 0x980 <__pack_f+0x2e>
     96e:	80 e0       	ldi	r24, 0x00	; 0
     970:	90 e0       	ldi	r25, 0x00	; 0
     972:	a0 e1       	ldi	r26, 0x10	; 16
     974:	b0 e0       	ldi	r27, 0x00	; 0
     976:	e8 2a       	or	r14, r24
     978:	f9 2a       	or	r15, r25
     97a:	0a 2b       	or	r16, r26
     97c:	1b 2b       	or	r17, r27
     97e:	a5 c0       	rjmp	.+330    	; 0xaca <__pack_f+0x178>
     980:	84 30       	cpi	r24, 0x04	; 4
     982:	09 f4       	brne	.+2      	; 0x986 <__pack_f+0x34>
     984:	9f c0       	rjmp	.+318    	; 0xac4 <__pack_f+0x172>
     986:	82 30       	cpi	r24, 0x02	; 2
     988:	21 f4       	brne	.+8      	; 0x992 <__pack_f+0x40>
     98a:	ee 24       	eor	r14, r14
     98c:	ff 24       	eor	r15, r15
     98e:	87 01       	movw	r16, r14
     990:	05 c0       	rjmp	.+10     	; 0x99c <__pack_f+0x4a>
     992:	e1 14       	cp	r14, r1
     994:	f1 04       	cpc	r15, r1
     996:	01 05       	cpc	r16, r1
     998:	11 05       	cpc	r17, r1
     99a:	19 f4       	brne	.+6      	; 0x9a2 <__pack_f+0x50>
     99c:	e0 e0       	ldi	r30, 0x00	; 0
     99e:	f0 e0       	ldi	r31, 0x00	; 0
     9a0:	96 c0       	rjmp	.+300    	; 0xace <__pack_f+0x17c>
     9a2:	62 81       	ldd	r22, Z+2	; 0x02
     9a4:	73 81       	ldd	r23, Z+3	; 0x03
     9a6:	9f ef       	ldi	r25, 0xFF	; 255
     9a8:	62 38       	cpi	r22, 0x82	; 130
     9aa:	79 07       	cpc	r23, r25
     9ac:	0c f0       	brlt	.+2      	; 0x9b0 <__pack_f+0x5e>
     9ae:	5b c0       	rjmp	.+182    	; 0xa66 <__pack_f+0x114>
     9b0:	22 e8       	ldi	r18, 0x82	; 130
     9b2:	3f ef       	ldi	r19, 0xFF	; 255
     9b4:	26 1b       	sub	r18, r22
     9b6:	37 0b       	sbc	r19, r23
     9b8:	2a 31       	cpi	r18, 0x1A	; 26
     9ba:	31 05       	cpc	r19, r1
     9bc:	2c f0       	brlt	.+10     	; 0x9c8 <__pack_f+0x76>
     9be:	20 e0       	ldi	r18, 0x00	; 0
     9c0:	30 e0       	ldi	r19, 0x00	; 0
     9c2:	40 e0       	ldi	r20, 0x00	; 0
     9c4:	50 e0       	ldi	r21, 0x00	; 0
     9c6:	2a c0       	rjmp	.+84     	; 0xa1c <__pack_f+0xca>
     9c8:	b8 01       	movw	r22, r16
     9ca:	a7 01       	movw	r20, r14
     9cc:	02 2e       	mov	r0, r18
     9ce:	04 c0       	rjmp	.+8      	; 0x9d8 <__pack_f+0x86>
     9d0:	76 95       	lsr	r23
     9d2:	67 95       	ror	r22
     9d4:	57 95       	ror	r21
     9d6:	47 95       	ror	r20
     9d8:	0a 94       	dec	r0
     9da:	d2 f7       	brpl	.-12     	; 0x9d0 <__pack_f+0x7e>
     9dc:	81 e0       	ldi	r24, 0x01	; 1
     9de:	90 e0       	ldi	r25, 0x00	; 0
     9e0:	a0 e0       	ldi	r26, 0x00	; 0
     9e2:	b0 e0       	ldi	r27, 0x00	; 0
     9e4:	04 c0       	rjmp	.+8      	; 0x9ee <__pack_f+0x9c>
     9e6:	88 0f       	add	r24, r24
     9e8:	99 1f       	adc	r25, r25
     9ea:	aa 1f       	adc	r26, r26
     9ec:	bb 1f       	adc	r27, r27
     9ee:	2a 95       	dec	r18
     9f0:	d2 f7       	brpl	.-12     	; 0x9e6 <__pack_f+0x94>
     9f2:	01 97       	sbiw	r24, 0x01	; 1
     9f4:	a1 09       	sbc	r26, r1
     9f6:	b1 09       	sbc	r27, r1
     9f8:	8e 21       	and	r24, r14
     9fa:	9f 21       	and	r25, r15
     9fc:	a0 23       	and	r26, r16
     9fe:	b1 23       	and	r27, r17
     a00:	00 97       	sbiw	r24, 0x00	; 0
     a02:	a1 05       	cpc	r26, r1
     a04:	b1 05       	cpc	r27, r1
     a06:	21 f0       	breq	.+8      	; 0xa10 <__pack_f+0xbe>
     a08:	81 e0       	ldi	r24, 0x01	; 1
     a0a:	90 e0       	ldi	r25, 0x00	; 0
     a0c:	a0 e0       	ldi	r26, 0x00	; 0
     a0e:	b0 e0       	ldi	r27, 0x00	; 0
     a10:	9a 01       	movw	r18, r20
     a12:	ab 01       	movw	r20, r22
     a14:	28 2b       	or	r18, r24
     a16:	39 2b       	or	r19, r25
     a18:	4a 2b       	or	r20, r26
     a1a:	5b 2b       	or	r21, r27
     a1c:	da 01       	movw	r26, r20
     a1e:	c9 01       	movw	r24, r18
     a20:	8f 77       	andi	r24, 0x7F	; 127
     a22:	90 70       	andi	r25, 0x00	; 0
     a24:	a0 70       	andi	r26, 0x00	; 0
     a26:	b0 70       	andi	r27, 0x00	; 0
     a28:	80 34       	cpi	r24, 0x40	; 64
     a2a:	91 05       	cpc	r25, r1
     a2c:	a1 05       	cpc	r26, r1
     a2e:	b1 05       	cpc	r27, r1
     a30:	39 f4       	brne	.+14     	; 0xa40 <__pack_f+0xee>
     a32:	27 ff       	sbrs	r18, 7
     a34:	09 c0       	rjmp	.+18     	; 0xa48 <__pack_f+0xf6>
     a36:	20 5c       	subi	r18, 0xC0	; 192
     a38:	3f 4f       	sbci	r19, 0xFF	; 255
     a3a:	4f 4f       	sbci	r20, 0xFF	; 255
     a3c:	5f 4f       	sbci	r21, 0xFF	; 255
     a3e:	04 c0       	rjmp	.+8      	; 0xa48 <__pack_f+0xf6>
     a40:	21 5c       	subi	r18, 0xC1	; 193
     a42:	3f 4f       	sbci	r19, 0xFF	; 255
     a44:	4f 4f       	sbci	r20, 0xFF	; 255
     a46:	5f 4f       	sbci	r21, 0xFF	; 255
     a48:	e0 e0       	ldi	r30, 0x00	; 0
     a4a:	f0 e0       	ldi	r31, 0x00	; 0
     a4c:	20 30       	cpi	r18, 0x00	; 0
     a4e:	a0 e0       	ldi	r26, 0x00	; 0
     a50:	3a 07       	cpc	r19, r26
     a52:	a0 e0       	ldi	r26, 0x00	; 0
     a54:	4a 07       	cpc	r20, r26
     a56:	a0 e4       	ldi	r26, 0x40	; 64
     a58:	5a 07       	cpc	r21, r26
     a5a:	10 f0       	brcs	.+4      	; 0xa60 <__pack_f+0x10e>
     a5c:	e1 e0       	ldi	r30, 0x01	; 1
     a5e:	f0 e0       	ldi	r31, 0x00	; 0
     a60:	79 01       	movw	r14, r18
     a62:	8a 01       	movw	r16, r20
     a64:	27 c0       	rjmp	.+78     	; 0xab4 <__pack_f+0x162>
     a66:	60 38       	cpi	r22, 0x80	; 128
     a68:	71 05       	cpc	r23, r1
     a6a:	64 f5       	brge	.+88     	; 0xac4 <__pack_f+0x172>
     a6c:	fb 01       	movw	r30, r22
     a6e:	e1 58       	subi	r30, 0x81	; 129
     a70:	ff 4f       	sbci	r31, 0xFF	; 255
     a72:	d8 01       	movw	r26, r16
     a74:	c7 01       	movw	r24, r14
     a76:	8f 77       	andi	r24, 0x7F	; 127
     a78:	90 70       	andi	r25, 0x00	; 0
     a7a:	a0 70       	andi	r26, 0x00	; 0
     a7c:	b0 70       	andi	r27, 0x00	; 0
     a7e:	80 34       	cpi	r24, 0x40	; 64
     a80:	91 05       	cpc	r25, r1
     a82:	a1 05       	cpc	r26, r1
     a84:	b1 05       	cpc	r27, r1
     a86:	39 f4       	brne	.+14     	; 0xa96 <__pack_f+0x144>
     a88:	e7 fe       	sbrs	r14, 7
     a8a:	0d c0       	rjmp	.+26     	; 0xaa6 <__pack_f+0x154>
     a8c:	80 e4       	ldi	r24, 0x40	; 64
     a8e:	90 e0       	ldi	r25, 0x00	; 0
     a90:	a0 e0       	ldi	r26, 0x00	; 0
     a92:	b0 e0       	ldi	r27, 0x00	; 0
     a94:	04 c0       	rjmp	.+8      	; 0xa9e <__pack_f+0x14c>
     a96:	8f e3       	ldi	r24, 0x3F	; 63
     a98:	90 e0       	ldi	r25, 0x00	; 0
     a9a:	a0 e0       	ldi	r26, 0x00	; 0
     a9c:	b0 e0       	ldi	r27, 0x00	; 0
     a9e:	e8 0e       	add	r14, r24
     aa0:	f9 1e       	adc	r15, r25
     aa2:	0a 1f       	adc	r16, r26
     aa4:	1b 1f       	adc	r17, r27
     aa6:	17 ff       	sbrs	r17, 7
     aa8:	05 c0       	rjmp	.+10     	; 0xab4 <__pack_f+0x162>
     aaa:	16 95       	lsr	r17
     aac:	07 95       	ror	r16
     aae:	f7 94       	ror	r15
     ab0:	e7 94       	ror	r14
     ab2:	31 96       	adiw	r30, 0x01	; 1
     ab4:	87 e0       	ldi	r24, 0x07	; 7
     ab6:	16 95       	lsr	r17
     ab8:	07 95       	ror	r16
     aba:	f7 94       	ror	r15
     abc:	e7 94       	ror	r14
     abe:	8a 95       	dec	r24
     ac0:	d1 f7       	brne	.-12     	; 0xab6 <__pack_f+0x164>
     ac2:	05 c0       	rjmp	.+10     	; 0xace <__pack_f+0x17c>
     ac4:	ee 24       	eor	r14, r14
     ac6:	ff 24       	eor	r15, r15
     ac8:	87 01       	movw	r16, r14
     aca:	ef ef       	ldi	r30, 0xFF	; 255
     acc:	f0 e0       	ldi	r31, 0x00	; 0
     ace:	6e 2f       	mov	r22, r30
     ad0:	67 95       	ror	r22
     ad2:	66 27       	eor	r22, r22
     ad4:	67 95       	ror	r22
     ad6:	90 2f       	mov	r25, r16
     ad8:	9f 77       	andi	r25, 0x7F	; 127
     ada:	d7 94       	ror	r13
     adc:	dd 24       	eor	r13, r13
     ade:	d7 94       	ror	r13
     ae0:	8e 2f       	mov	r24, r30
     ae2:	86 95       	lsr	r24
     ae4:	49 2f       	mov	r20, r25
     ae6:	46 2b       	or	r20, r22
     ae8:	58 2f       	mov	r21, r24
     aea:	5d 29       	or	r21, r13
     aec:	b7 01       	movw	r22, r14
     aee:	ca 01       	movw	r24, r20
     af0:	1f 91       	pop	r17
     af2:	0f 91       	pop	r16
     af4:	ff 90       	pop	r15
     af6:	ef 90       	pop	r14
     af8:	df 90       	pop	r13
     afa:	08 95       	ret

00000afc <__unpack_f>:
     afc:	fc 01       	movw	r30, r24
     afe:	db 01       	movw	r26, r22
     b00:	40 81       	ld	r20, Z
     b02:	51 81       	ldd	r21, Z+1	; 0x01
     b04:	22 81       	ldd	r18, Z+2	; 0x02
     b06:	62 2f       	mov	r22, r18
     b08:	6f 77       	andi	r22, 0x7F	; 127
     b0a:	70 e0       	ldi	r23, 0x00	; 0
     b0c:	22 1f       	adc	r18, r18
     b0e:	22 27       	eor	r18, r18
     b10:	22 1f       	adc	r18, r18
     b12:	93 81       	ldd	r25, Z+3	; 0x03
     b14:	89 2f       	mov	r24, r25
     b16:	88 0f       	add	r24, r24
     b18:	82 2b       	or	r24, r18
     b1a:	28 2f       	mov	r18, r24
     b1c:	30 e0       	ldi	r19, 0x00	; 0
     b1e:	99 1f       	adc	r25, r25
     b20:	99 27       	eor	r25, r25
     b22:	99 1f       	adc	r25, r25
     b24:	11 96       	adiw	r26, 0x01	; 1
     b26:	9c 93       	st	X, r25
     b28:	11 97       	sbiw	r26, 0x01	; 1
     b2a:	21 15       	cp	r18, r1
     b2c:	31 05       	cpc	r19, r1
     b2e:	a9 f5       	brne	.+106    	; 0xb9a <__unpack_f+0x9e>
     b30:	41 15       	cp	r20, r1
     b32:	51 05       	cpc	r21, r1
     b34:	61 05       	cpc	r22, r1
     b36:	71 05       	cpc	r23, r1
     b38:	11 f4       	brne	.+4      	; 0xb3e <__unpack_f+0x42>
     b3a:	82 e0       	ldi	r24, 0x02	; 2
     b3c:	37 c0       	rjmp	.+110    	; 0xbac <__unpack_f+0xb0>
     b3e:	82 e8       	ldi	r24, 0x82	; 130
     b40:	9f ef       	ldi	r25, 0xFF	; 255
     b42:	13 96       	adiw	r26, 0x03	; 3
     b44:	9c 93       	st	X, r25
     b46:	8e 93       	st	-X, r24
     b48:	12 97       	sbiw	r26, 0x02	; 2
     b4a:	9a 01       	movw	r18, r20
     b4c:	ab 01       	movw	r20, r22
     b4e:	67 e0       	ldi	r22, 0x07	; 7
     b50:	22 0f       	add	r18, r18
     b52:	33 1f       	adc	r19, r19
     b54:	44 1f       	adc	r20, r20
     b56:	55 1f       	adc	r21, r21
     b58:	6a 95       	dec	r22
     b5a:	d1 f7       	brne	.-12     	; 0xb50 <__unpack_f+0x54>
     b5c:	83 e0       	ldi	r24, 0x03	; 3
     b5e:	8c 93       	st	X, r24
     b60:	0d c0       	rjmp	.+26     	; 0xb7c <__unpack_f+0x80>
     b62:	22 0f       	add	r18, r18
     b64:	33 1f       	adc	r19, r19
     b66:	44 1f       	adc	r20, r20
     b68:	55 1f       	adc	r21, r21
     b6a:	12 96       	adiw	r26, 0x02	; 2
     b6c:	8d 91       	ld	r24, X+
     b6e:	9c 91       	ld	r25, X
     b70:	13 97       	sbiw	r26, 0x03	; 3
     b72:	01 97       	sbiw	r24, 0x01	; 1
     b74:	13 96       	adiw	r26, 0x03	; 3
     b76:	9c 93       	st	X, r25
     b78:	8e 93       	st	-X, r24
     b7a:	12 97       	sbiw	r26, 0x02	; 2
     b7c:	20 30       	cpi	r18, 0x00	; 0
     b7e:	80 e0       	ldi	r24, 0x00	; 0
     b80:	38 07       	cpc	r19, r24
     b82:	80 e0       	ldi	r24, 0x00	; 0
     b84:	48 07       	cpc	r20, r24
     b86:	80 e4       	ldi	r24, 0x40	; 64
     b88:	58 07       	cpc	r21, r24
     b8a:	58 f3       	brcs	.-42     	; 0xb62 <__unpack_f+0x66>
     b8c:	14 96       	adiw	r26, 0x04	; 4
     b8e:	2d 93       	st	X+, r18
     b90:	3d 93       	st	X+, r19
     b92:	4d 93       	st	X+, r20
     b94:	5c 93       	st	X, r21
     b96:	17 97       	sbiw	r26, 0x07	; 7
     b98:	08 95       	ret
     b9a:	2f 3f       	cpi	r18, 0xFF	; 255
     b9c:	31 05       	cpc	r19, r1
     b9e:	79 f4       	brne	.+30     	; 0xbbe <__unpack_f+0xc2>
     ba0:	41 15       	cp	r20, r1
     ba2:	51 05       	cpc	r21, r1
     ba4:	61 05       	cpc	r22, r1
     ba6:	71 05       	cpc	r23, r1
     ba8:	19 f4       	brne	.+6      	; 0xbb0 <__unpack_f+0xb4>
     baa:	84 e0       	ldi	r24, 0x04	; 4
     bac:	8c 93       	st	X, r24
     bae:	08 95       	ret
     bb0:	64 ff       	sbrs	r22, 4
     bb2:	03 c0       	rjmp	.+6      	; 0xbba <__unpack_f+0xbe>
     bb4:	81 e0       	ldi	r24, 0x01	; 1
     bb6:	8c 93       	st	X, r24
     bb8:	12 c0       	rjmp	.+36     	; 0xbde <__unpack_f+0xe2>
     bba:	1c 92       	st	X, r1
     bbc:	10 c0       	rjmp	.+32     	; 0xbde <__unpack_f+0xe2>
     bbe:	2f 57       	subi	r18, 0x7F	; 127
     bc0:	30 40       	sbci	r19, 0x00	; 0
     bc2:	13 96       	adiw	r26, 0x03	; 3
     bc4:	3c 93       	st	X, r19
     bc6:	2e 93       	st	-X, r18
     bc8:	12 97       	sbiw	r26, 0x02	; 2
     bca:	83 e0       	ldi	r24, 0x03	; 3
     bcc:	8c 93       	st	X, r24
     bce:	87 e0       	ldi	r24, 0x07	; 7
     bd0:	44 0f       	add	r20, r20
     bd2:	55 1f       	adc	r21, r21
     bd4:	66 1f       	adc	r22, r22
     bd6:	77 1f       	adc	r23, r23
     bd8:	8a 95       	dec	r24
     bda:	d1 f7       	brne	.-12     	; 0xbd0 <__unpack_f+0xd4>
     bdc:	70 64       	ori	r23, 0x40	; 64
     bde:	14 96       	adiw	r26, 0x04	; 4
     be0:	4d 93       	st	X+, r20
     be2:	5d 93       	st	X+, r21
     be4:	6d 93       	st	X+, r22
     be6:	7c 93       	st	X, r23
     be8:	17 97       	sbiw	r26, 0x07	; 7
     bea:	08 95       	ret

00000bec <__fpcmp_parts_f>:
     bec:	1f 93       	push	r17
     bee:	dc 01       	movw	r26, r24
     bf0:	fb 01       	movw	r30, r22
     bf2:	9c 91       	ld	r25, X
     bf4:	92 30       	cpi	r25, 0x02	; 2
     bf6:	08 f4       	brcc	.+2      	; 0xbfa <__fpcmp_parts_f+0xe>
     bf8:	47 c0       	rjmp	.+142    	; 0xc88 <__fpcmp_parts_f+0x9c>
     bfa:	80 81       	ld	r24, Z
     bfc:	82 30       	cpi	r24, 0x02	; 2
     bfe:	08 f4       	brcc	.+2      	; 0xc02 <__fpcmp_parts_f+0x16>
     c00:	43 c0       	rjmp	.+134    	; 0xc88 <__fpcmp_parts_f+0x9c>
     c02:	94 30       	cpi	r25, 0x04	; 4
     c04:	51 f4       	brne	.+20     	; 0xc1a <__fpcmp_parts_f+0x2e>
     c06:	11 96       	adiw	r26, 0x01	; 1
     c08:	1c 91       	ld	r17, X
     c0a:	84 30       	cpi	r24, 0x04	; 4
     c0c:	99 f5       	brne	.+102    	; 0xc74 <__fpcmp_parts_f+0x88>
     c0e:	81 81       	ldd	r24, Z+1	; 0x01
     c10:	68 2f       	mov	r22, r24
     c12:	70 e0       	ldi	r23, 0x00	; 0
     c14:	61 1b       	sub	r22, r17
     c16:	71 09       	sbc	r23, r1
     c18:	3f c0       	rjmp	.+126    	; 0xc98 <__fpcmp_parts_f+0xac>
     c1a:	84 30       	cpi	r24, 0x04	; 4
     c1c:	21 f0       	breq	.+8      	; 0xc26 <__fpcmp_parts_f+0x3a>
     c1e:	92 30       	cpi	r25, 0x02	; 2
     c20:	31 f4       	brne	.+12     	; 0xc2e <__fpcmp_parts_f+0x42>
     c22:	82 30       	cpi	r24, 0x02	; 2
     c24:	b9 f1       	breq	.+110    	; 0xc94 <__fpcmp_parts_f+0xa8>
     c26:	81 81       	ldd	r24, Z+1	; 0x01
     c28:	88 23       	and	r24, r24
     c2a:	89 f1       	breq	.+98     	; 0xc8e <__fpcmp_parts_f+0xa2>
     c2c:	2d c0       	rjmp	.+90     	; 0xc88 <__fpcmp_parts_f+0x9c>
     c2e:	11 96       	adiw	r26, 0x01	; 1
     c30:	1c 91       	ld	r17, X
     c32:	11 97       	sbiw	r26, 0x01	; 1
     c34:	82 30       	cpi	r24, 0x02	; 2
     c36:	f1 f0       	breq	.+60     	; 0xc74 <__fpcmp_parts_f+0x88>
     c38:	81 81       	ldd	r24, Z+1	; 0x01
     c3a:	18 17       	cp	r17, r24
     c3c:	d9 f4       	brne	.+54     	; 0xc74 <__fpcmp_parts_f+0x88>
     c3e:	12 96       	adiw	r26, 0x02	; 2
     c40:	2d 91       	ld	r18, X+
     c42:	3c 91       	ld	r19, X
     c44:	13 97       	sbiw	r26, 0x03	; 3
     c46:	82 81       	ldd	r24, Z+2	; 0x02
     c48:	93 81       	ldd	r25, Z+3	; 0x03
     c4a:	82 17       	cp	r24, r18
     c4c:	93 07       	cpc	r25, r19
     c4e:	94 f0       	brlt	.+36     	; 0xc74 <__fpcmp_parts_f+0x88>
     c50:	28 17       	cp	r18, r24
     c52:	39 07       	cpc	r19, r25
     c54:	bc f0       	brlt	.+46     	; 0xc84 <__fpcmp_parts_f+0x98>
     c56:	14 96       	adiw	r26, 0x04	; 4
     c58:	8d 91       	ld	r24, X+
     c5a:	9d 91       	ld	r25, X+
     c5c:	0d 90       	ld	r0, X+
     c5e:	bc 91       	ld	r27, X
     c60:	a0 2d       	mov	r26, r0
     c62:	24 81       	ldd	r18, Z+4	; 0x04
     c64:	35 81       	ldd	r19, Z+5	; 0x05
     c66:	46 81       	ldd	r20, Z+6	; 0x06
     c68:	57 81       	ldd	r21, Z+7	; 0x07
     c6a:	28 17       	cp	r18, r24
     c6c:	39 07       	cpc	r19, r25
     c6e:	4a 07       	cpc	r20, r26
     c70:	5b 07       	cpc	r21, r27
     c72:	18 f4       	brcc	.+6      	; 0xc7a <__fpcmp_parts_f+0x8e>
     c74:	11 23       	and	r17, r17
     c76:	41 f0       	breq	.+16     	; 0xc88 <__fpcmp_parts_f+0x9c>
     c78:	0a c0       	rjmp	.+20     	; 0xc8e <__fpcmp_parts_f+0xa2>
     c7a:	82 17       	cp	r24, r18
     c7c:	93 07       	cpc	r25, r19
     c7e:	a4 07       	cpc	r26, r20
     c80:	b5 07       	cpc	r27, r21
     c82:	40 f4       	brcc	.+16     	; 0xc94 <__fpcmp_parts_f+0xa8>
     c84:	11 23       	and	r17, r17
     c86:	19 f0       	breq	.+6      	; 0xc8e <__fpcmp_parts_f+0xa2>
     c88:	61 e0       	ldi	r22, 0x01	; 1
     c8a:	70 e0       	ldi	r23, 0x00	; 0
     c8c:	05 c0       	rjmp	.+10     	; 0xc98 <__fpcmp_parts_f+0xac>
     c8e:	6f ef       	ldi	r22, 0xFF	; 255
     c90:	7f ef       	ldi	r23, 0xFF	; 255
     c92:	02 c0       	rjmp	.+4      	; 0xc98 <__fpcmp_parts_f+0xac>
     c94:	60 e0       	ldi	r22, 0x00	; 0
     c96:	70 e0       	ldi	r23, 0x00	; 0
     c98:	cb 01       	movw	r24, r22
     c9a:	1f 91       	pop	r17
     c9c:	08 95       	ret

00000c9e <DIO_SelectDirectionForPin>:
#include "../../Common/BitMath.h"
#include "DIO_Interface.h"
#include "DIO_Private.h"

void DIO_SelectDirectionForPin(uint8_t GroupName, uint8_t PinNo, uint8_t Direction)
{
     c9e:	df 93       	push	r29
     ca0:	cf 93       	push	r28
     ca2:	cd b7       	in	r28, 0x3d	; 61
     ca4:	de b7       	in	r29, 0x3e	; 62
     ca6:	27 97       	sbiw	r28, 0x07	; 7
     ca8:	0f b6       	in	r0, 0x3f	; 63
     caa:	f8 94       	cli
     cac:	de bf       	out	0x3e, r29	; 62
     cae:	0f be       	out	0x3f, r0	; 63
     cb0:	cd bf       	out	0x3d, r28	; 61
     cb2:	8b 83       	std	Y+3, r24	; 0x03
     cb4:	6c 83       	std	Y+4, r22	; 0x04
     cb6:	4d 83       	std	Y+5, r20	; 0x05
	volatile uint8_t *ptr = 0;
     cb8:	1a 82       	std	Y+2, r1	; 0x02
     cba:	19 82       	std	Y+1, r1	; 0x01

	//if(GroupName<=DIO_GroupD && GroupName>=DIO_GroupA){ because i will check at group  name at switch case
		//if(PinNo>=DIO_pin0 && PinNo<=DIO_pin7){ because its unsigned positive only
		if(PinNo<=DIO_pin7)
     cbc:	8c 81       	ldd	r24, Y+4	; 0x04
     cbe:	88 30       	cpi	r24, 0x08	; 8
     cc0:	08 f0       	brcs	.+2      	; 0xcc4 <DIO_SelectDirectionForPin+0x26>
     cc2:	61 c0       	rjmp	.+194    	; 0xd86 <DIO_SelectDirectionForPin+0xe8>
		{
			switch(GroupName)
     cc4:	8b 81       	ldd	r24, Y+3	; 0x03
     cc6:	28 2f       	mov	r18, r24
     cc8:	30 e0       	ldi	r19, 0x00	; 0
     cca:	3f 83       	std	Y+7, r19	; 0x07
     ccc:	2e 83       	std	Y+6, r18	; 0x06
     cce:	8e 81       	ldd	r24, Y+6	; 0x06
     cd0:	9f 81       	ldd	r25, Y+7	; 0x07
     cd2:	82 30       	cpi	r24, 0x02	; 2
     cd4:	91 05       	cpc	r25, r1
     cd6:	d9 f0       	breq	.+54     	; 0xd0e <DIO_SelectDirectionForPin+0x70>
     cd8:	2e 81       	ldd	r18, Y+6	; 0x06
     cda:	3f 81       	ldd	r19, Y+7	; 0x07
     cdc:	23 30       	cpi	r18, 0x03	; 3
     cde:	31 05       	cpc	r19, r1
     ce0:	34 f4       	brge	.+12     	; 0xcee <DIO_SelectDirectionForPin+0x50>
     ce2:	8e 81       	ldd	r24, Y+6	; 0x06
     ce4:	9f 81       	ldd	r25, Y+7	; 0x07
     ce6:	81 30       	cpi	r24, 0x01	; 1
     ce8:	91 05       	cpc	r25, r1
     cea:	61 f0       	breq	.+24     	; 0xd04 <DIO_SelectDirectionForPin+0x66>
     cec:	4c c0       	rjmp	.+152    	; 0xd86 <DIO_SelectDirectionForPin+0xe8>
     cee:	2e 81       	ldd	r18, Y+6	; 0x06
     cf0:	3f 81       	ldd	r19, Y+7	; 0x07
     cf2:	23 30       	cpi	r18, 0x03	; 3
     cf4:	31 05       	cpc	r19, r1
     cf6:	81 f0       	breq	.+32     	; 0xd18 <DIO_SelectDirectionForPin+0x7a>
     cf8:	8e 81       	ldd	r24, Y+6	; 0x06
     cfa:	9f 81       	ldd	r25, Y+7	; 0x07
     cfc:	84 30       	cpi	r24, 0x04	; 4
     cfe:	91 05       	cpc	r25, r1
     d00:	81 f0       	breq	.+32     	; 0xd22 <DIO_SelectDirectionForPin+0x84>
     d02:	41 c0       	rjmp	.+130    	; 0xd86 <DIO_SelectDirectionForPin+0xe8>
			{
				case DIO_GroupA: ptr=&DDRA_Reg; break;      //clear(DDRA_Reg, PinNo); break;//here
     d04:	8a e3       	ldi	r24, 0x3A	; 58
     d06:	90 e0       	ldi	r25, 0x00	; 0
     d08:	9a 83       	std	Y+2, r25	; 0x02
     d0a:	89 83       	std	Y+1, r24	; 0x01
     d0c:	0e c0       	rjmp	.+28     	; 0xd2a <DIO_SelectDirectionForPin+0x8c>
				case DIO_GroupB: ptr=&DDRB_Reg; break;      // clear(DDRB_Reg, PinNo); break;
     d0e:	87 e3       	ldi	r24, 0x37	; 55
     d10:	90 e0       	ldi	r25, 0x00	; 0
     d12:	9a 83       	std	Y+2, r25	; 0x02
     d14:	89 83       	std	Y+1, r24	; 0x01
     d16:	09 c0       	rjmp	.+18     	; 0xd2a <DIO_SelectDirectionForPin+0x8c>
				case DIO_GroupC: ptr=&DDRC_Reg; break;      //clear(DDRC_Reg, PinNo); break;
     d18:	84 e3       	ldi	r24, 0x34	; 52
     d1a:	90 e0       	ldi	r25, 0x00	; 0
     d1c:	9a 83       	std	Y+2, r25	; 0x02
     d1e:	89 83       	std	Y+1, r24	; 0x01
     d20:	04 c0       	rjmp	.+8      	; 0xd2a <DIO_SelectDirectionForPin+0x8c>
				case DIO_GroupD: ptr=&DDRD_Reg; break;      //clear(DDRD_Reg, PinNo); break;
     d22:	81 e3       	ldi	r24, 0x31	; 49
     d24:	90 e0       	ldi	r25, 0x00	; 0
     d26:	9a 83       	std	Y+2, r25	; 0x02
     d28:	89 83       	std	Y+1, r24	; 0x01
				default: return;/*error code*/
			}

			if(Direction==DIO_Input)
     d2a:	8d 81       	ldd	r24, Y+5	; 0x05
     d2c:	88 23       	and	r24, r24
     d2e:	a9 f4       	brne	.+42     	; 0xd5a <DIO_SelectDirectionForPin+0xbc>
			{
				clear(*ptr, PinNo);
     d30:	e9 81       	ldd	r30, Y+1	; 0x01
     d32:	fa 81       	ldd	r31, Y+2	; 0x02
     d34:	80 81       	ld	r24, Z
     d36:	48 2f       	mov	r20, r24
     d38:	8c 81       	ldd	r24, Y+4	; 0x04
     d3a:	28 2f       	mov	r18, r24
     d3c:	30 e0       	ldi	r19, 0x00	; 0
     d3e:	81 e0       	ldi	r24, 0x01	; 1
     d40:	90 e0       	ldi	r25, 0x00	; 0
     d42:	02 2e       	mov	r0, r18
     d44:	02 c0       	rjmp	.+4      	; 0xd4a <DIO_SelectDirectionForPin+0xac>
     d46:	88 0f       	add	r24, r24
     d48:	99 1f       	adc	r25, r25
     d4a:	0a 94       	dec	r0
     d4c:	e2 f7       	brpl	.-8      	; 0xd46 <DIO_SelectDirectionForPin+0xa8>
     d4e:	80 95       	com	r24
     d50:	84 23       	and	r24, r20
     d52:	e9 81       	ldd	r30, Y+1	; 0x01
     d54:	fa 81       	ldd	r31, Y+2	; 0x02
     d56:	80 83       	st	Z, r24
     d58:	16 c0       	rjmp	.+44     	; 0xd86 <DIO_SelectDirectionForPin+0xe8>
			}
			else if(Direction==DIO_Output)
     d5a:	8d 81       	ldd	r24, Y+5	; 0x05
     d5c:	81 30       	cpi	r24, 0x01	; 1
     d5e:	99 f4       	brne	.+38     	; 0xd86 <DIO_SelectDirectionForPin+0xe8>
				  case DIO_GroupB: set(DDRB_Reg, PinNo); break;
				  case DIO_GroupC: set(DDRC_Reg, PinNo); break;
				  case DIO_GroupD: set(DDRD_Reg, PinNo); break;

								}*/
				set(*ptr, PinNo);
     d60:	e9 81       	ldd	r30, Y+1	; 0x01
     d62:	fa 81       	ldd	r31, Y+2	; 0x02
     d64:	80 81       	ld	r24, Z
     d66:	48 2f       	mov	r20, r24
     d68:	8c 81       	ldd	r24, Y+4	; 0x04
     d6a:	28 2f       	mov	r18, r24
     d6c:	30 e0       	ldi	r19, 0x00	; 0
     d6e:	81 e0       	ldi	r24, 0x01	; 1
     d70:	90 e0       	ldi	r25, 0x00	; 0
     d72:	02 2e       	mov	r0, r18
     d74:	02 c0       	rjmp	.+4      	; 0xd7a <DIO_SelectDirectionForPin+0xdc>
     d76:	88 0f       	add	r24, r24
     d78:	99 1f       	adc	r25, r25
     d7a:	0a 94       	dec	r0
     d7c:	e2 f7       	brpl	.-8      	; 0xd76 <DIO_SelectDirectionForPin+0xd8>
     d7e:	84 2b       	or	r24, r20
     d80:	e9 81       	ldd	r30, Y+1	; 0x01
     d82:	fa 81       	ldd	r31, Y+2	; 0x02
     d84:	80 83       	st	Z, r24
			else
			{
				return;//error code
			}
		}
	}
     d86:	27 96       	adiw	r28, 0x07	; 7
     d88:	0f b6       	in	r0, 0x3f	; 63
     d8a:	f8 94       	cli
     d8c:	de bf       	out	0x3e, r29	; 62
     d8e:	0f be       	out	0x3f, r0	; 63
     d90:	cd bf       	out	0x3d, r28	; 61
     d92:	cf 91       	pop	r28
     d94:	df 91       	pop	r29
     d96:	08 95       	ret

00000d98 <DIO_SelectDirectionForAll>:
//}


void DIO_SelectDirectionForAll(uint8_t GroupName , uint8_t Direction){
     d98:	df 93       	push	r29
     d9a:	cf 93       	push	r28
     d9c:	00 d0       	rcall	.+0      	; 0xd9e <DIO_SelectDirectionForAll+0x6>
     d9e:	00 d0       	rcall	.+0      	; 0xda0 <DIO_SelectDirectionForAll+0x8>
     da0:	cd b7       	in	r28, 0x3d	; 61
     da2:	de b7       	in	r29, 0x3e	; 62
     da4:	89 83       	std	Y+1, r24	; 0x01
     da6:	6a 83       	std	Y+2, r22	; 0x02

	switch(GroupName)
     da8:	89 81       	ldd	r24, Y+1	; 0x01
     daa:	28 2f       	mov	r18, r24
     dac:	30 e0       	ldi	r19, 0x00	; 0
     dae:	3c 83       	std	Y+4, r19	; 0x04
     db0:	2b 83       	std	Y+3, r18	; 0x03
     db2:	8b 81       	ldd	r24, Y+3	; 0x03
     db4:	9c 81       	ldd	r25, Y+4	; 0x04
     db6:	82 30       	cpi	r24, 0x02	; 2
     db8:	91 05       	cpc	r25, r1
     dba:	d9 f0       	breq	.+54     	; 0xdf2 <DIO_SelectDirectionForAll+0x5a>
     dbc:	2b 81       	ldd	r18, Y+3	; 0x03
     dbe:	3c 81       	ldd	r19, Y+4	; 0x04
     dc0:	23 30       	cpi	r18, 0x03	; 3
     dc2:	31 05       	cpc	r19, r1
     dc4:	34 f4       	brge	.+12     	; 0xdd2 <DIO_SelectDirectionForAll+0x3a>
     dc6:	8b 81       	ldd	r24, Y+3	; 0x03
     dc8:	9c 81       	ldd	r25, Y+4	; 0x04
     dca:	81 30       	cpi	r24, 0x01	; 1
     dcc:	91 05       	cpc	r25, r1
     dce:	61 f0       	breq	.+24     	; 0xde8 <DIO_SelectDirectionForAll+0x50>
     dd0:	1e c0       	rjmp	.+60     	; 0xe0e <DIO_SelectDirectionForAll+0x76>
     dd2:	2b 81       	ldd	r18, Y+3	; 0x03
     dd4:	3c 81       	ldd	r19, Y+4	; 0x04
     dd6:	23 30       	cpi	r18, 0x03	; 3
     dd8:	31 05       	cpc	r19, r1
     dda:	81 f0       	breq	.+32     	; 0xdfc <DIO_SelectDirectionForAll+0x64>
     ddc:	8b 81       	ldd	r24, Y+3	; 0x03
     dde:	9c 81       	ldd	r25, Y+4	; 0x04
     de0:	84 30       	cpi	r24, 0x04	; 4
     de2:	91 05       	cpc	r25, r1
     de4:	81 f0       	breq	.+32     	; 0xe06 <DIO_SelectDirectionForAll+0x6e>
     de6:	13 c0       	rjmp	.+38     	; 0xe0e <DIO_SelectDirectionForAll+0x76>
				{
					case DIO_GroupA: DDRA_Reg=Direction; break;      //clear(DDRA_Reg, PinNo); break;//here
     de8:	ea e3       	ldi	r30, 0x3A	; 58
     dea:	f0 e0       	ldi	r31, 0x00	; 0
     dec:	8a 81       	ldd	r24, Y+2	; 0x02
     dee:	80 83       	st	Z, r24
     df0:	0e c0       	rjmp	.+28     	; 0xe0e <DIO_SelectDirectionForAll+0x76>
					case DIO_GroupB: DDRB_Reg=Direction; break;      // clear(DDRB_Reg, PinNo); break;
     df2:	e7 e3       	ldi	r30, 0x37	; 55
     df4:	f0 e0       	ldi	r31, 0x00	; 0
     df6:	8a 81       	ldd	r24, Y+2	; 0x02
     df8:	80 83       	st	Z, r24
     dfa:	09 c0       	rjmp	.+18     	; 0xe0e <DIO_SelectDirectionForAll+0x76>
					case DIO_GroupC: DDRC_Reg=Direction; break;      //clear(DDRC_Reg, PinNo); break;
     dfc:	e4 e3       	ldi	r30, 0x34	; 52
     dfe:	f0 e0       	ldi	r31, 0x00	; 0
     e00:	8a 81       	ldd	r24, Y+2	; 0x02
     e02:	80 83       	st	Z, r24
     e04:	04 c0       	rjmp	.+8      	; 0xe0e <DIO_SelectDirectionForAll+0x76>
					case DIO_GroupD: DDRD_Reg=Direction; break;      //clear(DDRD_Reg, PinNo); break;
     e06:	e1 e3       	ldi	r30, 0x31	; 49
     e08:	f0 e0       	ldi	r31, 0x00	; 0
     e0a:	8a 81       	ldd	r24, Y+2	; 0x02
     e0c:	80 83       	st	Z, r24
					default: return;/*error code*/
				}

}
     e0e:	0f 90       	pop	r0
     e10:	0f 90       	pop	r0
     e12:	0f 90       	pop	r0
     e14:	0f 90       	pop	r0
     e16:	cf 91       	pop	r28
     e18:	df 91       	pop	r29
     e1a:	08 95       	ret

00000e1c <DIO_WriteValueForPin>:

void DIO_WriteValueForPin(uint8_t GroupName,uint8_t PinNo , uint8_t OutputValue){
     e1c:	df 93       	push	r29
     e1e:	cf 93       	push	r28
     e20:	cd b7       	in	r28, 0x3d	; 61
     e22:	de b7       	in	r29, 0x3e	; 62
     e24:	27 97       	sbiw	r28, 0x07	; 7
     e26:	0f b6       	in	r0, 0x3f	; 63
     e28:	f8 94       	cli
     e2a:	de bf       	out	0x3e, r29	; 62
     e2c:	0f be       	out	0x3f, r0	; 63
     e2e:	cd bf       	out	0x3d, r28	; 61
     e30:	8b 83       	std	Y+3, r24	; 0x03
     e32:	6c 83       	std	Y+4, r22	; 0x04
     e34:	4d 83       	std	Y+5, r20	; 0x05

	volatile uint8_t *ptr= 0;
     e36:	1a 82       	std	Y+2, r1	; 0x02
     e38:	19 82       	std	Y+1, r1	; 0x01
	if(PinNo<=DIO_pin7)
     e3a:	8c 81       	ldd	r24, Y+4	; 0x04
     e3c:	88 30       	cpi	r24, 0x08	; 8
     e3e:	08 f0       	brcs	.+2      	; 0xe42 <DIO_WriteValueForPin+0x26>
     e40:	61 c0       	rjmp	.+194    	; 0xf04 <DIO_WriteValueForPin+0xe8>
	{
		switch(GroupName)
     e42:	8b 81       	ldd	r24, Y+3	; 0x03
     e44:	28 2f       	mov	r18, r24
     e46:	30 e0       	ldi	r19, 0x00	; 0
     e48:	3f 83       	std	Y+7, r19	; 0x07
     e4a:	2e 83       	std	Y+6, r18	; 0x06
     e4c:	8e 81       	ldd	r24, Y+6	; 0x06
     e4e:	9f 81       	ldd	r25, Y+7	; 0x07
     e50:	82 30       	cpi	r24, 0x02	; 2
     e52:	91 05       	cpc	r25, r1
     e54:	d9 f0       	breq	.+54     	; 0xe8c <DIO_WriteValueForPin+0x70>
     e56:	2e 81       	ldd	r18, Y+6	; 0x06
     e58:	3f 81       	ldd	r19, Y+7	; 0x07
     e5a:	23 30       	cpi	r18, 0x03	; 3
     e5c:	31 05       	cpc	r19, r1
     e5e:	34 f4       	brge	.+12     	; 0xe6c <DIO_WriteValueForPin+0x50>
     e60:	8e 81       	ldd	r24, Y+6	; 0x06
     e62:	9f 81       	ldd	r25, Y+7	; 0x07
     e64:	81 30       	cpi	r24, 0x01	; 1
     e66:	91 05       	cpc	r25, r1
     e68:	61 f0       	breq	.+24     	; 0xe82 <DIO_WriteValueForPin+0x66>
     e6a:	4c c0       	rjmp	.+152    	; 0xf04 <DIO_WriteValueForPin+0xe8>
     e6c:	2e 81       	ldd	r18, Y+6	; 0x06
     e6e:	3f 81       	ldd	r19, Y+7	; 0x07
     e70:	23 30       	cpi	r18, 0x03	; 3
     e72:	31 05       	cpc	r19, r1
     e74:	81 f0       	breq	.+32     	; 0xe96 <DIO_WriteValueForPin+0x7a>
     e76:	8e 81       	ldd	r24, Y+6	; 0x06
     e78:	9f 81       	ldd	r25, Y+7	; 0x07
     e7a:	84 30       	cpi	r24, 0x04	; 4
     e7c:	91 05       	cpc	r25, r1
     e7e:	81 f0       	breq	.+32     	; 0xea0 <DIO_WriteValueForPin+0x84>
     e80:	41 c0       	rjmp	.+130    	; 0xf04 <DIO_WriteValueForPin+0xe8>
					{
						case DIO_GroupA: ptr=&PORTA_Reg; break;      //clear(DDRA_Reg, PinNo); break;//here
     e82:	8b e3       	ldi	r24, 0x3B	; 59
     e84:	90 e0       	ldi	r25, 0x00	; 0
     e86:	9a 83       	std	Y+2, r25	; 0x02
     e88:	89 83       	std	Y+1, r24	; 0x01
     e8a:	0e c0       	rjmp	.+28     	; 0xea8 <DIO_WriteValueForPin+0x8c>
						case DIO_GroupB: ptr=&PORTB_Reg;break;      // clear(DDRB_Reg, PinNo); break;
     e8c:	88 e3       	ldi	r24, 0x38	; 56
     e8e:	90 e0       	ldi	r25, 0x00	; 0
     e90:	9a 83       	std	Y+2, r25	; 0x02
     e92:	89 83       	std	Y+1, r24	; 0x01
     e94:	09 c0       	rjmp	.+18     	; 0xea8 <DIO_WriteValueForPin+0x8c>
						case DIO_GroupC: ptr=&PORTC_Reg; break;      //clear(DDRC_Reg, PinNo); break;
     e96:	85 e3       	ldi	r24, 0x35	; 53
     e98:	90 e0       	ldi	r25, 0x00	; 0
     e9a:	9a 83       	std	Y+2, r25	; 0x02
     e9c:	89 83       	std	Y+1, r24	; 0x01
     e9e:	04 c0       	rjmp	.+8      	; 0xea8 <DIO_WriteValueForPin+0x8c>
						case DIO_GroupD: ptr=&PORTD_Reg; break;      //clear(DDRD_Reg, PinNo); break;
     ea0:	82 e3       	ldi	r24, 0x32	; 50
     ea2:	90 e0       	ldi	r25, 0x00	; 0
     ea4:	9a 83       	std	Y+2, r25	; 0x02
     ea6:	89 83       	std	Y+1, r24	; 0x01
						default: return;/*error code*/
					}
		if(OutputValue==DIO_High){
     ea8:	8d 81       	ldd	r24, Y+5	; 0x05
     eaa:	81 30       	cpi	r24, 0x01	; 1
     eac:	a1 f4       	brne	.+40     	; 0xed6 <DIO_WriteValueForPin+0xba>
			set(*ptr,PinNo);
     eae:	e9 81       	ldd	r30, Y+1	; 0x01
     eb0:	fa 81       	ldd	r31, Y+2	; 0x02
     eb2:	80 81       	ld	r24, Z
     eb4:	48 2f       	mov	r20, r24
     eb6:	8c 81       	ldd	r24, Y+4	; 0x04
     eb8:	28 2f       	mov	r18, r24
     eba:	30 e0       	ldi	r19, 0x00	; 0
     ebc:	81 e0       	ldi	r24, 0x01	; 1
     ebe:	90 e0       	ldi	r25, 0x00	; 0
     ec0:	02 2e       	mov	r0, r18
     ec2:	02 c0       	rjmp	.+4      	; 0xec8 <DIO_WriteValueForPin+0xac>
     ec4:	88 0f       	add	r24, r24
     ec6:	99 1f       	adc	r25, r25
     ec8:	0a 94       	dec	r0
     eca:	e2 f7       	brpl	.-8      	; 0xec4 <DIO_WriteValueForPin+0xa8>
     ecc:	84 2b       	or	r24, r20
     ece:	e9 81       	ldd	r30, Y+1	; 0x01
     ed0:	fa 81       	ldd	r31, Y+2	; 0x02
     ed2:	80 83       	st	Z, r24
     ed4:	17 c0       	rjmp	.+46     	; 0xf04 <DIO_WriteValueForPin+0xe8>
		}
		else if(OutputValue==DIO_Low){
     ed6:	8d 81       	ldd	r24, Y+5	; 0x05
     ed8:	88 23       	and	r24, r24
     eda:	a1 f4       	brne	.+40     	; 0xf04 <DIO_WriteValueForPin+0xe8>
					clear(*ptr, PinNo);
     edc:	e9 81       	ldd	r30, Y+1	; 0x01
     ede:	fa 81       	ldd	r31, Y+2	; 0x02
     ee0:	80 81       	ld	r24, Z
     ee2:	48 2f       	mov	r20, r24
     ee4:	8c 81       	ldd	r24, Y+4	; 0x04
     ee6:	28 2f       	mov	r18, r24
     ee8:	30 e0       	ldi	r19, 0x00	; 0
     eea:	81 e0       	ldi	r24, 0x01	; 1
     eec:	90 e0       	ldi	r25, 0x00	; 0
     eee:	02 2e       	mov	r0, r18
     ef0:	02 c0       	rjmp	.+4      	; 0xef6 <DIO_WriteValueForPin+0xda>
     ef2:	88 0f       	add	r24, r24
     ef4:	99 1f       	adc	r25, r25
     ef6:	0a 94       	dec	r0
     ef8:	e2 f7       	brpl	.-8      	; 0xef2 <DIO_WriteValueForPin+0xd6>
     efa:	80 95       	com	r24
     efc:	84 23       	and	r24, r20
     efe:	e9 81       	ldd	r30, Y+1	; 0x01
     f00:	fa 81       	ldd	r31, Y+2	; 0x02
     f02:	80 83       	st	Z, r24





}
     f04:	27 96       	adiw	r28, 0x07	; 7
     f06:	0f b6       	in	r0, 0x3f	; 63
     f08:	f8 94       	cli
     f0a:	de bf       	out	0x3e, r29	; 62
     f0c:	0f be       	out	0x3f, r0	; 63
     f0e:	cd bf       	out	0x3d, r28	; 61
     f10:	cf 91       	pop	r28
     f12:	df 91       	pop	r29
     f14:	08 95       	ret

00000f16 <DIO_WriteValueForAll>:

void DIO_WriteValueForAll(uint8_t GroupName, uint8_t OutputValue){
     f16:	df 93       	push	r29
     f18:	cf 93       	push	r28
     f1a:	00 d0       	rcall	.+0      	; 0xf1c <DIO_WriteValueForAll+0x6>
     f1c:	00 d0       	rcall	.+0      	; 0xf1e <DIO_WriteValueForAll+0x8>
     f1e:	cd b7       	in	r28, 0x3d	; 61
     f20:	de b7       	in	r29, 0x3e	; 62
     f22:	89 83       	std	Y+1, r24	; 0x01
     f24:	6a 83       	std	Y+2, r22	; 0x02
	switch(GroupName)
     f26:	89 81       	ldd	r24, Y+1	; 0x01
     f28:	28 2f       	mov	r18, r24
     f2a:	30 e0       	ldi	r19, 0x00	; 0
     f2c:	3c 83       	std	Y+4, r19	; 0x04
     f2e:	2b 83       	std	Y+3, r18	; 0x03
     f30:	8b 81       	ldd	r24, Y+3	; 0x03
     f32:	9c 81       	ldd	r25, Y+4	; 0x04
     f34:	82 30       	cpi	r24, 0x02	; 2
     f36:	91 05       	cpc	r25, r1
     f38:	d9 f0       	breq	.+54     	; 0xf70 <DIO_WriteValueForAll+0x5a>
     f3a:	2b 81       	ldd	r18, Y+3	; 0x03
     f3c:	3c 81       	ldd	r19, Y+4	; 0x04
     f3e:	23 30       	cpi	r18, 0x03	; 3
     f40:	31 05       	cpc	r19, r1
     f42:	34 f4       	brge	.+12     	; 0xf50 <DIO_WriteValueForAll+0x3a>
     f44:	8b 81       	ldd	r24, Y+3	; 0x03
     f46:	9c 81       	ldd	r25, Y+4	; 0x04
     f48:	81 30       	cpi	r24, 0x01	; 1
     f4a:	91 05       	cpc	r25, r1
     f4c:	61 f0       	breq	.+24     	; 0xf66 <DIO_WriteValueForAll+0x50>
     f4e:	1e c0       	rjmp	.+60     	; 0xf8c <DIO_WriteValueForAll+0x76>
     f50:	2b 81       	ldd	r18, Y+3	; 0x03
     f52:	3c 81       	ldd	r19, Y+4	; 0x04
     f54:	23 30       	cpi	r18, 0x03	; 3
     f56:	31 05       	cpc	r19, r1
     f58:	81 f0       	breq	.+32     	; 0xf7a <DIO_WriteValueForAll+0x64>
     f5a:	8b 81       	ldd	r24, Y+3	; 0x03
     f5c:	9c 81       	ldd	r25, Y+4	; 0x04
     f5e:	84 30       	cpi	r24, 0x04	; 4
     f60:	91 05       	cpc	r25, r1
     f62:	81 f0       	breq	.+32     	; 0xf84 <DIO_WriteValueForAll+0x6e>
     f64:	13 c0       	rjmp	.+38     	; 0xf8c <DIO_WriteValueForAll+0x76>
					{
						case DIO_GroupA: PORTA_Reg=OutputValue; break;
     f66:	eb e3       	ldi	r30, 0x3B	; 59
     f68:	f0 e0       	ldi	r31, 0x00	; 0
     f6a:	8a 81       	ldd	r24, Y+2	; 0x02
     f6c:	80 83       	st	Z, r24
     f6e:	0e c0       	rjmp	.+28     	; 0xf8c <DIO_WriteValueForAll+0x76>
						case DIO_GroupB: PORTB_Reg=OutputValue; break;
     f70:	e8 e3       	ldi	r30, 0x38	; 56
     f72:	f0 e0       	ldi	r31, 0x00	; 0
     f74:	8a 81       	ldd	r24, Y+2	; 0x02
     f76:	80 83       	st	Z, r24
     f78:	09 c0       	rjmp	.+18     	; 0xf8c <DIO_WriteValueForAll+0x76>
						case DIO_GroupC: PORTC_Reg=OutputValue; break;
     f7a:	e5 e3       	ldi	r30, 0x35	; 53
     f7c:	f0 e0       	ldi	r31, 0x00	; 0
     f7e:	8a 81       	ldd	r24, Y+2	; 0x02
     f80:	80 83       	st	Z, r24
     f82:	04 c0       	rjmp	.+8      	; 0xf8c <DIO_WriteValueForAll+0x76>
						case DIO_GroupD: PORTD_Reg=OutputValue; break;
     f84:	e2 e3       	ldi	r30, 0x32	; 50
     f86:	f0 e0       	ldi	r31, 0x00	; 0
     f88:	8a 81       	ldd	r24, Y+2	; 0x02
     f8a:	80 83       	st	Z, r24
						default: return;/*error code*/
					}

}
     f8c:	0f 90       	pop	r0
     f8e:	0f 90       	pop	r0
     f90:	0f 90       	pop	r0
     f92:	0f 90       	pop	r0
     f94:	cf 91       	pop	r28
     f96:	df 91       	pop	r29
     f98:	08 95       	ret

00000f9a <DIO_ReadValueForPin>:

void DIO_ReadValueForPin(uint8_t GroupName,uint8_t PinNo,uint8_t *Inputvalue ){
     f9a:	df 93       	push	r29
     f9c:	cf 93       	push	r28
     f9e:	cd b7       	in	r28, 0x3d	; 61
     fa0:	de b7       	in	r29, 0x3e	; 62
     fa2:	28 97       	sbiw	r28, 0x08	; 8
     fa4:	0f b6       	in	r0, 0x3f	; 63
     fa6:	f8 94       	cli
     fa8:	de bf       	out	0x3e, r29	; 62
     faa:	0f be       	out	0x3f, r0	; 63
     fac:	cd bf       	out	0x3d, r28	; 61
     fae:	8b 83       	std	Y+3, r24	; 0x03
     fb0:	6c 83       	std	Y+4, r22	; 0x04
     fb2:	5e 83       	std	Y+6, r21	; 0x06
     fb4:	4d 83       	std	Y+5, r20	; 0x05
	if(PinNo<=DIO_pin7){
     fb6:	8c 81       	ldd	r24, Y+4	; 0x04
     fb8:	88 30       	cpi	r24, 0x08	; 8
     fba:	08 f0       	brcs	.+2      	; 0xfbe <DIO_ReadValueForPin+0x24>
     fbc:	48 c0       	rjmp	.+144    	; 0x104e <DIO_ReadValueForPin+0xb4>
		volatile uint8_t *ptr= 0;
     fbe:	1a 82       	std	Y+2, r1	; 0x02
     fc0:	19 82       	std	Y+1, r1	; 0x01
		switch(GroupName)
     fc2:	8b 81       	ldd	r24, Y+3	; 0x03
     fc4:	28 2f       	mov	r18, r24
     fc6:	30 e0       	ldi	r19, 0x00	; 0
     fc8:	38 87       	std	Y+8, r19	; 0x08
     fca:	2f 83       	std	Y+7, r18	; 0x07
     fcc:	4f 81       	ldd	r20, Y+7	; 0x07
     fce:	58 85       	ldd	r21, Y+8	; 0x08
     fd0:	42 30       	cpi	r20, 0x02	; 2
     fd2:	51 05       	cpc	r21, r1
     fd4:	d9 f0       	breq	.+54     	; 0x100c <DIO_ReadValueForPin+0x72>
     fd6:	8f 81       	ldd	r24, Y+7	; 0x07
     fd8:	98 85       	ldd	r25, Y+8	; 0x08
     fda:	83 30       	cpi	r24, 0x03	; 3
     fdc:	91 05       	cpc	r25, r1
     fde:	34 f4       	brge	.+12     	; 0xfec <DIO_ReadValueForPin+0x52>
     fe0:	2f 81       	ldd	r18, Y+7	; 0x07
     fe2:	38 85       	ldd	r19, Y+8	; 0x08
     fe4:	21 30       	cpi	r18, 0x01	; 1
     fe6:	31 05       	cpc	r19, r1
     fe8:	61 f0       	breq	.+24     	; 0x1002 <DIO_ReadValueForPin+0x68>
     fea:	31 c0       	rjmp	.+98     	; 0x104e <DIO_ReadValueForPin+0xb4>
     fec:	4f 81       	ldd	r20, Y+7	; 0x07
     fee:	58 85       	ldd	r21, Y+8	; 0x08
     ff0:	43 30       	cpi	r20, 0x03	; 3
     ff2:	51 05       	cpc	r21, r1
     ff4:	81 f0       	breq	.+32     	; 0x1016 <DIO_ReadValueForPin+0x7c>
     ff6:	8f 81       	ldd	r24, Y+7	; 0x07
     ff8:	98 85       	ldd	r25, Y+8	; 0x08
     ffa:	84 30       	cpi	r24, 0x04	; 4
     ffc:	91 05       	cpc	r25, r1
     ffe:	81 f0       	breq	.+32     	; 0x1020 <DIO_ReadValueForPin+0x86>
    1000:	26 c0       	rjmp	.+76     	; 0x104e <DIO_ReadValueForPin+0xb4>
							{
								case DIO_GroupA: ptr=&PINA_Reg; break;      //clear(DDRA_Reg, PinNo); break;//here
    1002:	89 e3       	ldi	r24, 0x39	; 57
    1004:	90 e0       	ldi	r25, 0x00	; 0
    1006:	9a 83       	std	Y+2, r25	; 0x02
    1008:	89 83       	std	Y+1, r24	; 0x01
    100a:	0e c0       	rjmp	.+28     	; 0x1028 <DIO_ReadValueForPin+0x8e>
								case DIO_GroupB: ptr=&PINB_Reg;break;      // clear(DDRB_Reg, PinNo); break;
    100c:	86 e3       	ldi	r24, 0x36	; 54
    100e:	90 e0       	ldi	r25, 0x00	; 0
    1010:	9a 83       	std	Y+2, r25	; 0x02
    1012:	89 83       	std	Y+1, r24	; 0x01
    1014:	09 c0       	rjmp	.+18     	; 0x1028 <DIO_ReadValueForPin+0x8e>
								case DIO_GroupC: ptr=&PINC_Reg; break;      //clear(DDRC_Reg, PinNo); break;
    1016:	83 e3       	ldi	r24, 0x33	; 51
    1018:	90 e0       	ldi	r25, 0x00	; 0
    101a:	9a 83       	std	Y+2, r25	; 0x02
    101c:	89 83       	std	Y+1, r24	; 0x01
    101e:	04 c0       	rjmp	.+8      	; 0x1028 <DIO_ReadValueForPin+0x8e>
								case DIO_GroupD: ptr=&PIND_Reg; break;      //clear(DDRD_Reg, PinNo); break;
    1020:	80 e3       	ldi	r24, 0x30	; 48
    1022:	90 e0       	ldi	r25, 0x00	; 0
    1024:	9a 83       	std	Y+2, r25	; 0x02
    1026:	89 83       	std	Y+1, r24	; 0x01
								default: return;/*error code*/
							}
		*Inputvalue=read(*ptr,PinNo);
    1028:	e9 81       	ldd	r30, Y+1	; 0x01
    102a:	fa 81       	ldd	r31, Y+2	; 0x02
    102c:	80 81       	ld	r24, Z
    102e:	28 2f       	mov	r18, r24
    1030:	30 e0       	ldi	r19, 0x00	; 0
    1032:	8c 81       	ldd	r24, Y+4	; 0x04
    1034:	88 2f       	mov	r24, r24
    1036:	90 e0       	ldi	r25, 0x00	; 0
    1038:	a9 01       	movw	r20, r18
    103a:	02 c0       	rjmp	.+4      	; 0x1040 <DIO_ReadValueForPin+0xa6>
    103c:	55 95       	asr	r21
    103e:	47 95       	ror	r20
    1040:	8a 95       	dec	r24
    1042:	e2 f7       	brpl	.-8      	; 0x103c <DIO_ReadValueForPin+0xa2>
    1044:	ca 01       	movw	r24, r20
    1046:	81 70       	andi	r24, 0x01	; 1
    1048:	ed 81       	ldd	r30, Y+5	; 0x05
    104a:	fe 81       	ldd	r31, Y+6	; 0x06
    104c:	80 83       	st	Z, r24
	}
}
    104e:	28 96       	adiw	r28, 0x08	; 8
    1050:	0f b6       	in	r0, 0x3f	; 63
    1052:	f8 94       	cli
    1054:	de bf       	out	0x3e, r29	; 62
    1056:	0f be       	out	0x3f, r0	; 63
    1058:	cd bf       	out	0x3d, r28	; 61
    105a:	cf 91       	pop	r28
    105c:	df 91       	pop	r29
    105e:	08 95       	ret

00001060 <DIO_ReadValueForAll>:
void DIO_ReadValueForAll(uint8_t GroupName, uint8_t *Inputvalue ){
    1060:	df 93       	push	r29
    1062:	cf 93       	push	r28
    1064:	00 d0       	rcall	.+0      	; 0x1066 <DIO_ReadValueForAll+0x6>
    1066:	00 d0       	rcall	.+0      	; 0x1068 <DIO_ReadValueForAll+0x8>
    1068:	0f 92       	push	r0
    106a:	cd b7       	in	r28, 0x3d	; 61
    106c:	de b7       	in	r29, 0x3e	; 62
    106e:	89 83       	std	Y+1, r24	; 0x01
    1070:	7b 83       	std	Y+3, r23	; 0x03
    1072:	6a 83       	std	Y+2, r22	; 0x02
	switch(GroupName)
    1074:	89 81       	ldd	r24, Y+1	; 0x01
    1076:	28 2f       	mov	r18, r24
    1078:	30 e0       	ldi	r19, 0x00	; 0
    107a:	3d 83       	std	Y+5, r19	; 0x05
    107c:	2c 83       	std	Y+4, r18	; 0x04
    107e:	8c 81       	ldd	r24, Y+4	; 0x04
    1080:	9d 81       	ldd	r25, Y+5	; 0x05
    1082:	82 30       	cpi	r24, 0x02	; 2
    1084:	91 05       	cpc	r25, r1
    1086:	e9 f0       	breq	.+58     	; 0x10c2 <DIO_ReadValueForAll+0x62>
    1088:	2c 81       	ldd	r18, Y+4	; 0x04
    108a:	3d 81       	ldd	r19, Y+5	; 0x05
    108c:	23 30       	cpi	r18, 0x03	; 3
    108e:	31 05       	cpc	r19, r1
    1090:	34 f4       	brge	.+12     	; 0x109e <DIO_ReadValueForAll+0x3e>
    1092:	8c 81       	ldd	r24, Y+4	; 0x04
    1094:	9d 81       	ldd	r25, Y+5	; 0x05
    1096:	81 30       	cpi	r24, 0x01	; 1
    1098:	91 05       	cpc	r25, r1
    109a:	61 f0       	breq	.+24     	; 0x10b4 <DIO_ReadValueForAll+0x54>
    109c:	26 c0       	rjmp	.+76     	; 0x10ea <DIO_ReadValueForAll+0x8a>
    109e:	2c 81       	ldd	r18, Y+4	; 0x04
    10a0:	3d 81       	ldd	r19, Y+5	; 0x05
    10a2:	23 30       	cpi	r18, 0x03	; 3
    10a4:	31 05       	cpc	r19, r1
    10a6:	a1 f0       	breq	.+40     	; 0x10d0 <DIO_ReadValueForAll+0x70>
    10a8:	8c 81       	ldd	r24, Y+4	; 0x04
    10aa:	9d 81       	ldd	r25, Y+5	; 0x05
    10ac:	84 30       	cpi	r24, 0x04	; 4
    10ae:	91 05       	cpc	r25, r1
    10b0:	b1 f0       	breq	.+44     	; 0x10de <DIO_ReadValueForAll+0x7e>
    10b2:	1b c0       	rjmp	.+54     	; 0x10ea <DIO_ReadValueForAll+0x8a>
								{
									case DIO_GroupA: *Inputvalue=PINA_Reg; break;
    10b4:	e9 e3       	ldi	r30, 0x39	; 57
    10b6:	f0 e0       	ldi	r31, 0x00	; 0
    10b8:	80 81       	ld	r24, Z
    10ba:	ea 81       	ldd	r30, Y+2	; 0x02
    10bc:	fb 81       	ldd	r31, Y+3	; 0x03
    10be:	80 83       	st	Z, r24
    10c0:	14 c0       	rjmp	.+40     	; 0x10ea <DIO_ReadValueForAll+0x8a>
									case DIO_GroupB: *Inputvalue=PINB_Reg;break;
    10c2:	e6 e3       	ldi	r30, 0x36	; 54
    10c4:	f0 e0       	ldi	r31, 0x00	; 0
    10c6:	80 81       	ld	r24, Z
    10c8:	ea 81       	ldd	r30, Y+2	; 0x02
    10ca:	fb 81       	ldd	r31, Y+3	; 0x03
    10cc:	80 83       	st	Z, r24
    10ce:	0d c0       	rjmp	.+26     	; 0x10ea <DIO_ReadValueForAll+0x8a>
									case DIO_GroupC: *Inputvalue=PINC_Reg; break;
    10d0:	e3 e3       	ldi	r30, 0x33	; 51
    10d2:	f0 e0       	ldi	r31, 0x00	; 0
    10d4:	80 81       	ld	r24, Z
    10d6:	ea 81       	ldd	r30, Y+2	; 0x02
    10d8:	fb 81       	ldd	r31, Y+3	; 0x03
    10da:	80 83       	st	Z, r24
    10dc:	06 c0       	rjmp	.+12     	; 0x10ea <DIO_ReadValueForAll+0x8a>
									case DIO_GroupD: *Inputvalue=PIND_Reg; break;
    10de:	e0 e3       	ldi	r30, 0x30	; 48
    10e0:	f0 e0       	ldi	r31, 0x00	; 0
    10e2:	80 81       	ld	r24, Z
    10e4:	ea 81       	ldd	r30, Y+2	; 0x02
    10e6:	fb 81       	ldd	r31, Y+3	; 0x03
    10e8:	80 83       	st	Z, r24
									default: return;/*error code*/
								}
}
    10ea:	0f 90       	pop	r0
    10ec:	0f 90       	pop	r0
    10ee:	0f 90       	pop	r0
    10f0:	0f 90       	pop	r0
    10f2:	0f 90       	pop	r0
    10f4:	cf 91       	pop	r28
    10f6:	df 91       	pop	r29
    10f8:	08 95       	ret

000010fa <DIO_ToggleAtPin>:

void DIO_ToggleAtPin(uint8_t GroupName,uint8_t PinNo ){
    10fa:	df 93       	push	r29
    10fc:	cf 93       	push	r28
    10fe:	00 d0       	rcall	.+0      	; 0x1100 <DIO_ToggleAtPin+0x6>
    1100:	00 d0       	rcall	.+0      	; 0x1102 <DIO_ToggleAtPin+0x8>
    1102:	00 d0       	rcall	.+0      	; 0x1104 <DIO_ToggleAtPin+0xa>
    1104:	cd b7       	in	r28, 0x3d	; 61
    1106:	de b7       	in	r29, 0x3e	; 62
    1108:	8b 83       	std	Y+3, r24	; 0x03
    110a:	6c 83       	std	Y+4, r22	; 0x04
	if(PinNo<=DIO_pin7){
    110c:	8c 81       	ldd	r24, Y+4	; 0x04
    110e:	88 30       	cpi	r24, 0x08	; 8
    1110:	08 f0       	brcs	.+2      	; 0x1114 <DIO_ToggleAtPin+0x1a>
    1112:	48 c0       	rjmp	.+144    	; 0x11a4 <DIO_ToggleAtPin+0xaa>
		volatile uint8_t *ptr= 0;
    1114:	1a 82       	std	Y+2, r1	; 0x02
    1116:	19 82       	std	Y+1, r1	; 0x01
				switch(GroupName)
    1118:	8b 81       	ldd	r24, Y+3	; 0x03
    111a:	28 2f       	mov	r18, r24
    111c:	30 e0       	ldi	r19, 0x00	; 0
    111e:	3e 83       	std	Y+6, r19	; 0x06
    1120:	2d 83       	std	Y+5, r18	; 0x05
    1122:	8d 81       	ldd	r24, Y+5	; 0x05
    1124:	9e 81       	ldd	r25, Y+6	; 0x06
    1126:	82 30       	cpi	r24, 0x02	; 2
    1128:	91 05       	cpc	r25, r1
    112a:	d9 f0       	breq	.+54     	; 0x1162 <DIO_ToggleAtPin+0x68>
    112c:	2d 81       	ldd	r18, Y+5	; 0x05
    112e:	3e 81       	ldd	r19, Y+6	; 0x06
    1130:	23 30       	cpi	r18, 0x03	; 3
    1132:	31 05       	cpc	r19, r1
    1134:	34 f4       	brge	.+12     	; 0x1142 <DIO_ToggleAtPin+0x48>
    1136:	8d 81       	ldd	r24, Y+5	; 0x05
    1138:	9e 81       	ldd	r25, Y+6	; 0x06
    113a:	81 30       	cpi	r24, 0x01	; 1
    113c:	91 05       	cpc	r25, r1
    113e:	61 f0       	breq	.+24     	; 0x1158 <DIO_ToggleAtPin+0x5e>
    1140:	31 c0       	rjmp	.+98     	; 0x11a4 <DIO_ToggleAtPin+0xaa>
    1142:	2d 81       	ldd	r18, Y+5	; 0x05
    1144:	3e 81       	ldd	r19, Y+6	; 0x06
    1146:	23 30       	cpi	r18, 0x03	; 3
    1148:	31 05       	cpc	r19, r1
    114a:	81 f0       	breq	.+32     	; 0x116c <DIO_ToggleAtPin+0x72>
    114c:	8d 81       	ldd	r24, Y+5	; 0x05
    114e:	9e 81       	ldd	r25, Y+6	; 0x06
    1150:	84 30       	cpi	r24, 0x04	; 4
    1152:	91 05       	cpc	r25, r1
    1154:	81 f0       	breq	.+32     	; 0x1176 <DIO_ToggleAtPin+0x7c>
    1156:	26 c0       	rjmp	.+76     	; 0x11a4 <DIO_ToggleAtPin+0xaa>
									{
										case DIO_GroupA: ptr=&PORTA_Reg; break;      //clear(DDRA_Reg, PinNo); break;//here
    1158:	8b e3       	ldi	r24, 0x3B	; 59
    115a:	90 e0       	ldi	r25, 0x00	; 0
    115c:	9a 83       	std	Y+2, r25	; 0x02
    115e:	89 83       	std	Y+1, r24	; 0x01
    1160:	0e c0       	rjmp	.+28     	; 0x117e <DIO_ToggleAtPin+0x84>
										case DIO_GroupB: ptr=&PORTB_Reg;break;      // clear(DDRB_Reg, PinNo); break;
    1162:	88 e3       	ldi	r24, 0x38	; 56
    1164:	90 e0       	ldi	r25, 0x00	; 0
    1166:	9a 83       	std	Y+2, r25	; 0x02
    1168:	89 83       	std	Y+1, r24	; 0x01
    116a:	09 c0       	rjmp	.+18     	; 0x117e <DIO_ToggleAtPin+0x84>
										case DIO_GroupC: ptr=&PORTC_Reg; break;      //clear(DDRC_Reg, PinNo); break;
    116c:	85 e3       	ldi	r24, 0x35	; 53
    116e:	90 e0       	ldi	r25, 0x00	; 0
    1170:	9a 83       	std	Y+2, r25	; 0x02
    1172:	89 83       	std	Y+1, r24	; 0x01
    1174:	04 c0       	rjmp	.+8      	; 0x117e <DIO_ToggleAtPin+0x84>
										case DIO_GroupD: ptr=&PORTD_Reg; break;      //clear(DDRD_Reg, PinNo); break;
    1176:	82 e3       	ldi	r24, 0x32	; 50
    1178:	90 e0       	ldi	r25, 0x00	; 0
    117a:	9a 83       	std	Y+2, r25	; 0x02
    117c:	89 83       	std	Y+1, r24	; 0x01
										default: return;/*error code*/
									}
				toggle(*ptr,PinNo);
    117e:	e9 81       	ldd	r30, Y+1	; 0x01
    1180:	fa 81       	ldd	r31, Y+2	; 0x02
    1182:	80 81       	ld	r24, Z
    1184:	48 2f       	mov	r20, r24
    1186:	8c 81       	ldd	r24, Y+4	; 0x04
    1188:	28 2f       	mov	r18, r24
    118a:	30 e0       	ldi	r19, 0x00	; 0
    118c:	81 e0       	ldi	r24, 0x01	; 1
    118e:	90 e0       	ldi	r25, 0x00	; 0
    1190:	02 2e       	mov	r0, r18
    1192:	02 c0       	rjmp	.+4      	; 0x1198 <DIO_ToggleAtPin+0x9e>
    1194:	88 0f       	add	r24, r24
    1196:	99 1f       	adc	r25, r25
    1198:	0a 94       	dec	r0
    119a:	e2 f7       	brpl	.-8      	; 0x1194 <DIO_ToggleAtPin+0x9a>
    119c:	84 27       	eor	r24, r20
    119e:	e9 81       	ldd	r30, Y+1	; 0x01
    11a0:	fa 81       	ldd	r31, Y+2	; 0x02
    11a2:	80 83       	st	Z, r24
	}
}
    11a4:	26 96       	adiw	r28, 0x06	; 6
    11a6:	0f b6       	in	r0, 0x3f	; 63
    11a8:	f8 94       	cli
    11aa:	de bf       	out	0x3e, r29	; 62
    11ac:	0f be       	out	0x3f, r0	; 63
    11ae:	cd bf       	out	0x3d, r28	; 61
    11b0:	cf 91       	pop	r28
    11b2:	df 91       	pop	r29
    11b4:	08 95       	ret

000011b6 <DIO_ToggleAtAll>:


void DIO_ToggleAtAll(uint8_t GroupName)
{
    11b6:	df 93       	push	r29
    11b8:	cf 93       	push	r28
    11ba:	00 d0       	rcall	.+0      	; 0x11bc <DIO_ToggleAtAll+0x6>
    11bc:	0f 92       	push	r0
    11be:	cd b7       	in	r28, 0x3d	; 61
    11c0:	de b7       	in	r29, 0x3e	; 62
    11c2:	89 83       	std	Y+1, r24	; 0x01

				switch(GroupName)
    11c4:	89 81       	ldd	r24, Y+1	; 0x01
    11c6:	28 2f       	mov	r18, r24
    11c8:	30 e0       	ldi	r19, 0x00	; 0
    11ca:	3b 83       	std	Y+3, r19	; 0x03
    11cc:	2a 83       	std	Y+2, r18	; 0x02
    11ce:	8a 81       	ldd	r24, Y+2	; 0x02
    11d0:	9b 81       	ldd	r25, Y+3	; 0x03
    11d2:	82 30       	cpi	r24, 0x02	; 2
    11d4:	91 05       	cpc	r25, r1
    11d6:	f1 f0       	breq	.+60     	; 0x1214 <DIO_ToggleAtAll+0x5e>
    11d8:	2a 81       	ldd	r18, Y+2	; 0x02
    11da:	3b 81       	ldd	r19, Y+3	; 0x03
    11dc:	23 30       	cpi	r18, 0x03	; 3
    11de:	31 05       	cpc	r19, r1
    11e0:	34 f4       	brge	.+12     	; 0x11ee <DIO_ToggleAtAll+0x38>
    11e2:	8a 81       	ldd	r24, Y+2	; 0x02
    11e4:	9b 81       	ldd	r25, Y+3	; 0x03
    11e6:	81 30       	cpi	r24, 0x01	; 1
    11e8:	91 05       	cpc	r25, r1
    11ea:	61 f0       	breq	.+24     	; 0x1204 <DIO_ToggleAtAll+0x4e>
    11ec:	2a c0       	rjmp	.+84     	; 0x1242 <DIO_ToggleAtAll+0x8c>
    11ee:	2a 81       	ldd	r18, Y+2	; 0x02
    11f0:	3b 81       	ldd	r19, Y+3	; 0x03
    11f2:	23 30       	cpi	r18, 0x03	; 3
    11f4:	31 05       	cpc	r19, r1
    11f6:	b1 f0       	breq	.+44     	; 0x1224 <DIO_ToggleAtAll+0x6e>
    11f8:	8a 81       	ldd	r24, Y+2	; 0x02
    11fa:	9b 81       	ldd	r25, Y+3	; 0x03
    11fc:	84 30       	cpi	r24, 0x04	; 4
    11fe:	91 05       	cpc	r25, r1
    1200:	c9 f0       	breq	.+50     	; 0x1234 <DIO_ToggleAtAll+0x7e>
    1202:	1f c0       	rjmp	.+62     	; 0x1242 <DIO_ToggleAtAll+0x8c>
									{
										case DIO_GroupA: PORTA_Reg^=0xFF; break;
    1204:	ab e3       	ldi	r26, 0x3B	; 59
    1206:	b0 e0       	ldi	r27, 0x00	; 0
    1208:	eb e3       	ldi	r30, 0x3B	; 59
    120a:	f0 e0       	ldi	r31, 0x00	; 0
    120c:	80 81       	ld	r24, Z
    120e:	80 95       	com	r24
    1210:	8c 93       	st	X, r24
    1212:	17 c0       	rjmp	.+46     	; 0x1242 <DIO_ToggleAtAll+0x8c>
										case DIO_GroupB: PORTB_Reg^=0xFF;break;
    1214:	a8 e3       	ldi	r26, 0x38	; 56
    1216:	b0 e0       	ldi	r27, 0x00	; 0
    1218:	e8 e3       	ldi	r30, 0x38	; 56
    121a:	f0 e0       	ldi	r31, 0x00	; 0
    121c:	80 81       	ld	r24, Z
    121e:	80 95       	com	r24
    1220:	8c 93       	st	X, r24
    1222:	0f c0       	rjmp	.+30     	; 0x1242 <DIO_ToggleAtAll+0x8c>
										case DIO_GroupC: PORTC_Reg^=0xFF; break;
    1224:	a5 e3       	ldi	r26, 0x35	; 53
    1226:	b0 e0       	ldi	r27, 0x00	; 0
    1228:	e5 e3       	ldi	r30, 0x35	; 53
    122a:	f0 e0       	ldi	r31, 0x00	; 0
    122c:	80 81       	ld	r24, Z
    122e:	80 95       	com	r24
    1230:	8c 93       	st	X, r24
    1232:	07 c0       	rjmp	.+14     	; 0x1242 <DIO_ToggleAtAll+0x8c>
										case DIO_GroupD: PORTD_Reg^=0xFF; break;
    1234:	a2 e3       	ldi	r26, 0x32	; 50
    1236:	b0 e0       	ldi	r27, 0x00	; 0
    1238:	e2 e3       	ldi	r30, 0x32	; 50
    123a:	f0 e0       	ldi	r31, 0x00	; 0
    123c:	80 81       	ld	r24, Z
    123e:	80 95       	com	r24
    1240:	8c 93       	st	X, r24
										default: return;/*error code*/
									}

}
    1242:	0f 90       	pop	r0
    1244:	0f 90       	pop	r0
    1246:	0f 90       	pop	r0
    1248:	cf 91       	pop	r28
    124a:	df 91       	pop	r29
    124c:	08 95       	ret

0000124e <DIO_EnableInternalPullUp>:
DDR = 0
PORT = 1  → Pull-up Enabled
PORT = 0  → Pull-up Disabled
*/
void DIO_EnableInternalPullUp(uint8_t GroupName, uint8_t PinNo)
{
    124e:	df 93       	push	r29
    1250:	cf 93       	push	r28
    1252:	00 d0       	rcall	.+0      	; 0x1254 <DIO_EnableInternalPullUp+0x6>
    1254:	cd b7       	in	r28, 0x3d	; 61
    1256:	de b7       	in	r29, 0x3e	; 62
    1258:	89 83       	std	Y+1, r24	; 0x01
    125a:	6a 83       	std	Y+2, r22	; 0x02
    if (PinNo <= DIO_pin7)
    125c:	8a 81       	ldd	r24, Y+2	; 0x02
    125e:	88 30       	cpi	r24, 0x08	; 8
    1260:	50 f4       	brcc	.+20     	; 0x1276 <DIO_EnableInternalPullUp+0x28>
    {
        DIO_SelectDirectionForPin(
    1262:	89 81       	ldd	r24, Y+1	; 0x01
    1264:	6a 81       	ldd	r22, Y+2	; 0x02
    1266:	40 e0       	ldi	r20, 0x00	; 0
    1268:	0e 94 4f 06 	call	0xc9e	; 0xc9e <DIO_SelectDirectionForPin>
            GroupName,
            PinNo,
            DIO_Input
        );

        DIO_WriteValueForPin(
    126c:	89 81       	ldd	r24, Y+1	; 0x01
    126e:	6a 81       	ldd	r22, Y+2	; 0x02
    1270:	41 e0       	ldi	r20, 0x01	; 1
    1272:	0e 94 0e 07 	call	0xe1c	; 0xe1c <DIO_WriteValueForPin>
            GroupName,
            PinNo,
            DIO_High
        );
    }
}
    1276:	0f 90       	pop	r0
    1278:	0f 90       	pop	r0
    127a:	cf 91       	pop	r28
    127c:	df 91       	pop	r29
    127e:	08 95       	ret

00001280 <DIO_DisableInternalPullUp>:
void DIO_DisableInternalPullUp(uint8_t GroupName, uint8_t PinNo)
{
    1280:	df 93       	push	r29
    1282:	cf 93       	push	r28
    1284:	00 d0       	rcall	.+0      	; 0x1286 <DIO_DisableInternalPullUp+0x6>
    1286:	cd b7       	in	r28, 0x3d	; 61
    1288:	de b7       	in	r29, 0x3e	; 62
    128a:	89 83       	std	Y+1, r24	; 0x01
    128c:	6a 83       	std	Y+2, r22	; 0x02
    if (PinNo <= DIO_pin7)
    128e:	8a 81       	ldd	r24, Y+2	; 0x02
    1290:	88 30       	cpi	r24, 0x08	; 8
    1292:	50 f4       	brcc	.+20     	; 0x12a8 <DIO_DisableInternalPullUp+0x28>
    {
        DIO_SelectDirectionForPin(
    1294:	89 81       	ldd	r24, Y+1	; 0x01
    1296:	6a 81       	ldd	r22, Y+2	; 0x02
    1298:	40 e0       	ldi	r20, 0x00	; 0
    129a:	0e 94 4f 06 	call	0xc9e	; 0xc9e <DIO_SelectDirectionForPin>
            GroupName,
            PinNo,
            DIO_Input
        );

        DIO_WriteValueForPin(
    129e:	89 81       	ldd	r24, Y+1	; 0x01
    12a0:	6a 81       	ldd	r22, Y+2	; 0x02
    12a2:	40 e0       	ldi	r20, 0x00	; 0
    12a4:	0e 94 0e 07 	call	0xe1c	; 0xe1c <DIO_WriteValueForPin>
            GroupName,
            PinNo,
            DIO_Low
        );
    }
}
    12a8:	0f 90       	pop	r0
    12aa:	0f 90       	pop	r0
    12ac:	cf 91       	pop	r28
    12ae:	df 91       	pop	r29
    12b0:	08 95       	ret

000012b2 <SS_WriteNumber>:
 0x82,
 0xF8,
 0x80,
0x90 };

void SS_WriteNumber(uint8_t Number, uint8_t SS_No) {
    12b2:	df 93       	push	r29
    12b4:	cf 93       	push	r28
    12b6:	00 d0       	rcall	.+0      	; 0x12b8 <SS_WriteNumber+0x6>
    12b8:	00 d0       	rcall	.+0      	; 0x12ba <SS_WriteNumber+0x8>
    12ba:	cd b7       	in	r28, 0x3d	; 61
    12bc:	de b7       	in	r29, 0x3e	; 62
    12be:	89 83       	std	Y+1, r24	; 0x01
    12c0:	6a 83       	std	Y+2, r22	; 0x02
	switch (SS_No) {
    12c2:	8a 81       	ldd	r24, Y+2	; 0x02
    12c4:	28 2f       	mov	r18, r24
    12c6:	30 e0       	ldi	r19, 0x00	; 0
    12c8:	3c 83       	std	Y+4, r19	; 0x04
    12ca:	2b 83       	std	Y+3, r18	; 0x03
    12cc:	8b 81       	ldd	r24, Y+3	; 0x03
    12ce:	9c 81       	ldd	r25, Y+4	; 0x04
    12d0:	81 30       	cpi	r24, 0x01	; 1
    12d2:	91 05       	cpc	r25, r1
    12d4:	31 f0       	breq	.+12     	; 0x12e2 <SS_WriteNumber+0x30>
    12d6:	2b 81       	ldd	r18, Y+3	; 0x03
    12d8:	3c 81       	ldd	r19, Y+4	; 0x04
    12da:	22 30       	cpi	r18, 0x02	; 2
    12dc:	31 05       	cpc	r19, r1
    12de:	89 f0       	breq	.+34     	; 0x1302 <SS_WriteNumber+0x50>
    12e0:	1f c0       	rjmp	.+62     	; 0x1320 <SS_WriteNumber+0x6e>
	case SS1:
		DIO_SelectDirectionForAll(SEGMENT1_GROUP, DIO_AllOutput);
    12e2:	83 e0       	ldi	r24, 0x03	; 3
    12e4:	6f ef       	ldi	r22, 0xFF	; 255
    12e6:	0e 94 cc 06 	call	0xd98	; 0xd98 <DIO_SelectDirectionForAll>
		DIO_WriteValueForAll(SEGMENT1_GROUP,Numbers[Number]);
    12ea:	89 81       	ldd	r24, Y+1	; 0x01
    12ec:	88 2f       	mov	r24, r24
    12ee:	90 e0       	ldi	r25, 0x00	; 0
    12f0:	fc 01       	movw	r30, r24
    12f2:	e8 59       	subi	r30, 0x98	; 152
    12f4:	ff 4f       	sbci	r31, 0xFF	; 255
    12f6:	90 81       	ld	r25, Z
    12f8:	83 e0       	ldi	r24, 0x03	; 3
    12fa:	69 2f       	mov	r22, r25
    12fc:	0e 94 8b 07 	call	0xf16	; 0xf16 <DIO_WriteValueForAll>
    1300:	0f c0       	rjmp	.+30     	; 0x1320 <SS_WriteNumber+0x6e>
	break;
	case SS2:
		DIO_SelectDirectionForAll(SEGMENT2_GROUP, DIO_AllOutput);
    1302:	84 e0       	ldi	r24, 0x04	; 4
    1304:	6f ef       	ldi	r22, 0xFF	; 255
    1306:	0e 94 cc 06 	call	0xd98	; 0xd98 <DIO_SelectDirectionForAll>
		DIO_WriteValueForAll(SEGMENT2_GROUP,Numbers[Number]);
    130a:	89 81       	ldd	r24, Y+1	; 0x01
    130c:	88 2f       	mov	r24, r24
    130e:	90 e0       	ldi	r25, 0x00	; 0
    1310:	fc 01       	movw	r30, r24
    1312:	e8 59       	subi	r30, 0x98	; 152
    1314:	ff 4f       	sbci	r31, 0xFF	; 255
    1316:	90 81       	ld	r25, Z
    1318:	84 e0       	ldi	r24, 0x04	; 4
    131a:	69 2f       	mov	r22, r25
    131c:	0e 94 8b 07 	call	0xf16	; 0xf16 <DIO_WriteValueForAll>

		break;
	}
}
    1320:	0f 90       	pop	r0
    1322:	0f 90       	pop	r0
    1324:	0f 90       	pop	r0
    1326:	0f 90       	pop	r0
    1328:	cf 91       	pop	r28
    132a:	df 91       	pop	r29
    132c:	08 95       	ret

0000132e <LED_Init>:
#include "../../Mcal/DIO/DIO_Interface.h"
#include "../../Mcal/AtMega32Registers.h"
#include "../../Common/BitMath.h"

static LED_Config_t LED_Config[8];
void LED_Init(uint8_t LED_ID, uint8_t GroupName, uint8_t PinNo) {
    132e:	df 93       	push	r29
    1330:	cf 93       	push	r28
    1332:	00 d0       	rcall	.+0      	; 0x1334 <LED_Init+0x6>
    1334:	0f 92       	push	r0
    1336:	cd b7       	in	r28, 0x3d	; 61
    1338:	de b7       	in	r29, 0x3e	; 62
    133a:	89 83       	std	Y+1, r24	; 0x01
    133c:	6a 83       	std	Y+2, r22	; 0x02
    133e:	4b 83       	std	Y+3, r20	; 0x03

	LED_Config[LED_ID].GroupName = GroupName;
    1340:	89 81       	ldd	r24, Y+1	; 0x01
    1342:	88 2f       	mov	r24, r24
    1344:	90 e0       	ldi	r25, 0x00	; 0
    1346:	88 0f       	add	r24, r24
    1348:	99 1f       	adc	r25, r25
    134a:	fc 01       	movw	r30, r24
    134c:	e8 57       	subi	r30, 0x78	; 120
    134e:	ff 4f       	sbci	r31, 0xFF	; 255
    1350:	8a 81       	ldd	r24, Y+2	; 0x02
    1352:	80 83       	st	Z, r24
	LED_Config[LED_ID].PinNo = PinNo;
    1354:	89 81       	ldd	r24, Y+1	; 0x01
    1356:	88 2f       	mov	r24, r24
    1358:	90 e0       	ldi	r25, 0x00	; 0
    135a:	88 0f       	add	r24, r24
    135c:	99 1f       	adc	r25, r25
    135e:	fc 01       	movw	r30, r24
    1360:	e7 57       	subi	r30, 0x77	; 119
    1362:	ff 4f       	sbci	r31, 0xFF	; 255
    1364:	8b 81       	ldd	r24, Y+3	; 0x03
    1366:	80 83       	st	Z, r24
	DIO_SelectDirectionForPin(GroupName, PinNo, DIO_Output);
    1368:	8a 81       	ldd	r24, Y+2	; 0x02
    136a:	6b 81       	ldd	r22, Y+3	; 0x03
    136c:	41 e0       	ldi	r20, 0x01	; 1
    136e:	0e 94 4f 06 	call	0xc9e	; 0xc9e <DIO_SelectDirectionForPin>
}
    1372:	0f 90       	pop	r0
    1374:	0f 90       	pop	r0
    1376:	0f 90       	pop	r0
    1378:	cf 91       	pop	r28
    137a:	df 91       	pop	r29
    137c:	08 95       	ret

0000137e <LED_ON>:
void LED_ON(uint8_t LED_ID, uint8_t ConnectionState) {
    137e:	df 93       	push	r29
    1380:	cf 93       	push	r28
    1382:	00 d0       	rcall	.+0      	; 0x1384 <LED_ON+0x6>
    1384:	cd b7       	in	r28, 0x3d	; 61
    1386:	de b7       	in	r29, 0x3e	; 62
    1388:	89 83       	std	Y+1, r24	; 0x01
    138a:	6a 83       	std	Y+2, r22	; 0x02
	if (ConnectionState == LED_SINK) {
    138c:	8a 81       	ldd	r24, Y+2	; 0x02
    138e:	88 23       	and	r24, r24
    1390:	b9 f4       	brne	.+46     	; 0x13c0 <LED_ON+0x42>
		DIO_WriteValueForPin(LED_Config[LED_ID].GroupName,
    1392:	89 81       	ldd	r24, Y+1	; 0x01
    1394:	88 2f       	mov	r24, r24
    1396:	90 e0       	ldi	r25, 0x00	; 0
    1398:	88 0f       	add	r24, r24
    139a:	99 1f       	adc	r25, r25
    139c:	fc 01       	movw	r30, r24
    139e:	e8 57       	subi	r30, 0x78	; 120
    13a0:	ff 4f       	sbci	r31, 0xFF	; 255
    13a2:	20 81       	ld	r18, Z
    13a4:	89 81       	ldd	r24, Y+1	; 0x01
    13a6:	88 2f       	mov	r24, r24
    13a8:	90 e0       	ldi	r25, 0x00	; 0
    13aa:	88 0f       	add	r24, r24
    13ac:	99 1f       	adc	r25, r25
    13ae:	fc 01       	movw	r30, r24
    13b0:	e7 57       	subi	r30, 0x77	; 119
    13b2:	ff 4f       	sbci	r31, 0xFF	; 255
    13b4:	90 81       	ld	r25, Z
    13b6:	82 2f       	mov	r24, r18
    13b8:	69 2f       	mov	r22, r25
    13ba:	40 e0       	ldi	r20, 0x00	; 0
    13bc:	0e 94 0e 07 	call	0xe1c	; 0xe1c <DIO_WriteValueForPin>
						LED_Config[LED_ID].PinNo,  SinkLED_ON);
	}
	if (ConnectionState == LED_SOURCE) {
    13c0:	8a 81       	ldd	r24, Y+2	; 0x02
    13c2:	81 30       	cpi	r24, 0x01	; 1
    13c4:	b9 f4       	brne	.+46     	; 0x13f4 <LED_ON+0x76>
		DIO_WriteValueForPin(LED_Config[LED_ID].GroupName,
    13c6:	89 81       	ldd	r24, Y+1	; 0x01
    13c8:	88 2f       	mov	r24, r24
    13ca:	90 e0       	ldi	r25, 0x00	; 0
    13cc:	88 0f       	add	r24, r24
    13ce:	99 1f       	adc	r25, r25
    13d0:	fc 01       	movw	r30, r24
    13d2:	e8 57       	subi	r30, 0x78	; 120
    13d4:	ff 4f       	sbci	r31, 0xFF	; 255
    13d6:	20 81       	ld	r18, Z
    13d8:	89 81       	ldd	r24, Y+1	; 0x01
    13da:	88 2f       	mov	r24, r24
    13dc:	90 e0       	ldi	r25, 0x00	; 0
    13de:	88 0f       	add	r24, r24
    13e0:	99 1f       	adc	r25, r25
    13e2:	fc 01       	movw	r30, r24
    13e4:	e7 57       	subi	r30, 0x77	; 119
    13e6:	ff 4f       	sbci	r31, 0xFF	; 255
    13e8:	90 81       	ld	r25, Z
    13ea:	82 2f       	mov	r24, r18
    13ec:	69 2f       	mov	r22, r25
    13ee:	41 e0       	ldi	r20, 0x01	; 1
    13f0:	0e 94 0e 07 	call	0xe1c	; 0xe1c <DIO_WriteValueForPin>
				LED_Config[LED_ID].PinNo, SourceLED_ON);
	}

}
    13f4:	0f 90       	pop	r0
    13f6:	0f 90       	pop	r0
    13f8:	cf 91       	pop	r28
    13fa:	df 91       	pop	r29
    13fc:	08 95       	ret

000013fe <LED_OFF>:

void LED_OFF(uint8_t LED_ID, uint8_t ConnectionState) {
    13fe:	df 93       	push	r29
    1400:	cf 93       	push	r28
    1402:	00 d0       	rcall	.+0      	; 0x1404 <LED_OFF+0x6>
    1404:	cd b7       	in	r28, 0x3d	; 61
    1406:	de b7       	in	r29, 0x3e	; 62
    1408:	89 83       	std	Y+1, r24	; 0x01
    140a:	6a 83       	std	Y+2, r22	; 0x02
	if (ConnectionState == LED_SINK) {
    140c:	8a 81       	ldd	r24, Y+2	; 0x02
    140e:	88 23       	and	r24, r24
    1410:	b9 f4       	brne	.+46     	; 0x1440 <LED_OFF+0x42>
			DIO_WriteValueForPin(LED_Config[LED_ID].GroupName,
    1412:	89 81       	ldd	r24, Y+1	; 0x01
    1414:	88 2f       	mov	r24, r24
    1416:	90 e0       	ldi	r25, 0x00	; 0
    1418:	88 0f       	add	r24, r24
    141a:	99 1f       	adc	r25, r25
    141c:	fc 01       	movw	r30, r24
    141e:	e8 57       	subi	r30, 0x78	; 120
    1420:	ff 4f       	sbci	r31, 0xFF	; 255
    1422:	20 81       	ld	r18, Z
    1424:	89 81       	ldd	r24, Y+1	; 0x01
    1426:	88 2f       	mov	r24, r24
    1428:	90 e0       	ldi	r25, 0x00	; 0
    142a:	88 0f       	add	r24, r24
    142c:	99 1f       	adc	r25, r25
    142e:	fc 01       	movw	r30, r24
    1430:	e7 57       	subi	r30, 0x77	; 119
    1432:	ff 4f       	sbci	r31, 0xFF	; 255
    1434:	90 81       	ld	r25, Z
    1436:	82 2f       	mov	r24, r18
    1438:	69 2f       	mov	r22, r25
    143a:	41 e0       	ldi	r20, 0x01	; 1
    143c:	0e 94 0e 07 	call	0xe1c	; 0xe1c <DIO_WriteValueForPin>
							LED_Config[LED_ID].PinNo, SinkLED_OFF);
		}
		if (ConnectionState == LED_SOURCE) {
    1440:	8a 81       	ldd	r24, Y+2	; 0x02
    1442:	81 30       	cpi	r24, 0x01	; 1
    1444:	b9 f4       	brne	.+46     	; 0x1474 <LED_OFF+0x76>
			DIO_WriteValueForPin(LED_Config[LED_ID].GroupName,
    1446:	89 81       	ldd	r24, Y+1	; 0x01
    1448:	88 2f       	mov	r24, r24
    144a:	90 e0       	ldi	r25, 0x00	; 0
    144c:	88 0f       	add	r24, r24
    144e:	99 1f       	adc	r25, r25
    1450:	fc 01       	movw	r30, r24
    1452:	e8 57       	subi	r30, 0x78	; 120
    1454:	ff 4f       	sbci	r31, 0xFF	; 255
    1456:	20 81       	ld	r18, Z
    1458:	89 81       	ldd	r24, Y+1	; 0x01
    145a:	88 2f       	mov	r24, r24
    145c:	90 e0       	ldi	r25, 0x00	; 0
    145e:	88 0f       	add	r24, r24
    1460:	99 1f       	adc	r25, r25
    1462:	fc 01       	movw	r30, r24
    1464:	e7 57       	subi	r30, 0x77	; 119
    1466:	ff 4f       	sbci	r31, 0xFF	; 255
    1468:	90 81       	ld	r25, Z
    146a:	82 2f       	mov	r24, r18
    146c:	69 2f       	mov	r22, r25
    146e:	40 e0       	ldi	r20, 0x00	; 0
    1470:	0e 94 0e 07 	call	0xe1c	; 0xe1c <DIO_WriteValueForPin>
					LED_Config[LED_ID].PinNo, SourceLED_OFF);
		}
}
    1474:	0f 90       	pop	r0
    1476:	0f 90       	pop	r0
    1478:	cf 91       	pop	r28
    147a:	df 91       	pop	r29
    147c:	08 95       	ret

0000147e <LED_Toggle>:

void LED_Toggle(uint8_t LED_ID) {
    147e:	df 93       	push	r29
    1480:	cf 93       	push	r28
    1482:	0f 92       	push	r0
    1484:	cd b7       	in	r28, 0x3d	; 61
    1486:	de b7       	in	r29, 0x3e	; 62
    1488:	89 83       	std	Y+1, r24	; 0x01
	DIO_ToggleAtPin(LED_Config[LED_ID].GroupName, LED_Config[LED_ID].PinNo);
    148a:	89 81       	ldd	r24, Y+1	; 0x01
    148c:	88 2f       	mov	r24, r24
    148e:	90 e0       	ldi	r25, 0x00	; 0
    1490:	88 0f       	add	r24, r24
    1492:	99 1f       	adc	r25, r25
    1494:	fc 01       	movw	r30, r24
    1496:	e8 57       	subi	r30, 0x78	; 120
    1498:	ff 4f       	sbci	r31, 0xFF	; 255
    149a:	20 81       	ld	r18, Z
    149c:	89 81       	ldd	r24, Y+1	; 0x01
    149e:	88 2f       	mov	r24, r24
    14a0:	90 e0       	ldi	r25, 0x00	; 0
    14a2:	88 0f       	add	r24, r24
    14a4:	99 1f       	adc	r25, r25
    14a6:	fc 01       	movw	r30, r24
    14a8:	e7 57       	subi	r30, 0x77	; 119
    14aa:	ff 4f       	sbci	r31, 0xFF	; 255
    14ac:	90 81       	ld	r25, Z
    14ae:	82 2f       	mov	r24, r18
    14b0:	69 2f       	mov	r22, r25
    14b2:	0e 94 7d 08 	call	0x10fa	; 0x10fa <DIO_ToggleAtPin>
}
    14b6:	0f 90       	pop	r0
    14b8:	cf 91       	pop	r28
    14ba:	df 91       	pop	r29
    14bc:	08 95       	ret

000014be <LCD_Enable>:
#include "LCD_Interface.h"
#include "LCD_Config.h"
#include "../../Common/BitMath.h"
#include "../../Mcal/DIO/DIO_Interface.h"
#include <util/delay.h>
void LCD_Enable(void){
    14be:	df 93       	push	r29
    14c0:	cf 93       	push	r28
    14c2:	cd b7       	in	r28, 0x3d	; 61
    14c4:	de b7       	in	r29, 0x3e	; 62
    14c6:	e0 97       	sbiw	r28, 0x30	; 48
    14c8:	0f b6       	in	r0, 0x3f	; 63
    14ca:	f8 94       	cli
    14cc:	de bf       	out	0x3e, r29	; 62
    14ce:	0f be       	out	0x3f, r0	; 63
    14d0:	cd bf       	out	0x3d, r28	; 61
    DIO_WriteValueForPin(EN_Group, EN_Pin, DIO_High);
    14d2:	84 e0       	ldi	r24, 0x04	; 4
    14d4:	62 e0       	ldi	r22, 0x02	; 2
    14d6:	41 e0       	ldi	r20, 0x01	; 1
    14d8:	0e 94 0e 07 	call	0xe1c	; 0xe1c <DIO_WriteValueForPin>
    14dc:	80 e0       	ldi	r24, 0x00	; 0
    14de:	90 e0       	ldi	r25, 0x00	; 0
    14e0:	a8 e4       	ldi	r26, 0x48	; 72
    14e2:	b2 e4       	ldi	r27, 0x42	; 66
    14e4:	8d a7       	std	Y+45, r24	; 0x2d
    14e6:	9e a7       	std	Y+46, r25	; 0x2e
    14e8:	af a7       	std	Y+47, r26	; 0x2f
    14ea:	b8 ab       	std	Y+48, r27	; 0x30
 */
void
_delay_us(double __us)
{
	uint8_t __ticks;
	double __tmp = ((F_CPU) / 3e6) * __us;
    14ec:	6d a5       	ldd	r22, Y+45	; 0x2d
    14ee:	7e a5       	ldd	r23, Y+46	; 0x2e
    14f0:	8f a5       	ldd	r24, Y+47	; 0x2f
    14f2:	98 a9       	ldd	r25, Y+48	; 0x30
    14f4:	2b ea       	ldi	r18, 0xAB	; 171
    14f6:	3a ea       	ldi	r19, 0xAA	; 170
    14f8:	4a e2       	ldi	r20, 0x2A	; 42
    14fa:	50 e4       	ldi	r21, 0x40	; 64
    14fc:	0e 94 1f 02 	call	0x43e	; 0x43e <__mulsf3>
    1500:	dc 01       	movw	r26, r24
    1502:	cb 01       	movw	r24, r22
    1504:	89 a7       	std	Y+41, r24	; 0x29
    1506:	9a a7       	std	Y+42, r25	; 0x2a
    1508:	ab a7       	std	Y+43, r26	; 0x2b
    150a:	bc a7       	std	Y+44, r27	; 0x2c
	if (__tmp < 1.0)
    150c:	69 a5       	ldd	r22, Y+41	; 0x29
    150e:	7a a5       	ldd	r23, Y+42	; 0x2a
    1510:	8b a5       	ldd	r24, Y+43	; 0x2b
    1512:	9c a5       	ldd	r25, Y+44	; 0x2c
    1514:	20 e0       	ldi	r18, 0x00	; 0
    1516:	30 e0       	ldi	r19, 0x00	; 0
    1518:	40 e8       	ldi	r20, 0x80	; 128
    151a:	5f e3       	ldi	r21, 0x3F	; 63
    151c:	0e 94 25 04 	call	0x84a	; 0x84a <__ltsf2>
    1520:	88 23       	and	r24, r24
    1522:	1c f4       	brge	.+6      	; 0x152a <LCD_Enable+0x6c>
		__ticks = 1;
    1524:	81 e0       	ldi	r24, 0x01	; 1
    1526:	88 a7       	std	Y+40, r24	; 0x28
    1528:	91 c0       	rjmp	.+290    	; 0x164c <LCD_Enable+0x18e>
	else if (__tmp > 255)
    152a:	69 a5       	ldd	r22, Y+41	; 0x29
    152c:	7a a5       	ldd	r23, Y+42	; 0x2a
    152e:	8b a5       	ldd	r24, Y+43	; 0x2b
    1530:	9c a5       	ldd	r25, Y+44	; 0x2c
    1532:	20 e0       	ldi	r18, 0x00	; 0
    1534:	30 e0       	ldi	r19, 0x00	; 0
    1536:	4f e7       	ldi	r20, 0x7F	; 127
    1538:	53 e4       	ldi	r21, 0x43	; 67
    153a:	0e 94 c5 03 	call	0x78a	; 0x78a <__gtsf2>
    153e:	18 16       	cp	r1, r24
    1540:	0c f0       	brlt	.+2      	; 0x1544 <LCD_Enable+0x86>
    1542:	7b c0       	rjmp	.+246    	; 0x163a <LCD_Enable+0x17c>
	{
		_delay_ms(__us / 1000.0);
    1544:	6d a5       	ldd	r22, Y+45	; 0x2d
    1546:	7e a5       	ldd	r23, Y+46	; 0x2e
    1548:	8f a5       	ldd	r24, Y+47	; 0x2f
    154a:	98 a9       	ldd	r25, Y+48	; 0x30
    154c:	20 e0       	ldi	r18, 0x00	; 0
    154e:	30 e0       	ldi	r19, 0x00	; 0
    1550:	4a e7       	ldi	r20, 0x7A	; 122
    1552:	54 e4       	ldi	r21, 0x44	; 68
    1554:	0e 94 19 03 	call	0x632	; 0x632 <__divsf3>
    1558:	dc 01       	movw	r26, r24
    155a:	cb 01       	movw	r24, r22
    155c:	8c a3       	std	Y+36, r24	; 0x24
    155e:	9d a3       	std	Y+37, r25	; 0x25
    1560:	ae a3       	std	Y+38, r26	; 0x26
    1562:	bf a3       	std	Y+39, r27	; 0x27
 */
void
_delay_ms(double __ms)
{
	uint16_t __ticks;
	double __tmp = ((F_CPU) / 4e3) * __ms;
    1564:	6c a1       	ldd	r22, Y+36	; 0x24
    1566:	7d a1       	ldd	r23, Y+37	; 0x25
    1568:	8e a1       	ldd	r24, Y+38	; 0x26
    156a:	9f a1       	ldd	r25, Y+39	; 0x27
    156c:	20 e0       	ldi	r18, 0x00	; 0
    156e:	30 e0       	ldi	r19, 0x00	; 0
    1570:	4a ef       	ldi	r20, 0xFA	; 250
    1572:	54 e4       	ldi	r21, 0x44	; 68
    1574:	0e 94 1f 02 	call	0x43e	; 0x43e <__mulsf3>
    1578:	dc 01       	movw	r26, r24
    157a:	cb 01       	movw	r24, r22
    157c:	88 a3       	std	Y+32, r24	; 0x20
    157e:	99 a3       	std	Y+33, r25	; 0x21
    1580:	aa a3       	std	Y+34, r26	; 0x22
    1582:	bb a3       	std	Y+35, r27	; 0x23
	if (__tmp < 1.0)
    1584:	68 a1       	ldd	r22, Y+32	; 0x20
    1586:	79 a1       	ldd	r23, Y+33	; 0x21
    1588:	8a a1       	ldd	r24, Y+34	; 0x22
    158a:	9b a1       	ldd	r25, Y+35	; 0x23
    158c:	20 e0       	ldi	r18, 0x00	; 0
    158e:	30 e0       	ldi	r19, 0x00	; 0
    1590:	40 e8       	ldi	r20, 0x80	; 128
    1592:	5f e3       	ldi	r21, 0x3F	; 63
    1594:	0e 94 25 04 	call	0x84a	; 0x84a <__ltsf2>
    1598:	88 23       	and	r24, r24
    159a:	2c f4       	brge	.+10     	; 0x15a6 <LCD_Enable+0xe8>
		__ticks = 1;
    159c:	81 e0       	ldi	r24, 0x01	; 1
    159e:	90 e0       	ldi	r25, 0x00	; 0
    15a0:	9f 8f       	std	Y+31, r25	; 0x1f
    15a2:	8e 8f       	std	Y+30, r24	; 0x1e
    15a4:	3f c0       	rjmp	.+126    	; 0x1624 <LCD_Enable+0x166>
	else if (__tmp > 65535)
    15a6:	68 a1       	ldd	r22, Y+32	; 0x20
    15a8:	79 a1       	ldd	r23, Y+33	; 0x21
    15aa:	8a a1       	ldd	r24, Y+34	; 0x22
    15ac:	9b a1       	ldd	r25, Y+35	; 0x23
    15ae:	20 e0       	ldi	r18, 0x00	; 0
    15b0:	3f ef       	ldi	r19, 0xFF	; 255
    15b2:	4f e7       	ldi	r20, 0x7F	; 127
    15b4:	57 e4       	ldi	r21, 0x47	; 71
    15b6:	0e 94 c5 03 	call	0x78a	; 0x78a <__gtsf2>
    15ba:	18 16       	cp	r1, r24
    15bc:	4c f5       	brge	.+82     	; 0x1610 <LCD_Enable+0x152>
	{
		//	__ticks = requested delay in 1/10 ms
		__ticks = (uint16_t) (__ms * 10.0);
    15be:	6c a1       	ldd	r22, Y+36	; 0x24
    15c0:	7d a1       	ldd	r23, Y+37	; 0x25
    15c2:	8e a1       	ldd	r24, Y+38	; 0x26
    15c4:	9f a1       	ldd	r25, Y+39	; 0x27
    15c6:	20 e0       	ldi	r18, 0x00	; 0
    15c8:	30 e0       	ldi	r19, 0x00	; 0
    15ca:	40 e2       	ldi	r20, 0x20	; 32
    15cc:	51 e4       	ldi	r21, 0x41	; 65
    15ce:	0e 94 1f 02 	call	0x43e	; 0x43e <__mulsf3>
    15d2:	dc 01       	movw	r26, r24
    15d4:	cb 01       	movw	r24, r22
    15d6:	bc 01       	movw	r22, r24
    15d8:	cd 01       	movw	r24, r26
    15da:	0e 94 49 00 	call	0x92	; 0x92 <__fixunssfsi>
    15de:	dc 01       	movw	r26, r24
    15e0:	cb 01       	movw	r24, r22
    15e2:	9f 8f       	std	Y+31, r25	; 0x1f
    15e4:	8e 8f       	std	Y+30, r24	; 0x1e
    15e6:	0f c0       	rjmp	.+30     	; 0x1606 <LCD_Enable+0x148>
    15e8:	88 ec       	ldi	r24, 0xC8	; 200
    15ea:	90 e0       	ldi	r25, 0x00	; 0
    15ec:	9d 8f       	std	Y+29, r25	; 0x1d
    15ee:	8c 8f       	std	Y+28, r24	; 0x1c
    milliseconds can be achieved.
 */
void
_delay_loop_2(uint16_t __count)
{
	__asm__ volatile (
    15f0:	8c 8d       	ldd	r24, Y+28	; 0x1c
    15f2:	9d 8d       	ldd	r25, Y+29	; 0x1d
    15f4:	01 97       	sbiw	r24, 0x01	; 1
    15f6:	f1 f7       	brne	.-4      	; 0x15f4 <LCD_Enable+0x136>
    15f8:	9d 8f       	std	Y+29, r25	; 0x1d
    15fa:	8c 8f       	std	Y+28, r24	; 0x1c
		while(__ticks)
		{
			// wait 1/10 ms
			_delay_loop_2(((F_CPU) / 4e3) / 10);
			__ticks --;
    15fc:	8e 8d       	ldd	r24, Y+30	; 0x1e
    15fe:	9f 8d       	ldd	r25, Y+31	; 0x1f
    1600:	01 97       	sbiw	r24, 0x01	; 1
    1602:	9f 8f       	std	Y+31, r25	; 0x1f
    1604:	8e 8f       	std	Y+30, r24	; 0x1e
		__ticks = 1;
	else if (__tmp > 65535)
	{
		//	__ticks = requested delay in 1/10 ms
		__ticks = (uint16_t) (__ms * 10.0);
		while(__ticks)
    1606:	8e 8d       	ldd	r24, Y+30	; 0x1e
    1608:	9f 8d       	ldd	r25, Y+31	; 0x1f
    160a:	00 97       	sbiw	r24, 0x00	; 0
    160c:	69 f7       	brne	.-38     	; 0x15e8 <LCD_Enable+0x12a>
    160e:	24 c0       	rjmp	.+72     	; 0x1658 <LCD_Enable+0x19a>
			__ticks --;
		}
		return;
	}
	else
		__ticks = (uint16_t)__tmp;
    1610:	68 a1       	ldd	r22, Y+32	; 0x20
    1612:	79 a1       	ldd	r23, Y+33	; 0x21
    1614:	8a a1       	ldd	r24, Y+34	; 0x22
    1616:	9b a1       	ldd	r25, Y+35	; 0x23
    1618:	0e 94 49 00 	call	0x92	; 0x92 <__fixunssfsi>
    161c:	dc 01       	movw	r26, r24
    161e:	cb 01       	movw	r24, r22
    1620:	9f 8f       	std	Y+31, r25	; 0x1f
    1622:	8e 8f       	std	Y+30, r24	; 0x1e
    1624:	8e 8d       	ldd	r24, Y+30	; 0x1e
    1626:	9f 8d       	ldd	r25, Y+31	; 0x1f
    1628:	9b 8f       	std	Y+27, r25	; 0x1b
    162a:	8a 8f       	std	Y+26, r24	; 0x1a
    162c:	8a 8d       	ldd	r24, Y+26	; 0x1a
    162e:	9b 8d       	ldd	r25, Y+27	; 0x1b
    1630:	01 97       	sbiw	r24, 0x01	; 1
    1632:	f1 f7       	brne	.-4      	; 0x1630 <LCD_Enable+0x172>
    1634:	9b 8f       	std	Y+27, r25	; 0x1b
    1636:	8a 8f       	std	Y+26, r24	; 0x1a
    1638:	0f c0       	rjmp	.+30     	; 0x1658 <LCD_Enable+0x19a>
	{
		_delay_ms(__us / 1000.0);
		return;
	}
	else
		__ticks = (uint8_t)__tmp;
    163a:	69 a5       	ldd	r22, Y+41	; 0x29
    163c:	7a a5       	ldd	r23, Y+42	; 0x2a
    163e:	8b a5       	ldd	r24, Y+43	; 0x2b
    1640:	9c a5       	ldd	r25, Y+44	; 0x2c
    1642:	0e 94 49 00 	call	0x92	; 0x92 <__fixunssfsi>
    1646:	dc 01       	movw	r26, r24
    1648:	cb 01       	movw	r24, r22
    164a:	88 a7       	std	Y+40, r24	; 0x28
    164c:	88 a5       	ldd	r24, Y+40	; 0x28
    164e:	89 8f       	std	Y+25, r24	; 0x19
    can be achieved.
*/
void
_delay_loop_1(uint8_t __count)
{
	__asm__ volatile (
    1650:	89 8d       	ldd	r24, Y+25	; 0x19
    1652:	8a 95       	dec	r24
    1654:	f1 f7       	brne	.-4      	; 0x1652 <LCD_Enable+0x194>
    1656:	89 8f       	std	Y+25, r24	; 0x19
    _delay_us(50);
    DIO_WriteValueForPin(EN_Group, EN_Pin, DIO_Low);
    1658:	84 e0       	ldi	r24, 0x04	; 4
    165a:	62 e0       	ldi	r22, 0x02	; 2
    165c:	40 e0       	ldi	r20, 0x00	; 0
    165e:	0e 94 0e 07 	call	0xe1c	; 0xe1c <DIO_WriteValueForPin>
    1662:	80 e0       	ldi	r24, 0x00	; 0
    1664:	90 e0       	ldi	r25, 0x00	; 0
    1666:	a8 e4       	ldi	r26, 0x48	; 72
    1668:	b2 e4       	ldi	r27, 0x42	; 66
    166a:	8d 8b       	std	Y+21, r24	; 0x15
    166c:	9e 8b       	std	Y+22, r25	; 0x16
    166e:	af 8b       	std	Y+23, r26	; 0x17
    1670:	b8 8f       	std	Y+24, r27	; 0x18
 */
void
_delay_us(double __us)
{
	uint8_t __ticks;
	double __tmp = ((F_CPU) / 3e6) * __us;
    1672:	6d 89       	ldd	r22, Y+21	; 0x15
    1674:	7e 89       	ldd	r23, Y+22	; 0x16
    1676:	8f 89       	ldd	r24, Y+23	; 0x17
    1678:	98 8d       	ldd	r25, Y+24	; 0x18
    167a:	2b ea       	ldi	r18, 0xAB	; 171
    167c:	3a ea       	ldi	r19, 0xAA	; 170
    167e:	4a e2       	ldi	r20, 0x2A	; 42
    1680:	50 e4       	ldi	r21, 0x40	; 64
    1682:	0e 94 1f 02 	call	0x43e	; 0x43e <__mulsf3>
    1686:	dc 01       	movw	r26, r24
    1688:	cb 01       	movw	r24, r22
    168a:	89 8b       	std	Y+17, r24	; 0x11
    168c:	9a 8b       	std	Y+18, r25	; 0x12
    168e:	ab 8b       	std	Y+19, r26	; 0x13
    1690:	bc 8b       	std	Y+20, r27	; 0x14
	if (__tmp < 1.0)
    1692:	69 89       	ldd	r22, Y+17	; 0x11
    1694:	7a 89       	ldd	r23, Y+18	; 0x12
    1696:	8b 89       	ldd	r24, Y+19	; 0x13
    1698:	9c 89       	ldd	r25, Y+20	; 0x14
    169a:	20 e0       	ldi	r18, 0x00	; 0
    169c:	30 e0       	ldi	r19, 0x00	; 0
    169e:	40 e8       	ldi	r20, 0x80	; 128
    16a0:	5f e3       	ldi	r21, 0x3F	; 63
    16a2:	0e 94 25 04 	call	0x84a	; 0x84a <__ltsf2>
    16a6:	88 23       	and	r24, r24
    16a8:	1c f4       	brge	.+6      	; 0x16b0 <LCD_Enable+0x1f2>
		__ticks = 1;
    16aa:	81 e0       	ldi	r24, 0x01	; 1
    16ac:	88 8b       	std	Y+16, r24	; 0x10
    16ae:	91 c0       	rjmp	.+290    	; 0x17d2 <LCD_Enable+0x314>
	else if (__tmp > 255)
    16b0:	69 89       	ldd	r22, Y+17	; 0x11
    16b2:	7a 89       	ldd	r23, Y+18	; 0x12
    16b4:	8b 89       	ldd	r24, Y+19	; 0x13
    16b6:	9c 89       	ldd	r25, Y+20	; 0x14
    16b8:	20 e0       	ldi	r18, 0x00	; 0
    16ba:	30 e0       	ldi	r19, 0x00	; 0
    16bc:	4f e7       	ldi	r20, 0x7F	; 127
    16be:	53 e4       	ldi	r21, 0x43	; 67
    16c0:	0e 94 c5 03 	call	0x78a	; 0x78a <__gtsf2>
    16c4:	18 16       	cp	r1, r24
    16c6:	0c f0       	brlt	.+2      	; 0x16ca <LCD_Enable+0x20c>
    16c8:	7b c0       	rjmp	.+246    	; 0x17c0 <LCD_Enable+0x302>
	{
		_delay_ms(__us / 1000.0);
    16ca:	6d 89       	ldd	r22, Y+21	; 0x15
    16cc:	7e 89       	ldd	r23, Y+22	; 0x16
    16ce:	8f 89       	ldd	r24, Y+23	; 0x17
    16d0:	98 8d       	ldd	r25, Y+24	; 0x18
    16d2:	20 e0       	ldi	r18, 0x00	; 0
    16d4:	30 e0       	ldi	r19, 0x00	; 0
    16d6:	4a e7       	ldi	r20, 0x7A	; 122
    16d8:	54 e4       	ldi	r21, 0x44	; 68
    16da:	0e 94 19 03 	call	0x632	; 0x632 <__divsf3>
    16de:	dc 01       	movw	r26, r24
    16e0:	cb 01       	movw	r24, r22
    16e2:	8c 87       	std	Y+12, r24	; 0x0c
    16e4:	9d 87       	std	Y+13, r25	; 0x0d
    16e6:	ae 87       	std	Y+14, r26	; 0x0e
    16e8:	bf 87       	std	Y+15, r27	; 0x0f
 */
void
_delay_ms(double __ms)
{
	uint16_t __ticks;
	double __tmp = ((F_CPU) / 4e3) * __ms;
    16ea:	6c 85       	ldd	r22, Y+12	; 0x0c
    16ec:	7d 85       	ldd	r23, Y+13	; 0x0d
    16ee:	8e 85       	ldd	r24, Y+14	; 0x0e
    16f0:	9f 85       	ldd	r25, Y+15	; 0x0f
    16f2:	20 e0       	ldi	r18, 0x00	; 0
    16f4:	30 e0       	ldi	r19, 0x00	; 0
    16f6:	4a ef       	ldi	r20, 0xFA	; 250
    16f8:	54 e4       	ldi	r21, 0x44	; 68
    16fa:	0e 94 1f 02 	call	0x43e	; 0x43e <__mulsf3>
    16fe:	dc 01       	movw	r26, r24
    1700:	cb 01       	movw	r24, r22
    1702:	88 87       	std	Y+8, r24	; 0x08
    1704:	99 87       	std	Y+9, r25	; 0x09
    1706:	aa 87       	std	Y+10, r26	; 0x0a
    1708:	bb 87       	std	Y+11, r27	; 0x0b
	if (__tmp < 1.0)
    170a:	68 85       	ldd	r22, Y+8	; 0x08
    170c:	79 85       	ldd	r23, Y+9	; 0x09
    170e:	8a 85       	ldd	r24, Y+10	; 0x0a
    1710:	9b 85       	ldd	r25, Y+11	; 0x0b
    1712:	20 e0       	ldi	r18, 0x00	; 0
    1714:	30 e0       	ldi	r19, 0x00	; 0
    1716:	40 e8       	ldi	r20, 0x80	; 128
    1718:	5f e3       	ldi	r21, 0x3F	; 63
    171a:	0e 94 25 04 	call	0x84a	; 0x84a <__ltsf2>
    171e:	88 23       	and	r24, r24
    1720:	2c f4       	brge	.+10     	; 0x172c <LCD_Enable+0x26e>
		__ticks = 1;
    1722:	81 e0       	ldi	r24, 0x01	; 1
    1724:	90 e0       	ldi	r25, 0x00	; 0
    1726:	9f 83       	std	Y+7, r25	; 0x07
    1728:	8e 83       	std	Y+6, r24	; 0x06
    172a:	3f c0       	rjmp	.+126    	; 0x17aa <LCD_Enable+0x2ec>
	else if (__tmp > 65535)
    172c:	68 85       	ldd	r22, Y+8	; 0x08
    172e:	79 85       	ldd	r23, Y+9	; 0x09
    1730:	8a 85       	ldd	r24, Y+10	; 0x0a
    1732:	9b 85       	ldd	r25, Y+11	; 0x0b
    1734:	20 e0       	ldi	r18, 0x00	; 0
    1736:	3f ef       	ldi	r19, 0xFF	; 255
    1738:	4f e7       	ldi	r20, 0x7F	; 127
    173a:	57 e4       	ldi	r21, 0x47	; 71
    173c:	0e 94 c5 03 	call	0x78a	; 0x78a <__gtsf2>
    1740:	18 16       	cp	r1, r24
    1742:	4c f5       	brge	.+82     	; 0x1796 <LCD_Enable+0x2d8>
	{
		//	__ticks = requested delay in 1/10 ms
		__ticks = (uint16_t) (__ms * 10.0);
    1744:	6c 85       	ldd	r22, Y+12	; 0x0c
    1746:	7d 85       	ldd	r23, Y+13	; 0x0d
    1748:	8e 85       	ldd	r24, Y+14	; 0x0e
    174a:	9f 85       	ldd	r25, Y+15	; 0x0f
    174c:	20 e0       	ldi	r18, 0x00	; 0
    174e:	30 e0       	ldi	r19, 0x00	; 0
    1750:	40 e2       	ldi	r20, 0x20	; 32
    1752:	51 e4       	ldi	r21, 0x41	; 65
    1754:	0e 94 1f 02 	call	0x43e	; 0x43e <__mulsf3>
    1758:	dc 01       	movw	r26, r24
    175a:	cb 01       	movw	r24, r22
    175c:	bc 01       	movw	r22, r24
    175e:	cd 01       	movw	r24, r26
    1760:	0e 94 49 00 	call	0x92	; 0x92 <__fixunssfsi>
    1764:	dc 01       	movw	r26, r24
    1766:	cb 01       	movw	r24, r22
    1768:	9f 83       	std	Y+7, r25	; 0x07
    176a:	8e 83       	std	Y+6, r24	; 0x06
    176c:	0f c0       	rjmp	.+30     	; 0x178c <LCD_Enable+0x2ce>
    176e:	88 ec       	ldi	r24, 0xC8	; 200
    1770:	90 e0       	ldi	r25, 0x00	; 0
    1772:	9d 83       	std	Y+5, r25	; 0x05
    1774:	8c 83       	std	Y+4, r24	; 0x04
    milliseconds can be achieved.
 */
void
_delay_loop_2(uint16_t __count)
{
	__asm__ volatile (
    1776:	8c 81       	ldd	r24, Y+4	; 0x04
    1778:	9d 81       	ldd	r25, Y+5	; 0x05
    177a:	01 97       	sbiw	r24, 0x01	; 1
    177c:	f1 f7       	brne	.-4      	; 0x177a <LCD_Enable+0x2bc>
    177e:	9d 83       	std	Y+5, r25	; 0x05
    1780:	8c 83       	std	Y+4, r24	; 0x04
		while(__ticks)
		{
			// wait 1/10 ms
			_delay_loop_2(((F_CPU) / 4e3) / 10);
			__ticks --;
    1782:	8e 81       	ldd	r24, Y+6	; 0x06
    1784:	9f 81       	ldd	r25, Y+7	; 0x07
    1786:	01 97       	sbiw	r24, 0x01	; 1
    1788:	9f 83       	std	Y+7, r25	; 0x07
    178a:	8e 83       	std	Y+6, r24	; 0x06
		__ticks = 1;
	else if (__tmp > 65535)
	{
		//	__ticks = requested delay in 1/10 ms
		__ticks = (uint16_t) (__ms * 10.0);
		while(__ticks)
    178c:	8e 81       	ldd	r24, Y+6	; 0x06
    178e:	9f 81       	ldd	r25, Y+7	; 0x07
    1790:	00 97       	sbiw	r24, 0x00	; 0
    1792:	69 f7       	brne	.-38     	; 0x176e <LCD_Enable+0x2b0>
    1794:	24 c0       	rjmp	.+72     	; 0x17de <LCD_Enable+0x320>
			__ticks --;
		}
		return;
	}
	else
		__ticks = (uint16_t)__tmp;
    1796:	68 85       	ldd	r22, Y+8	; 0x08
    1798:	79 85       	ldd	r23, Y+9	; 0x09
    179a:	8a 85       	ldd	r24, Y+10	; 0x0a
    179c:	9b 85       	ldd	r25, Y+11	; 0x0b
    179e:	0e 94 49 00 	call	0x92	; 0x92 <__fixunssfsi>
    17a2:	dc 01       	movw	r26, r24
    17a4:	cb 01       	movw	r24, r22
    17a6:	9f 83       	std	Y+7, r25	; 0x07
    17a8:	8e 83       	std	Y+6, r24	; 0x06
    17aa:	8e 81       	ldd	r24, Y+6	; 0x06
    17ac:	9f 81       	ldd	r25, Y+7	; 0x07
    17ae:	9b 83       	std	Y+3, r25	; 0x03
    17b0:	8a 83       	std	Y+2, r24	; 0x02
    17b2:	8a 81       	ldd	r24, Y+2	; 0x02
    17b4:	9b 81       	ldd	r25, Y+3	; 0x03
    17b6:	01 97       	sbiw	r24, 0x01	; 1
    17b8:	f1 f7       	brne	.-4      	; 0x17b6 <LCD_Enable+0x2f8>
    17ba:	9b 83       	std	Y+3, r25	; 0x03
    17bc:	8a 83       	std	Y+2, r24	; 0x02
    17be:	0f c0       	rjmp	.+30     	; 0x17de <LCD_Enable+0x320>
	{
		_delay_ms(__us / 1000.0);
		return;
	}
	else
		__ticks = (uint8_t)__tmp;
    17c0:	69 89       	ldd	r22, Y+17	; 0x11
    17c2:	7a 89       	ldd	r23, Y+18	; 0x12
    17c4:	8b 89       	ldd	r24, Y+19	; 0x13
    17c6:	9c 89       	ldd	r25, Y+20	; 0x14
    17c8:	0e 94 49 00 	call	0x92	; 0x92 <__fixunssfsi>
    17cc:	dc 01       	movw	r26, r24
    17ce:	cb 01       	movw	r24, r22
    17d0:	88 8b       	std	Y+16, r24	; 0x10
    17d2:	88 89       	ldd	r24, Y+16	; 0x10
    17d4:	89 83       	std	Y+1, r24	; 0x01
    can be achieved.
*/
void
_delay_loop_1(uint8_t __count)
{
	__asm__ volatile (
    17d6:	89 81       	ldd	r24, Y+1	; 0x01
    17d8:	8a 95       	dec	r24
    17da:	f1 f7       	brne	.-4      	; 0x17d8 <LCD_Enable+0x31a>
    17dc:	89 83       	std	Y+1, r24	; 0x01
    _delay_us(50);
}
    17de:	e0 96       	adiw	r28, 0x30	; 48
    17e0:	0f b6       	in	r0, 0x3f	; 63
    17e2:	f8 94       	cli
    17e4:	de bf       	out	0x3e, r29	; 62
    17e6:	0f be       	out	0x3f, r0	; 63
    17e8:	cd bf       	out	0x3d, r28	; 61
    17ea:	cf 91       	pop	r28
    17ec:	df 91       	pop	r29
    17ee:	08 95       	ret

000017f0 <LCD_SendInstruction>:
void LCD_SendInstruction(uint8_t Instruction){
    17f0:	df 93       	push	r29
    17f2:	cf 93       	push	r28
    17f4:	0f 92       	push	r0
    17f6:	cd b7       	in	r28, 0x3d	; 61
    17f8:	de b7       	in	r29, 0x3e	; 62
    17fa:	89 83       	std	Y+1, r24	; 0x01
	DIO_WriteValueForPin(RS_Group, RS_Pin, DIO_Low);
    17fc:	84 e0       	ldi	r24, 0x04	; 4
    17fe:	60 e0       	ldi	r22, 0x00	; 0
    1800:	40 e0       	ldi	r20, 0x00	; 0
    1802:	0e 94 0e 07 	call	0xe1c	; 0xe1c <DIO_WriteValueForPin>
	DIO_WriteValueForPin(RW_Group, RW_Pin, DIO_Low);
    1806:	84 e0       	ldi	r24, 0x04	; 4
    1808:	61 e0       	ldi	r22, 0x01	; 1
    180a:	40 e0       	ldi	r20, 0x00	; 0
    180c:	0e 94 0e 07 	call	0xe1c	; 0xe1c <DIO_WriteValueForPin>
	//commend
	DIO_WriteValueForAll(LCD_DataPins_Group,Instruction);
    1810:	83 e0       	ldi	r24, 0x03	; 3
    1812:	69 81       	ldd	r22, Y+1	; 0x01
    1814:	0e 94 8b 07 	call	0xf16	; 0xf16 <DIO_WriteValueForAll>
	LCD_Enable();
    1818:	0e 94 5f 0a 	call	0x14be	; 0x14be <LCD_Enable>
}
    181c:	0f 90       	pop	r0
    181e:	cf 91       	pop	r28
    1820:	df 91       	pop	r29
    1822:	08 95       	ret

00001824 <LCD_PrintData>:
void LCD_PrintData(uint8_t Character){
    1824:	df 93       	push	r29
    1826:	cf 93       	push	r28
    1828:	0f 92       	push	r0
    182a:	cd b7       	in	r28, 0x3d	; 61
    182c:	de b7       	in	r29, 0x3e	; 62
    182e:	89 83       	std	Y+1, r24	; 0x01
	DIO_WriteValueForPin(RS_Group, RS_Pin, DIO_High);
    1830:	84 e0       	ldi	r24, 0x04	; 4
    1832:	60 e0       	ldi	r22, 0x00	; 0
    1834:	41 e0       	ldi	r20, 0x01	; 1
    1836:	0e 94 0e 07 	call	0xe1c	; 0xe1c <DIO_WriteValueForPin>
	DIO_WriteValueForPin(RW_Group, RW_Pin, DIO_Low);
    183a:	84 e0       	ldi	r24, 0x04	; 4
    183c:	61 e0       	ldi	r22, 0x01	; 1
    183e:	40 e0       	ldi	r20, 0x00	; 0
    1840:	0e 94 0e 07 	call	0xe1c	; 0xe1c <DIO_WriteValueForPin>
	DIO_WriteValueForAll(LCD_DataPins_Group,Character);
    1844:	83 e0       	ldi	r24, 0x03	; 3
    1846:	69 81       	ldd	r22, Y+1	; 0x01
    1848:	0e 94 8b 07 	call	0xf16	; 0xf16 <DIO_WriteValueForAll>
	LCD_Enable();
    184c:	0e 94 5f 0a 	call	0x14be	; 0x14be <LCD_Enable>
}
    1850:	0f 90       	pop	r0
    1852:	cf 91       	pop	r28
    1854:	df 91       	pop	r29
    1856:	08 95       	ret

00001858 <LCD_Init>:
void LCD_Init(){
    1858:	df 93       	push	r29
    185a:	cf 93       	push	r28
    185c:	cd b7       	in	r28, 0x3d	; 61
    185e:	de b7       	in	r29, 0x3e	; 62
    1860:	e8 97       	sbiw	r28, 0x38	; 56
    1862:	0f b6       	in	r0, 0x3f	; 63
    1864:	f8 94       	cli
    1866:	de bf       	out	0x3e, r29	; 62
    1868:	0f be       	out	0x3f, r0	; 63
    186a:	cd bf       	out	0x3d, r28	; 61
#if Mode_8Bit==1
		DIO_SelectDirectionForAll(LCD_DataPins_Group,DIO_Output);
    186c:	83 e0       	ldi	r24, 0x03	; 3
    186e:	61 e0       	ldi	r22, 0x01	; 1
    1870:	0e 94 cc 06 	call	0xd98	; 0xd98 <DIO_SelectDirectionForAll>
	    DIO_SelectDirectionForPin(RS_Group, RS_Pin, DIO_Output);
    1874:	84 e0       	ldi	r24, 0x04	; 4
    1876:	60 e0       	ldi	r22, 0x00	; 0
    1878:	41 e0       	ldi	r20, 0x01	; 1
    187a:	0e 94 4f 06 	call	0xc9e	; 0xc9e <DIO_SelectDirectionForPin>
	    DIO_SelectDirectionForPin(RW_Group, RW_Pin, DIO_Output);
    187e:	84 e0       	ldi	r24, 0x04	; 4
    1880:	61 e0       	ldi	r22, 0x01	; 1
    1882:	41 e0       	ldi	r20, 0x01	; 1
    1884:	0e 94 4f 06 	call	0xc9e	; 0xc9e <DIO_SelectDirectionForPin>
	    DIO_SelectDirectionForPin(EN_Group, EN_Pin, DIO_Output);
    1888:	84 e0       	ldi	r24, 0x04	; 4
    188a:	62 e0       	ldi	r22, 0x02	; 2
    188c:	41 e0       	ldi	r20, 0x01	; 1
    188e:	0e 94 4f 06 	call	0xc9e	; 0xc9e <DIO_SelectDirectionForPin>
    1892:	80 e0       	ldi	r24, 0x00	; 0
    1894:	90 e0       	ldi	r25, 0x00	; 0
    1896:	a0 ef       	ldi	r26, 0xF0	; 240
    1898:	b1 e4       	ldi	r27, 0x41	; 65
    189a:	8d ab       	std	Y+53, r24	; 0x35
    189c:	9e ab       	std	Y+54, r25	; 0x36
    189e:	af ab       	std	Y+55, r26	; 0x37
    18a0:	b8 af       	std	Y+56, r27	; 0x38
 */
void
_delay_ms(double __ms)
{
	uint16_t __ticks;
	double __tmp = ((F_CPU) / 4e3) * __ms;
    18a2:	6d a9       	ldd	r22, Y+53	; 0x35
    18a4:	7e a9       	ldd	r23, Y+54	; 0x36
    18a6:	8f a9       	ldd	r24, Y+55	; 0x37
    18a8:	98 ad       	ldd	r25, Y+56	; 0x38
    18aa:	20 e0       	ldi	r18, 0x00	; 0
    18ac:	30 e0       	ldi	r19, 0x00	; 0
    18ae:	4a ef       	ldi	r20, 0xFA	; 250
    18b0:	54 e4       	ldi	r21, 0x44	; 68
    18b2:	0e 94 1f 02 	call	0x43e	; 0x43e <__mulsf3>
    18b6:	dc 01       	movw	r26, r24
    18b8:	cb 01       	movw	r24, r22
    18ba:	89 ab       	std	Y+49, r24	; 0x31
    18bc:	9a ab       	std	Y+50, r25	; 0x32
    18be:	ab ab       	std	Y+51, r26	; 0x33
    18c0:	bc ab       	std	Y+52, r27	; 0x34
	if (__tmp < 1.0)
    18c2:	69 a9       	ldd	r22, Y+49	; 0x31
    18c4:	7a a9       	ldd	r23, Y+50	; 0x32
    18c6:	8b a9       	ldd	r24, Y+51	; 0x33
    18c8:	9c a9       	ldd	r25, Y+52	; 0x34
    18ca:	20 e0       	ldi	r18, 0x00	; 0
    18cc:	30 e0       	ldi	r19, 0x00	; 0
    18ce:	40 e8       	ldi	r20, 0x80	; 128
    18d0:	5f e3       	ldi	r21, 0x3F	; 63
    18d2:	0e 94 25 04 	call	0x84a	; 0x84a <__ltsf2>
    18d6:	88 23       	and	r24, r24
    18d8:	2c f4       	brge	.+10     	; 0x18e4 <LCD_Init+0x8c>
		__ticks = 1;
    18da:	81 e0       	ldi	r24, 0x01	; 1
    18dc:	90 e0       	ldi	r25, 0x00	; 0
    18de:	98 ab       	std	Y+48, r25	; 0x30
    18e0:	8f a7       	std	Y+47, r24	; 0x2f
    18e2:	3f c0       	rjmp	.+126    	; 0x1962 <LCD_Init+0x10a>
	else if (__tmp > 65535)
    18e4:	69 a9       	ldd	r22, Y+49	; 0x31
    18e6:	7a a9       	ldd	r23, Y+50	; 0x32
    18e8:	8b a9       	ldd	r24, Y+51	; 0x33
    18ea:	9c a9       	ldd	r25, Y+52	; 0x34
    18ec:	20 e0       	ldi	r18, 0x00	; 0
    18ee:	3f ef       	ldi	r19, 0xFF	; 255
    18f0:	4f e7       	ldi	r20, 0x7F	; 127
    18f2:	57 e4       	ldi	r21, 0x47	; 71
    18f4:	0e 94 c5 03 	call	0x78a	; 0x78a <__gtsf2>
    18f8:	18 16       	cp	r1, r24
    18fa:	4c f5       	brge	.+82     	; 0x194e <LCD_Init+0xf6>
	{
		//	__ticks = requested delay in 1/10 ms
		__ticks = (uint16_t) (__ms * 10.0);
    18fc:	6d a9       	ldd	r22, Y+53	; 0x35
    18fe:	7e a9       	ldd	r23, Y+54	; 0x36
    1900:	8f a9       	ldd	r24, Y+55	; 0x37
    1902:	98 ad       	ldd	r25, Y+56	; 0x38
    1904:	20 e0       	ldi	r18, 0x00	; 0
    1906:	30 e0       	ldi	r19, 0x00	; 0
    1908:	40 e2       	ldi	r20, 0x20	; 32
    190a:	51 e4       	ldi	r21, 0x41	; 65
    190c:	0e 94 1f 02 	call	0x43e	; 0x43e <__mulsf3>
    1910:	dc 01       	movw	r26, r24
    1912:	cb 01       	movw	r24, r22
    1914:	bc 01       	movw	r22, r24
    1916:	cd 01       	movw	r24, r26
    1918:	0e 94 49 00 	call	0x92	; 0x92 <__fixunssfsi>
    191c:	dc 01       	movw	r26, r24
    191e:	cb 01       	movw	r24, r22
    1920:	98 ab       	std	Y+48, r25	; 0x30
    1922:	8f a7       	std	Y+47, r24	; 0x2f
    1924:	0f c0       	rjmp	.+30     	; 0x1944 <LCD_Init+0xec>
    1926:	88 ec       	ldi	r24, 0xC8	; 200
    1928:	90 e0       	ldi	r25, 0x00	; 0
    192a:	9e a7       	std	Y+46, r25	; 0x2e
    192c:	8d a7       	std	Y+45, r24	; 0x2d
    milliseconds can be achieved.
 */
void
_delay_loop_2(uint16_t __count)
{
	__asm__ volatile (
    192e:	8d a5       	ldd	r24, Y+45	; 0x2d
    1930:	9e a5       	ldd	r25, Y+46	; 0x2e
    1932:	01 97       	sbiw	r24, 0x01	; 1
    1934:	f1 f7       	brne	.-4      	; 0x1932 <LCD_Init+0xda>
    1936:	9e a7       	std	Y+46, r25	; 0x2e
    1938:	8d a7       	std	Y+45, r24	; 0x2d
		while(__ticks)
		{
			// wait 1/10 ms
			_delay_loop_2(((F_CPU) / 4e3) / 10);
			__ticks --;
    193a:	8f a5       	ldd	r24, Y+47	; 0x2f
    193c:	98 a9       	ldd	r25, Y+48	; 0x30
    193e:	01 97       	sbiw	r24, 0x01	; 1
    1940:	98 ab       	std	Y+48, r25	; 0x30
    1942:	8f a7       	std	Y+47, r24	; 0x2f
		__ticks = 1;
	else if (__tmp > 65535)
	{
		//	__ticks = requested delay in 1/10 ms
		__ticks = (uint16_t) (__ms * 10.0);
		while(__ticks)
    1944:	8f a5       	ldd	r24, Y+47	; 0x2f
    1946:	98 a9       	ldd	r25, Y+48	; 0x30
    1948:	00 97       	sbiw	r24, 0x00	; 0
    194a:	69 f7       	brne	.-38     	; 0x1926 <LCD_Init+0xce>
    194c:	14 c0       	rjmp	.+40     	; 0x1976 <LCD_Init+0x11e>
			__ticks --;
		}
		return;
	}
	else
		__ticks = (uint16_t)__tmp;
    194e:	69 a9       	ldd	r22, Y+49	; 0x31
    1950:	7a a9       	ldd	r23, Y+50	; 0x32
    1952:	8b a9       	ldd	r24, Y+51	; 0x33
    1954:	9c a9       	ldd	r25, Y+52	; 0x34
    1956:	0e 94 49 00 	call	0x92	; 0x92 <__fixunssfsi>
    195a:	dc 01       	movw	r26, r24
    195c:	cb 01       	movw	r24, r22
    195e:	98 ab       	std	Y+48, r25	; 0x30
    1960:	8f a7       	std	Y+47, r24	; 0x2f
    1962:	8f a5       	ldd	r24, Y+47	; 0x2f
    1964:	98 a9       	ldd	r25, Y+48	; 0x30
    1966:	9c a7       	std	Y+44, r25	; 0x2c
    1968:	8b a7       	std	Y+43, r24	; 0x2b
    196a:	8b a5       	ldd	r24, Y+43	; 0x2b
    196c:	9c a5       	ldd	r25, Y+44	; 0x2c
    196e:	01 97       	sbiw	r24, 0x01	; 1
    1970:	f1 f7       	brne	.-4      	; 0x196e <LCD_Init+0x116>
    1972:	9c a7       	std	Y+44, r25	; 0x2c
    1974:	8b a7       	std	Y+43, r24	; 0x2b

	 _delay_ms(30);


	 DIO_WriteValueForPin(RW_Group, RW_Pin, DIO_Low);
    1976:	84 e0       	ldi	r24, 0x04	; 4
    1978:	61 e0       	ldi	r22, 0x01	; 1
    197a:	40 e0       	ldi	r20, 0x00	; 0
    197c:	0e 94 0e 07 	call	0xe1c	; 0xe1c <DIO_WriteValueForPin>
	 LCD_SendInstruction(Function_Set);
    1980:	88 e3       	ldi	r24, 0x38	; 56
    1982:	0e 94 f8 0b 	call	0x17f0	; 0x17f0 <LCD_SendInstruction>
    1986:	80 e0       	ldi	r24, 0x00	; 0
    1988:	90 e0       	ldi	r25, 0x00	; 0
    198a:	a0 e8       	ldi	r26, 0x80	; 128
    198c:	bf e3       	ldi	r27, 0x3F	; 63
    198e:	8f a3       	std	Y+39, r24	; 0x27
    1990:	98 a7       	std	Y+40, r25	; 0x28
    1992:	a9 a7       	std	Y+41, r26	; 0x29
    1994:	ba a7       	std	Y+42, r27	; 0x2a
 */
void
_delay_ms(double __ms)
{
	uint16_t __ticks;
	double __tmp = ((F_CPU) / 4e3) * __ms;
    1996:	6f a1       	ldd	r22, Y+39	; 0x27
    1998:	78 a5       	ldd	r23, Y+40	; 0x28
    199a:	89 a5       	ldd	r24, Y+41	; 0x29
    199c:	9a a5       	ldd	r25, Y+42	; 0x2a
    199e:	20 e0       	ldi	r18, 0x00	; 0
    19a0:	30 e0       	ldi	r19, 0x00	; 0
    19a2:	4a ef       	ldi	r20, 0xFA	; 250
    19a4:	54 e4       	ldi	r21, 0x44	; 68
    19a6:	0e 94 1f 02 	call	0x43e	; 0x43e <__mulsf3>
    19aa:	dc 01       	movw	r26, r24
    19ac:	cb 01       	movw	r24, r22
    19ae:	8b a3       	std	Y+35, r24	; 0x23
    19b0:	9c a3       	std	Y+36, r25	; 0x24
    19b2:	ad a3       	std	Y+37, r26	; 0x25
    19b4:	be a3       	std	Y+38, r27	; 0x26
	if (__tmp < 1.0)
    19b6:	6b a1       	ldd	r22, Y+35	; 0x23
    19b8:	7c a1       	ldd	r23, Y+36	; 0x24
    19ba:	8d a1       	ldd	r24, Y+37	; 0x25
    19bc:	9e a1       	ldd	r25, Y+38	; 0x26
    19be:	20 e0       	ldi	r18, 0x00	; 0
    19c0:	30 e0       	ldi	r19, 0x00	; 0
    19c2:	40 e8       	ldi	r20, 0x80	; 128
    19c4:	5f e3       	ldi	r21, 0x3F	; 63
    19c6:	0e 94 25 04 	call	0x84a	; 0x84a <__ltsf2>
    19ca:	88 23       	and	r24, r24
    19cc:	2c f4       	brge	.+10     	; 0x19d8 <LCD_Init+0x180>
		__ticks = 1;
    19ce:	81 e0       	ldi	r24, 0x01	; 1
    19d0:	90 e0       	ldi	r25, 0x00	; 0
    19d2:	9a a3       	std	Y+34, r25	; 0x22
    19d4:	89 a3       	std	Y+33, r24	; 0x21
    19d6:	3f c0       	rjmp	.+126    	; 0x1a56 <LCD_Init+0x1fe>
	else if (__tmp > 65535)
    19d8:	6b a1       	ldd	r22, Y+35	; 0x23
    19da:	7c a1       	ldd	r23, Y+36	; 0x24
    19dc:	8d a1       	ldd	r24, Y+37	; 0x25
    19de:	9e a1       	ldd	r25, Y+38	; 0x26
    19e0:	20 e0       	ldi	r18, 0x00	; 0
    19e2:	3f ef       	ldi	r19, 0xFF	; 255
    19e4:	4f e7       	ldi	r20, 0x7F	; 127
    19e6:	57 e4       	ldi	r21, 0x47	; 71
    19e8:	0e 94 c5 03 	call	0x78a	; 0x78a <__gtsf2>
    19ec:	18 16       	cp	r1, r24
    19ee:	4c f5       	brge	.+82     	; 0x1a42 <LCD_Init+0x1ea>
	{
		//	__ticks = requested delay in 1/10 ms
		__ticks = (uint16_t) (__ms * 10.0);
    19f0:	6f a1       	ldd	r22, Y+39	; 0x27
    19f2:	78 a5       	ldd	r23, Y+40	; 0x28
    19f4:	89 a5       	ldd	r24, Y+41	; 0x29
    19f6:	9a a5       	ldd	r25, Y+42	; 0x2a
    19f8:	20 e0       	ldi	r18, 0x00	; 0
    19fa:	30 e0       	ldi	r19, 0x00	; 0
    19fc:	40 e2       	ldi	r20, 0x20	; 32
    19fe:	51 e4       	ldi	r21, 0x41	; 65
    1a00:	0e 94 1f 02 	call	0x43e	; 0x43e <__mulsf3>
    1a04:	dc 01       	movw	r26, r24
    1a06:	cb 01       	movw	r24, r22
    1a08:	bc 01       	movw	r22, r24
    1a0a:	cd 01       	movw	r24, r26
    1a0c:	0e 94 49 00 	call	0x92	; 0x92 <__fixunssfsi>
    1a10:	dc 01       	movw	r26, r24
    1a12:	cb 01       	movw	r24, r22
    1a14:	9a a3       	std	Y+34, r25	; 0x22
    1a16:	89 a3       	std	Y+33, r24	; 0x21
    1a18:	0f c0       	rjmp	.+30     	; 0x1a38 <LCD_Init+0x1e0>
    1a1a:	88 ec       	ldi	r24, 0xC8	; 200
    1a1c:	90 e0       	ldi	r25, 0x00	; 0
    1a1e:	98 a3       	std	Y+32, r25	; 0x20
    1a20:	8f 8f       	std	Y+31, r24	; 0x1f
    1a22:	8f 8d       	ldd	r24, Y+31	; 0x1f
    1a24:	98 a1       	ldd	r25, Y+32	; 0x20
    1a26:	01 97       	sbiw	r24, 0x01	; 1
    1a28:	f1 f7       	brne	.-4      	; 0x1a26 <LCD_Init+0x1ce>
    1a2a:	98 a3       	std	Y+32, r25	; 0x20
    1a2c:	8f 8f       	std	Y+31, r24	; 0x1f
		while(__ticks)
		{
			// wait 1/10 ms
			_delay_loop_2(((F_CPU) / 4e3) / 10);
			__ticks --;
    1a2e:	89 a1       	ldd	r24, Y+33	; 0x21
    1a30:	9a a1       	ldd	r25, Y+34	; 0x22
    1a32:	01 97       	sbiw	r24, 0x01	; 1
    1a34:	9a a3       	std	Y+34, r25	; 0x22
    1a36:	89 a3       	std	Y+33, r24	; 0x21
		__ticks = 1;
	else if (__tmp > 65535)
	{
		//	__ticks = requested delay in 1/10 ms
		__ticks = (uint16_t) (__ms * 10.0);
		while(__ticks)
    1a38:	89 a1       	ldd	r24, Y+33	; 0x21
    1a3a:	9a a1       	ldd	r25, Y+34	; 0x22
    1a3c:	00 97       	sbiw	r24, 0x00	; 0
    1a3e:	69 f7       	brne	.-38     	; 0x1a1a <LCD_Init+0x1c2>
    1a40:	14 c0       	rjmp	.+40     	; 0x1a6a <LCD_Init+0x212>
			__ticks --;
		}
		return;
	}
	else
		__ticks = (uint16_t)__tmp;
    1a42:	6b a1       	ldd	r22, Y+35	; 0x23
    1a44:	7c a1       	ldd	r23, Y+36	; 0x24
    1a46:	8d a1       	ldd	r24, Y+37	; 0x25
    1a48:	9e a1       	ldd	r25, Y+38	; 0x26
    1a4a:	0e 94 49 00 	call	0x92	; 0x92 <__fixunssfsi>
    1a4e:	dc 01       	movw	r26, r24
    1a50:	cb 01       	movw	r24, r22
    1a52:	9a a3       	std	Y+34, r25	; 0x22
    1a54:	89 a3       	std	Y+33, r24	; 0x21
    1a56:	89 a1       	ldd	r24, Y+33	; 0x21
    1a58:	9a a1       	ldd	r25, Y+34	; 0x22
    1a5a:	9e 8f       	std	Y+30, r25	; 0x1e
    1a5c:	8d 8f       	std	Y+29, r24	; 0x1d
    1a5e:	8d 8d       	ldd	r24, Y+29	; 0x1d
    1a60:	9e 8d       	ldd	r25, Y+30	; 0x1e
    1a62:	01 97       	sbiw	r24, 0x01	; 1
    1a64:	f1 f7       	brne	.-4      	; 0x1a62 <LCD_Init+0x20a>
    1a66:	9e 8f       	std	Y+30, r25	; 0x1e
    1a68:	8d 8f       	std	Y+29, r24	; 0x1d
	 _delay_ms(1);
	 LCD_SendInstruction(Function_DisplayOnOff);
    1a6a:	8c e0       	ldi	r24, 0x0C	; 12
    1a6c:	0e 94 f8 0b 	call	0x17f0	; 0x17f0 <LCD_SendInstruction>
    1a70:	80 e0       	ldi	r24, 0x00	; 0
    1a72:	90 e0       	ldi	r25, 0x00	; 0
    1a74:	a0 e8       	ldi	r26, 0x80	; 128
    1a76:	bf e3       	ldi	r27, 0x3F	; 63
    1a78:	89 8f       	std	Y+25, r24	; 0x19
    1a7a:	9a 8f       	std	Y+26, r25	; 0x1a
    1a7c:	ab 8f       	std	Y+27, r26	; 0x1b
    1a7e:	bc 8f       	std	Y+28, r27	; 0x1c
 */
void
_delay_ms(double __ms)
{
	uint16_t __ticks;
	double __tmp = ((F_CPU) / 4e3) * __ms;
    1a80:	69 8d       	ldd	r22, Y+25	; 0x19
    1a82:	7a 8d       	ldd	r23, Y+26	; 0x1a
    1a84:	8b 8d       	ldd	r24, Y+27	; 0x1b
    1a86:	9c 8d       	ldd	r25, Y+28	; 0x1c
    1a88:	20 e0       	ldi	r18, 0x00	; 0
    1a8a:	30 e0       	ldi	r19, 0x00	; 0
    1a8c:	4a ef       	ldi	r20, 0xFA	; 250
    1a8e:	54 e4       	ldi	r21, 0x44	; 68
    1a90:	0e 94 1f 02 	call	0x43e	; 0x43e <__mulsf3>
    1a94:	dc 01       	movw	r26, r24
    1a96:	cb 01       	movw	r24, r22
    1a98:	8d 8b       	std	Y+21, r24	; 0x15
    1a9a:	9e 8b       	std	Y+22, r25	; 0x16
    1a9c:	af 8b       	std	Y+23, r26	; 0x17
    1a9e:	b8 8f       	std	Y+24, r27	; 0x18
	if (__tmp < 1.0)
    1aa0:	6d 89       	ldd	r22, Y+21	; 0x15
    1aa2:	7e 89       	ldd	r23, Y+22	; 0x16
    1aa4:	8f 89       	ldd	r24, Y+23	; 0x17
    1aa6:	98 8d       	ldd	r25, Y+24	; 0x18
    1aa8:	20 e0       	ldi	r18, 0x00	; 0
    1aaa:	30 e0       	ldi	r19, 0x00	; 0
    1aac:	40 e8       	ldi	r20, 0x80	; 128
    1aae:	5f e3       	ldi	r21, 0x3F	; 63
    1ab0:	0e 94 25 04 	call	0x84a	; 0x84a <__ltsf2>
    1ab4:	88 23       	and	r24, r24
    1ab6:	2c f4       	brge	.+10     	; 0x1ac2 <LCD_Init+0x26a>
		__ticks = 1;
    1ab8:	81 e0       	ldi	r24, 0x01	; 1
    1aba:	90 e0       	ldi	r25, 0x00	; 0
    1abc:	9c 8b       	std	Y+20, r25	; 0x14
    1abe:	8b 8b       	std	Y+19, r24	; 0x13
    1ac0:	3f c0       	rjmp	.+126    	; 0x1b40 <LCD_Init+0x2e8>
	else if (__tmp > 65535)
    1ac2:	6d 89       	ldd	r22, Y+21	; 0x15
    1ac4:	7e 89       	ldd	r23, Y+22	; 0x16
    1ac6:	8f 89       	ldd	r24, Y+23	; 0x17
    1ac8:	98 8d       	ldd	r25, Y+24	; 0x18
    1aca:	20 e0       	ldi	r18, 0x00	; 0
    1acc:	3f ef       	ldi	r19, 0xFF	; 255
    1ace:	4f e7       	ldi	r20, 0x7F	; 127
    1ad0:	57 e4       	ldi	r21, 0x47	; 71
    1ad2:	0e 94 c5 03 	call	0x78a	; 0x78a <__gtsf2>
    1ad6:	18 16       	cp	r1, r24
    1ad8:	4c f5       	brge	.+82     	; 0x1b2c <LCD_Init+0x2d4>
	{
		//	__ticks = requested delay in 1/10 ms
		__ticks = (uint16_t) (__ms * 10.0);
    1ada:	69 8d       	ldd	r22, Y+25	; 0x19
    1adc:	7a 8d       	ldd	r23, Y+26	; 0x1a
    1ade:	8b 8d       	ldd	r24, Y+27	; 0x1b
    1ae0:	9c 8d       	ldd	r25, Y+28	; 0x1c
    1ae2:	20 e0       	ldi	r18, 0x00	; 0
    1ae4:	30 e0       	ldi	r19, 0x00	; 0
    1ae6:	40 e2       	ldi	r20, 0x20	; 32
    1ae8:	51 e4       	ldi	r21, 0x41	; 65
    1aea:	0e 94 1f 02 	call	0x43e	; 0x43e <__mulsf3>
    1aee:	dc 01       	movw	r26, r24
    1af0:	cb 01       	movw	r24, r22
    1af2:	bc 01       	movw	r22, r24
    1af4:	cd 01       	movw	r24, r26
    1af6:	0e 94 49 00 	call	0x92	; 0x92 <__fixunssfsi>
    1afa:	dc 01       	movw	r26, r24
    1afc:	cb 01       	movw	r24, r22
    1afe:	9c 8b       	std	Y+20, r25	; 0x14
    1b00:	8b 8b       	std	Y+19, r24	; 0x13
    1b02:	0f c0       	rjmp	.+30     	; 0x1b22 <LCD_Init+0x2ca>
    1b04:	88 ec       	ldi	r24, 0xC8	; 200
    1b06:	90 e0       	ldi	r25, 0x00	; 0
    1b08:	9a 8b       	std	Y+18, r25	; 0x12
    1b0a:	89 8b       	std	Y+17, r24	; 0x11
    1b0c:	89 89       	ldd	r24, Y+17	; 0x11
    1b0e:	9a 89       	ldd	r25, Y+18	; 0x12
    1b10:	01 97       	sbiw	r24, 0x01	; 1
    1b12:	f1 f7       	brne	.-4      	; 0x1b10 <LCD_Init+0x2b8>
    1b14:	9a 8b       	std	Y+18, r25	; 0x12
    1b16:	89 8b       	std	Y+17, r24	; 0x11
		while(__ticks)
		{
			// wait 1/10 ms
			_delay_loop_2(((F_CPU) / 4e3) / 10);
			__ticks --;
    1b18:	8b 89       	ldd	r24, Y+19	; 0x13
    1b1a:	9c 89       	ldd	r25, Y+20	; 0x14
    1b1c:	01 97       	sbiw	r24, 0x01	; 1
    1b1e:	9c 8b       	std	Y+20, r25	; 0x14
    1b20:	8b 8b       	std	Y+19, r24	; 0x13
		__ticks = 1;
	else if (__tmp > 65535)
	{
		//	__ticks = requested delay in 1/10 ms
		__ticks = (uint16_t) (__ms * 10.0);
		while(__ticks)
    1b22:	8b 89       	ldd	r24, Y+19	; 0x13
    1b24:	9c 89       	ldd	r25, Y+20	; 0x14
    1b26:	00 97       	sbiw	r24, 0x00	; 0
    1b28:	69 f7       	brne	.-38     	; 0x1b04 <LCD_Init+0x2ac>
    1b2a:	14 c0       	rjmp	.+40     	; 0x1b54 <LCD_Init+0x2fc>
			__ticks --;
		}
		return;
	}
	else
		__ticks = (uint16_t)__tmp;
    1b2c:	6d 89       	ldd	r22, Y+21	; 0x15
    1b2e:	7e 89       	ldd	r23, Y+22	; 0x16
    1b30:	8f 89       	ldd	r24, Y+23	; 0x17
    1b32:	98 8d       	ldd	r25, Y+24	; 0x18
    1b34:	0e 94 49 00 	call	0x92	; 0x92 <__fixunssfsi>
    1b38:	dc 01       	movw	r26, r24
    1b3a:	cb 01       	movw	r24, r22
    1b3c:	9c 8b       	std	Y+20, r25	; 0x14
    1b3e:	8b 8b       	std	Y+19, r24	; 0x13
    1b40:	8b 89       	ldd	r24, Y+19	; 0x13
    1b42:	9c 89       	ldd	r25, Y+20	; 0x14
    1b44:	98 8b       	std	Y+16, r25	; 0x10
    1b46:	8f 87       	std	Y+15, r24	; 0x0f
    1b48:	8f 85       	ldd	r24, Y+15	; 0x0f
    1b4a:	98 89       	ldd	r25, Y+16	; 0x10
    1b4c:	01 97       	sbiw	r24, 0x01	; 1
    1b4e:	f1 f7       	brne	.-4      	; 0x1b4c <LCD_Init+0x2f4>
    1b50:	98 8b       	std	Y+16, r25	; 0x10
    1b52:	8f 87       	std	Y+15, r24	; 0x0f
	 _delay_ms(1);
	 LCD_SendInstruction(Function_DisplayClear);
    1b54:	81 e0       	ldi	r24, 0x01	; 1
    1b56:	0e 94 f8 0b 	call	0x17f0	; 0x17f0 <LCD_SendInstruction>
    1b5a:	80 e0       	ldi	r24, 0x00	; 0
    1b5c:	90 e0       	ldi	r25, 0x00	; 0
    1b5e:	a0 e0       	ldi	r26, 0x00	; 0
    1b60:	b0 e4       	ldi	r27, 0x40	; 64
    1b62:	8b 87       	std	Y+11, r24	; 0x0b
    1b64:	9c 87       	std	Y+12, r25	; 0x0c
    1b66:	ad 87       	std	Y+13, r26	; 0x0d
    1b68:	be 87       	std	Y+14, r27	; 0x0e
 */
void
_delay_ms(double __ms)
{
	uint16_t __ticks;
	double __tmp = ((F_CPU) / 4e3) * __ms;
    1b6a:	6b 85       	ldd	r22, Y+11	; 0x0b
    1b6c:	7c 85       	ldd	r23, Y+12	; 0x0c
    1b6e:	8d 85       	ldd	r24, Y+13	; 0x0d
    1b70:	9e 85       	ldd	r25, Y+14	; 0x0e
    1b72:	20 e0       	ldi	r18, 0x00	; 0
    1b74:	30 e0       	ldi	r19, 0x00	; 0
    1b76:	4a ef       	ldi	r20, 0xFA	; 250
    1b78:	54 e4       	ldi	r21, 0x44	; 68
    1b7a:	0e 94 1f 02 	call	0x43e	; 0x43e <__mulsf3>
    1b7e:	dc 01       	movw	r26, r24
    1b80:	cb 01       	movw	r24, r22
    1b82:	8f 83       	std	Y+7, r24	; 0x07
    1b84:	98 87       	std	Y+8, r25	; 0x08
    1b86:	a9 87       	std	Y+9, r26	; 0x09
    1b88:	ba 87       	std	Y+10, r27	; 0x0a
	if (__tmp < 1.0)
    1b8a:	6f 81       	ldd	r22, Y+7	; 0x07
    1b8c:	78 85       	ldd	r23, Y+8	; 0x08
    1b8e:	89 85       	ldd	r24, Y+9	; 0x09
    1b90:	9a 85       	ldd	r25, Y+10	; 0x0a
    1b92:	20 e0       	ldi	r18, 0x00	; 0
    1b94:	30 e0       	ldi	r19, 0x00	; 0
    1b96:	40 e8       	ldi	r20, 0x80	; 128
    1b98:	5f e3       	ldi	r21, 0x3F	; 63
    1b9a:	0e 94 25 04 	call	0x84a	; 0x84a <__ltsf2>
    1b9e:	88 23       	and	r24, r24
    1ba0:	2c f4       	brge	.+10     	; 0x1bac <LCD_Init+0x354>
		__ticks = 1;
    1ba2:	81 e0       	ldi	r24, 0x01	; 1
    1ba4:	90 e0       	ldi	r25, 0x00	; 0
    1ba6:	9e 83       	std	Y+6, r25	; 0x06
    1ba8:	8d 83       	std	Y+5, r24	; 0x05
    1baa:	3f c0       	rjmp	.+126    	; 0x1c2a <LCD_Init+0x3d2>
	else if (__tmp > 65535)
    1bac:	6f 81       	ldd	r22, Y+7	; 0x07
    1bae:	78 85       	ldd	r23, Y+8	; 0x08
    1bb0:	89 85       	ldd	r24, Y+9	; 0x09
    1bb2:	9a 85       	ldd	r25, Y+10	; 0x0a
    1bb4:	20 e0       	ldi	r18, 0x00	; 0
    1bb6:	3f ef       	ldi	r19, 0xFF	; 255
    1bb8:	4f e7       	ldi	r20, 0x7F	; 127
    1bba:	57 e4       	ldi	r21, 0x47	; 71
    1bbc:	0e 94 c5 03 	call	0x78a	; 0x78a <__gtsf2>
    1bc0:	18 16       	cp	r1, r24
    1bc2:	4c f5       	brge	.+82     	; 0x1c16 <LCD_Init+0x3be>
	{
		//	__ticks = requested delay in 1/10 ms
		__ticks = (uint16_t) (__ms * 10.0);
    1bc4:	6b 85       	ldd	r22, Y+11	; 0x0b
    1bc6:	7c 85       	ldd	r23, Y+12	; 0x0c
    1bc8:	8d 85       	ldd	r24, Y+13	; 0x0d
    1bca:	9e 85       	ldd	r25, Y+14	; 0x0e
    1bcc:	20 e0       	ldi	r18, 0x00	; 0
    1bce:	30 e0       	ldi	r19, 0x00	; 0
    1bd0:	40 e2       	ldi	r20, 0x20	; 32
    1bd2:	51 e4       	ldi	r21, 0x41	; 65
    1bd4:	0e 94 1f 02 	call	0x43e	; 0x43e <__mulsf3>
    1bd8:	dc 01       	movw	r26, r24
    1bda:	cb 01       	movw	r24, r22
    1bdc:	bc 01       	movw	r22, r24
    1bde:	cd 01       	movw	r24, r26
    1be0:	0e 94 49 00 	call	0x92	; 0x92 <__fixunssfsi>
    1be4:	dc 01       	movw	r26, r24
    1be6:	cb 01       	movw	r24, r22
    1be8:	9e 83       	std	Y+6, r25	; 0x06
    1bea:	8d 83       	std	Y+5, r24	; 0x05
    1bec:	0f c0       	rjmp	.+30     	; 0x1c0c <LCD_Init+0x3b4>
    1bee:	88 ec       	ldi	r24, 0xC8	; 200
    1bf0:	90 e0       	ldi	r25, 0x00	; 0
    1bf2:	9c 83       	std	Y+4, r25	; 0x04
    1bf4:	8b 83       	std	Y+3, r24	; 0x03
    1bf6:	8b 81       	ldd	r24, Y+3	; 0x03
    1bf8:	9c 81       	ldd	r25, Y+4	; 0x04
    1bfa:	01 97       	sbiw	r24, 0x01	; 1
    1bfc:	f1 f7       	brne	.-4      	; 0x1bfa <LCD_Init+0x3a2>
    1bfe:	9c 83       	std	Y+4, r25	; 0x04
    1c00:	8b 83       	std	Y+3, r24	; 0x03
		while(__ticks)
		{
			// wait 1/10 ms
			_delay_loop_2(((F_CPU) / 4e3) / 10);
			__ticks --;
    1c02:	8d 81       	ldd	r24, Y+5	; 0x05
    1c04:	9e 81       	ldd	r25, Y+6	; 0x06
    1c06:	01 97       	sbiw	r24, 0x01	; 1
    1c08:	9e 83       	std	Y+6, r25	; 0x06
    1c0a:	8d 83       	std	Y+5, r24	; 0x05
		__ticks = 1;
	else if (__tmp > 65535)
	{
		//	__ticks = requested delay in 1/10 ms
		__ticks = (uint16_t) (__ms * 10.0);
		while(__ticks)
    1c0c:	8d 81       	ldd	r24, Y+5	; 0x05
    1c0e:	9e 81       	ldd	r25, Y+6	; 0x06
    1c10:	00 97       	sbiw	r24, 0x00	; 0
    1c12:	69 f7       	brne	.-38     	; 0x1bee <LCD_Init+0x396>
    1c14:	14 c0       	rjmp	.+40     	; 0x1c3e <LCD_Init+0x3e6>
			__ticks --;
		}
		return;
	}
	else
		__ticks = (uint16_t)__tmp;
    1c16:	6f 81       	ldd	r22, Y+7	; 0x07
    1c18:	78 85       	ldd	r23, Y+8	; 0x08
    1c1a:	89 85       	ldd	r24, Y+9	; 0x09
    1c1c:	9a 85       	ldd	r25, Y+10	; 0x0a
    1c1e:	0e 94 49 00 	call	0x92	; 0x92 <__fixunssfsi>
    1c22:	dc 01       	movw	r26, r24
    1c24:	cb 01       	movw	r24, r22
    1c26:	9e 83       	std	Y+6, r25	; 0x06
    1c28:	8d 83       	std	Y+5, r24	; 0x05
    1c2a:	8d 81       	ldd	r24, Y+5	; 0x05
    1c2c:	9e 81       	ldd	r25, Y+6	; 0x06
    1c2e:	9a 83       	std	Y+2, r25	; 0x02
    1c30:	89 83       	std	Y+1, r24	; 0x01
    1c32:	89 81       	ldd	r24, Y+1	; 0x01
    1c34:	9a 81       	ldd	r25, Y+2	; 0x02
    1c36:	01 97       	sbiw	r24, 0x01	; 1
    1c38:	f1 f7       	brne	.-4      	; 0x1c36 <LCD_Init+0x3de>
    1c3a:	9a 83       	std	Y+2, r25	; 0x02
    1c3c:	89 83       	std	Y+1, r24	; 0x01
	 _delay_ms(2);
	 LCD_SendInstruction(Function_EntryMode);
    1c3e:	86 e0       	ldi	r24, 0x06	; 6
    1c40:	0e 94 f8 0b 	call	0x17f0	; 0x17f0 <LCD_SendInstruction>
#endif
}
    1c44:	e8 96       	adiw	r28, 0x38	; 56
    1c46:	0f b6       	in	r0, 0x3f	; 63
    1c48:	f8 94       	cli
    1c4a:	de bf       	out	0x3e, r29	; 62
    1c4c:	0f be       	out	0x3f, r0	; 63
    1c4e:	cd bf       	out	0x3d, r28	; 61
    1c50:	cf 91       	pop	r28
    1c52:	df 91       	pop	r29
    1c54:	08 95       	ret

00001c56 <LCD_CreateSpecialChar>:

void LCD_CreateSpecialChar(uint8_t *SpecialChar, uint8_t location)
{
    1c56:	df 93       	push	r29
    1c58:	cf 93       	push	r28
    1c5a:	00 d0       	rcall	.+0      	; 0x1c5c <LCD_CreateSpecialChar+0x6>
    1c5c:	00 d0       	rcall	.+0      	; 0x1c5e <LCD_CreateSpecialChar+0x8>
    1c5e:	0f 92       	push	r0
    1c60:	cd b7       	in	r28, 0x3d	; 61
    1c62:	de b7       	in	r29, 0x3e	; 62
    1c64:	9c 83       	std	Y+4, r25	; 0x04
    1c66:	8b 83       	std	Y+3, r24	; 0x03
    1c68:	6d 83       	std	Y+5, r22	; 0x05
    if (location < 8)
    1c6a:	8d 81       	ldd	r24, Y+5	; 0x05
    1c6c:	88 30       	cpi	r24, 0x08	; 8
    1c6e:	28 f5       	brcc	.+74     	; 0x1cba <LCD_CreateSpecialChar+0x64>
    {
        uint8_t Address = 0x40 | (location * 8);
    1c70:	8d 81       	ldd	r24, Y+5	; 0x05
    1c72:	88 2f       	mov	r24, r24
    1c74:	90 e0       	ldi	r25, 0x00	; 0
    1c76:	88 0f       	add	r24, r24
    1c78:	99 1f       	adc	r25, r25
    1c7a:	88 0f       	add	r24, r24
    1c7c:	99 1f       	adc	r25, r25
    1c7e:	88 0f       	add	r24, r24
    1c80:	99 1f       	adc	r25, r25
    1c82:	80 64       	ori	r24, 0x40	; 64
    1c84:	8a 83       	std	Y+2, r24	; 0x02
        LCD_SendInstruction(Address);
    1c86:	8a 81       	ldd	r24, Y+2	; 0x02
    1c88:	0e 94 f8 0b 	call	0x17f0	; 0x17f0 <LCD_SendInstruction>
        for (uint8_t i = 0; i < 8; i++)
    1c8c:	19 82       	std	Y+1, r1	; 0x01
    1c8e:	0e c0       	rjmp	.+28     	; 0x1cac <LCD_CreateSpecialChar+0x56>
        {
            LCD_PrintData(SpecialChar[i]);
    1c90:	89 81       	ldd	r24, Y+1	; 0x01
    1c92:	28 2f       	mov	r18, r24
    1c94:	30 e0       	ldi	r19, 0x00	; 0
    1c96:	8b 81       	ldd	r24, Y+3	; 0x03
    1c98:	9c 81       	ldd	r25, Y+4	; 0x04
    1c9a:	fc 01       	movw	r30, r24
    1c9c:	e2 0f       	add	r30, r18
    1c9e:	f3 1f       	adc	r31, r19
    1ca0:	80 81       	ld	r24, Z
    1ca2:	0e 94 12 0c 	call	0x1824	; 0x1824 <LCD_PrintData>
{
    if (location < 8)
    {
        uint8_t Address = 0x40 | (location * 8);
        LCD_SendInstruction(Address);
        for (uint8_t i = 0; i < 8; i++)
    1ca6:	89 81       	ldd	r24, Y+1	; 0x01
    1ca8:	8f 5f       	subi	r24, 0xFF	; 255
    1caa:	89 83       	std	Y+1, r24	; 0x01
    1cac:	89 81       	ldd	r24, Y+1	; 0x01
    1cae:	88 30       	cpi	r24, 0x08	; 8
    1cb0:	78 f3       	brcs	.-34     	; 0x1c90 <LCD_CreateSpecialChar+0x3a>
        {
            LCD_PrintData(SpecialChar[i]);
        }
        LCD_CursorGoTo(0, 0);
    1cb2:	80 e0       	ldi	r24, 0x00	; 0
    1cb4:	60 e0       	ldi	r22, 0x00	; 0
    1cb6:	0e 94 09 0f 	call	0x1e12	; 0x1e12 <LCD_CursorGoTo>
    }
}
    1cba:	0f 90       	pop	r0
    1cbc:	0f 90       	pop	r0
    1cbe:	0f 90       	pop	r0
    1cc0:	0f 90       	pop	r0
    1cc2:	0f 90       	pop	r0
    1cc4:	cf 91       	pop	r28
    1cc6:	df 91       	pop	r29
    1cc8:	08 95       	ret

00001cca <LCD_WriteString>:




void LCD_WriteString(uint8_t *Word)
{
    1cca:	df 93       	push	r29
    1ccc:	cf 93       	push	r28
    1cce:	00 d0       	rcall	.+0      	; 0x1cd0 <LCD_WriteString+0x6>
    1cd0:	cd b7       	in	r28, 0x3d	; 61
    1cd2:	de b7       	in	r29, 0x3e	; 62
    1cd4:	9a 83       	std	Y+2, r25	; 0x02
    1cd6:	89 83       	std	Y+1, r24	; 0x01
    1cd8:	0a c0       	rjmp	.+20     	; 0x1cee <LCD_WriteString+0x24>
    while (*Word != '\0')
    {
        LCD_PrintData(*Word);
    1cda:	e9 81       	ldd	r30, Y+1	; 0x01
    1cdc:	fa 81       	ldd	r31, Y+2	; 0x02
    1cde:	80 81       	ld	r24, Z
    1ce0:	0e 94 12 0c 	call	0x1824	; 0x1824 <LCD_PrintData>
        Word++;
    1ce4:	89 81       	ldd	r24, Y+1	; 0x01
    1ce6:	9a 81       	ldd	r25, Y+2	; 0x02
    1ce8:	01 96       	adiw	r24, 0x01	; 1
    1cea:	9a 83       	std	Y+2, r25	; 0x02
    1cec:	89 83       	std	Y+1, r24	; 0x01



void LCD_WriteString(uint8_t *Word)
{
    while (*Word != '\0')
    1cee:	e9 81       	ldd	r30, Y+1	; 0x01
    1cf0:	fa 81       	ldd	r31, Y+2	; 0x02
    1cf2:	80 81       	ld	r24, Z
    1cf4:	88 23       	and	r24, r24
    1cf6:	89 f7       	brne	.-30     	; 0x1cda <LCD_WriteString+0x10>
    {
        LCD_PrintData(*Word);
        Word++;
    }
}
    1cf8:	0f 90       	pop	r0
    1cfa:	0f 90       	pop	r0
    1cfc:	cf 91       	pop	r28
    1cfe:	df 91       	pop	r29
    1d00:	08 95       	ret

00001d02 <LCD_Clear>:


void LCD_Clear()
{
    1d02:	df 93       	push	r29
    1d04:	cf 93       	push	r28
    1d06:	cd b7       	in	r28, 0x3d	; 61
    1d08:	de b7       	in	r29, 0x3e	; 62
    1d0a:	2e 97       	sbiw	r28, 0x0e	; 14
    1d0c:	0f b6       	in	r0, 0x3f	; 63
    1d0e:	f8 94       	cli
    1d10:	de bf       	out	0x3e, r29	; 62
    1d12:	0f be       	out	0x3f, r0	; 63
    1d14:	cd bf       	out	0x3d, r28	; 61
    LCD_SendInstruction(Function_DisplayClear);
    1d16:	81 e0       	ldi	r24, 0x01	; 1
    1d18:	0e 94 f8 0b 	call	0x17f0	; 0x17f0 <LCD_SendInstruction>
    1d1c:	80 e0       	ldi	r24, 0x00	; 0
    1d1e:	90 e0       	ldi	r25, 0x00	; 0
    1d20:	a0 e0       	ldi	r26, 0x00	; 0
    1d22:	b0 e4       	ldi	r27, 0x40	; 64
    1d24:	8b 87       	std	Y+11, r24	; 0x0b
    1d26:	9c 87       	std	Y+12, r25	; 0x0c
    1d28:	ad 87       	std	Y+13, r26	; 0x0d
    1d2a:	be 87       	std	Y+14, r27	; 0x0e
 */
void
_delay_ms(double __ms)
{
	uint16_t __ticks;
	double __tmp = ((F_CPU) / 4e3) * __ms;
    1d2c:	6b 85       	ldd	r22, Y+11	; 0x0b
    1d2e:	7c 85       	ldd	r23, Y+12	; 0x0c
    1d30:	8d 85       	ldd	r24, Y+13	; 0x0d
    1d32:	9e 85       	ldd	r25, Y+14	; 0x0e
    1d34:	20 e0       	ldi	r18, 0x00	; 0
    1d36:	30 e0       	ldi	r19, 0x00	; 0
    1d38:	4a ef       	ldi	r20, 0xFA	; 250
    1d3a:	54 e4       	ldi	r21, 0x44	; 68
    1d3c:	0e 94 1f 02 	call	0x43e	; 0x43e <__mulsf3>
    1d40:	dc 01       	movw	r26, r24
    1d42:	cb 01       	movw	r24, r22
    1d44:	8f 83       	std	Y+7, r24	; 0x07
    1d46:	98 87       	std	Y+8, r25	; 0x08
    1d48:	a9 87       	std	Y+9, r26	; 0x09
    1d4a:	ba 87       	std	Y+10, r27	; 0x0a
	if (__tmp < 1.0)
    1d4c:	6f 81       	ldd	r22, Y+7	; 0x07
    1d4e:	78 85       	ldd	r23, Y+8	; 0x08
    1d50:	89 85       	ldd	r24, Y+9	; 0x09
    1d52:	9a 85       	ldd	r25, Y+10	; 0x0a
    1d54:	20 e0       	ldi	r18, 0x00	; 0
    1d56:	30 e0       	ldi	r19, 0x00	; 0
    1d58:	40 e8       	ldi	r20, 0x80	; 128
    1d5a:	5f e3       	ldi	r21, 0x3F	; 63
    1d5c:	0e 94 25 04 	call	0x84a	; 0x84a <__ltsf2>
    1d60:	88 23       	and	r24, r24
    1d62:	2c f4       	brge	.+10     	; 0x1d6e <LCD_Clear+0x6c>
		__ticks = 1;
    1d64:	81 e0       	ldi	r24, 0x01	; 1
    1d66:	90 e0       	ldi	r25, 0x00	; 0
    1d68:	9e 83       	std	Y+6, r25	; 0x06
    1d6a:	8d 83       	std	Y+5, r24	; 0x05
    1d6c:	3f c0       	rjmp	.+126    	; 0x1dec <LCD_Clear+0xea>
	else if (__tmp > 65535)
    1d6e:	6f 81       	ldd	r22, Y+7	; 0x07
    1d70:	78 85       	ldd	r23, Y+8	; 0x08
    1d72:	89 85       	ldd	r24, Y+9	; 0x09
    1d74:	9a 85       	ldd	r25, Y+10	; 0x0a
    1d76:	20 e0       	ldi	r18, 0x00	; 0
    1d78:	3f ef       	ldi	r19, 0xFF	; 255
    1d7a:	4f e7       	ldi	r20, 0x7F	; 127
    1d7c:	57 e4       	ldi	r21, 0x47	; 71
    1d7e:	0e 94 c5 03 	call	0x78a	; 0x78a <__gtsf2>
    1d82:	18 16       	cp	r1, r24
    1d84:	4c f5       	brge	.+82     	; 0x1dd8 <LCD_Clear+0xd6>
	{
		//	__ticks = requested delay in 1/10 ms
		__ticks = (uint16_t) (__ms * 10.0);
    1d86:	6b 85       	ldd	r22, Y+11	; 0x0b
    1d88:	7c 85       	ldd	r23, Y+12	; 0x0c
    1d8a:	8d 85       	ldd	r24, Y+13	; 0x0d
    1d8c:	9e 85       	ldd	r25, Y+14	; 0x0e
    1d8e:	20 e0       	ldi	r18, 0x00	; 0
    1d90:	30 e0       	ldi	r19, 0x00	; 0
    1d92:	40 e2       	ldi	r20, 0x20	; 32
    1d94:	51 e4       	ldi	r21, 0x41	; 65
    1d96:	0e 94 1f 02 	call	0x43e	; 0x43e <__mulsf3>
    1d9a:	dc 01       	movw	r26, r24
    1d9c:	cb 01       	movw	r24, r22
    1d9e:	bc 01       	movw	r22, r24
    1da0:	cd 01       	movw	r24, r26
    1da2:	0e 94 49 00 	call	0x92	; 0x92 <__fixunssfsi>
    1da6:	dc 01       	movw	r26, r24
    1da8:	cb 01       	movw	r24, r22
    1daa:	9e 83       	std	Y+6, r25	; 0x06
    1dac:	8d 83       	std	Y+5, r24	; 0x05
    1dae:	0f c0       	rjmp	.+30     	; 0x1dce <LCD_Clear+0xcc>
    1db0:	88 ec       	ldi	r24, 0xC8	; 200
    1db2:	90 e0       	ldi	r25, 0x00	; 0
    1db4:	9c 83       	std	Y+4, r25	; 0x04
    1db6:	8b 83       	std	Y+3, r24	; 0x03
    1db8:	8b 81       	ldd	r24, Y+3	; 0x03
    1dba:	9c 81       	ldd	r25, Y+4	; 0x04
    1dbc:	01 97       	sbiw	r24, 0x01	; 1
    1dbe:	f1 f7       	brne	.-4      	; 0x1dbc <LCD_Clear+0xba>
    1dc0:	9c 83       	std	Y+4, r25	; 0x04
    1dc2:	8b 83       	std	Y+3, r24	; 0x03
		while(__ticks)
		{
			// wait 1/10 ms
			_delay_loop_2(((F_CPU) / 4e3) / 10);
			__ticks --;
    1dc4:	8d 81       	ldd	r24, Y+5	; 0x05
    1dc6:	9e 81       	ldd	r25, Y+6	; 0x06
    1dc8:	01 97       	sbiw	r24, 0x01	; 1
    1dca:	9e 83       	std	Y+6, r25	; 0x06
    1dcc:	8d 83       	std	Y+5, r24	; 0x05
		__ticks = 1;
	else if (__tmp > 65535)
	{
		//	__ticks = requested delay in 1/10 ms
		__ticks = (uint16_t) (__ms * 10.0);
		while(__ticks)
    1dce:	8d 81       	ldd	r24, Y+5	; 0x05
    1dd0:	9e 81       	ldd	r25, Y+6	; 0x06
    1dd2:	00 97       	sbiw	r24, 0x00	; 0
    1dd4:	69 f7       	brne	.-38     	; 0x1db0 <LCD_Clear+0xae>
    1dd6:	14 c0       	rjmp	.+40     	; 0x1e00 <LCD_Clear+0xfe>
			__ticks --;
		}
		return;
	}
	else
		__ticks = (uint16_t)__tmp;
    1dd8:	6f 81       	ldd	r22, Y+7	; 0x07
    1dda:	78 85       	ldd	r23, Y+8	; 0x08
    1ddc:	89 85       	ldd	r24, Y+9	; 0x09
    1dde:	9a 85       	ldd	r25, Y+10	; 0x0a
    1de0:	0e 94 49 00 	call	0x92	; 0x92 <__fixunssfsi>
    1de4:	dc 01       	movw	r26, r24
    1de6:	cb 01       	movw	r24, r22
    1de8:	9e 83       	std	Y+6, r25	; 0x06
    1dea:	8d 83       	std	Y+5, r24	; 0x05
    1dec:	8d 81       	ldd	r24, Y+5	; 0x05
    1dee:	9e 81       	ldd	r25, Y+6	; 0x06
    1df0:	9a 83       	std	Y+2, r25	; 0x02
    1df2:	89 83       	std	Y+1, r24	; 0x01
    1df4:	89 81       	ldd	r24, Y+1	; 0x01
    1df6:	9a 81       	ldd	r25, Y+2	; 0x02
    1df8:	01 97       	sbiw	r24, 0x01	; 1
    1dfa:	f1 f7       	brne	.-4      	; 0x1df8 <LCD_Clear+0xf6>
    1dfc:	9a 83       	std	Y+2, r25	; 0x02
    1dfe:	89 83       	std	Y+1, r24	; 0x01
    _delay_ms(2);
}
    1e00:	2e 96       	adiw	r28, 0x0e	; 14
    1e02:	0f b6       	in	r0, 0x3f	; 63
    1e04:	f8 94       	cli
    1e06:	de bf       	out	0x3e, r29	; 62
    1e08:	0f be       	out	0x3f, r0	; 63
    1e0a:	cd bf       	out	0x3d, r28	; 61
    1e0c:	cf 91       	pop	r28
    1e0e:	df 91       	pop	r29
    1e10:	08 95       	ret

00001e12 <LCD_CursorGoTo>:
void LCD_CursorGoTo(uint8_t Row, uint8_t Column)
{
    1e12:	df 93       	push	r29
    1e14:	cf 93       	push	r28
    1e16:	00 d0       	rcall	.+0      	; 0x1e18 <LCD_CursorGoTo+0x6>
    1e18:	0f 92       	push	r0
    1e1a:	cd b7       	in	r28, 0x3d	; 61
    1e1c:	de b7       	in	r29, 0x3e	; 62
    1e1e:	8a 83       	std	Y+2, r24	; 0x02
    1e20:	6b 83       	std	Y+3, r22	; 0x03
    uint8_t Address;

    if (Row == 0)
    1e22:	8a 81       	ldd	r24, Y+2	; 0x02
    1e24:	88 23       	and	r24, r24
    1e26:	19 f4       	brne	.+6      	; 0x1e2e <LCD_CursorGoTo+0x1c>
    {
        Address = 0x00 + Column;
    1e28:	8b 81       	ldd	r24, Y+3	; 0x03
    1e2a:	89 83       	std	Y+1, r24	; 0x01
    1e2c:	03 c0       	rjmp	.+6      	; 0x1e34 <LCD_CursorGoTo+0x22>
    }
    else
    {
        Address = 0x40 + Column;
    1e2e:	8b 81       	ldd	r24, Y+3	; 0x03
    1e30:	80 5c       	subi	r24, 0xC0	; 192
    1e32:	89 83       	std	Y+1, r24	; 0x01
    }

    Address |= 0x80;
    1e34:	89 81       	ldd	r24, Y+1	; 0x01
    1e36:	80 68       	ori	r24, 0x80	; 128
    1e38:	89 83       	std	Y+1, r24	; 0x01

    LCD_SendInstruction(Address);
    1e3a:	89 81       	ldd	r24, Y+1	; 0x01
    1e3c:	0e 94 f8 0b 	call	0x17f0	; 0x17f0 <LCD_SendInstruction>
}
    1e40:	0f 90       	pop	r0
    1e42:	0f 90       	pop	r0
    1e44:	0f 90       	pop	r0
    1e46:	cf 91       	pop	r28
    1e48:	df 91       	pop	r29
    1e4a:	08 95       	ret

00001e4c <KPD_Init>:
#include "../../Mcal/DIO/DIO_Private.h"
#ifndef NULL
#define NULL ((void*)0)
#endif
void KPD_Init()
{
    1e4c:	df 93       	push	r29
    1e4e:	cf 93       	push	r28
    1e50:	cd b7       	in	r28, 0x3d	; 61
    1e52:	de b7       	in	r29, 0x3e	; 62
    1e54:	62 97       	sbiw	r28, 0x12	; 18
    1e56:	0f b6       	in	r0, 0x3f	; 63
    1e58:	f8 94       	cli
    1e5a:	de bf       	out	0x3e, r29	; 62
    1e5c:	0f be       	out	0x3f, r0	; 63
    1e5e:	cd bf       	out	0x3d, r28	; 61
    uint8_t KPD_RowGroups[KPD_RowNo] = KPD_RowGroupsConfigured;
    1e60:	84 e0       	ldi	r24, 0x04	; 4
    1e62:	8b 83       	std	Y+3, r24	; 0x03
    1e64:	84 e0       	ldi	r24, 0x04	; 4
    1e66:	8c 83       	std	Y+4, r24	; 0x04
    1e68:	84 e0       	ldi	r24, 0x04	; 4
    1e6a:	8d 83       	std	Y+5, r24	; 0x05
    1e6c:	84 e0       	ldi	r24, 0x04	; 4
    1e6e:	8e 83       	std	Y+6, r24	; 0x06
    uint8_t KPD_RowPins[KPD_RowNo]   = KPD_RowPinsConfigured;
    1e70:	1f 82       	std	Y+7, r1	; 0x07
    1e72:	81 e0       	ldi	r24, 0x01	; 1
    1e74:	88 87       	std	Y+8, r24	; 0x08
    1e76:	82 e0       	ldi	r24, 0x02	; 2
    1e78:	89 87       	std	Y+9, r24	; 0x09
    1e7a:	83 e0       	ldi	r24, 0x03	; 3
    1e7c:	8a 87       	std	Y+10, r24	; 0x0a
    uint8_t KPD_ColGroups[KPD_ColNo] = KPD_ColGroupsConfigured;
    1e7e:	84 e0       	ldi	r24, 0x04	; 4
    1e80:	8b 87       	std	Y+11, r24	; 0x0b
    1e82:	84 e0       	ldi	r24, 0x04	; 4
    1e84:	8c 87       	std	Y+12, r24	; 0x0c
    1e86:	84 e0       	ldi	r24, 0x04	; 4
    1e88:	8d 87       	std	Y+13, r24	; 0x0d
    1e8a:	84 e0       	ldi	r24, 0x04	; 4
    1e8c:	8e 87       	std	Y+14, r24	; 0x0e
    uint8_t KPD_ColPins[KPD_ColNo]   = KPD_ColPinsConfigured;
    1e8e:	84 e0       	ldi	r24, 0x04	; 4
    1e90:	8f 87       	std	Y+15, r24	; 0x0f
    1e92:	85 e0       	ldi	r24, 0x05	; 5
    1e94:	88 8b       	std	Y+16, r24	; 0x10
    1e96:	86 e0       	ldi	r24, 0x06	; 6
    1e98:	89 8b       	std	Y+17, r24	; 0x11
    1e9a:	87 e0       	ldi	r24, 0x07	; 7
    1e9c:	8a 8b       	std	Y+18, r24	; 0x12

    // Row as Input
    // Row as Internal Pull Up
    for(uint8_t RowIndex = 0; RowIndex < KPD_RowNo; RowIndex++)
    1e9e:	1a 82       	std	Y+2, r1	; 0x02
    1ea0:	30 c0       	rjmp	.+96     	; 0x1f02 <KPD_Init+0xb6>
    {
        DIO_SelectDirectionForPin(KPD_RowGroups[RowIndex], KPD_RowPins[RowIndex], DIO_Input);
    1ea2:	8a 81       	ldd	r24, Y+2	; 0x02
    1ea4:	28 2f       	mov	r18, r24
    1ea6:	30 e0       	ldi	r19, 0x00	; 0
    1ea8:	ce 01       	movw	r24, r28
    1eaa:	03 96       	adiw	r24, 0x03	; 3
    1eac:	fc 01       	movw	r30, r24
    1eae:	e2 0f       	add	r30, r18
    1eb0:	f3 1f       	adc	r31, r19
    1eb2:	40 81       	ld	r20, Z
    1eb4:	8a 81       	ldd	r24, Y+2	; 0x02
    1eb6:	28 2f       	mov	r18, r24
    1eb8:	30 e0       	ldi	r19, 0x00	; 0
    1eba:	ce 01       	movw	r24, r28
    1ebc:	07 96       	adiw	r24, 0x07	; 7
    1ebe:	fc 01       	movw	r30, r24
    1ec0:	e2 0f       	add	r30, r18
    1ec2:	f3 1f       	adc	r31, r19
    1ec4:	90 81       	ld	r25, Z
    1ec6:	84 2f       	mov	r24, r20
    1ec8:	69 2f       	mov	r22, r25
    1eca:	40 e0       	ldi	r20, 0x00	; 0
    1ecc:	0e 94 4f 06 	call	0xc9e	; 0xc9e <DIO_SelectDirectionForPin>
        DIO_EnableInternalPullUp(KPD_RowGroups[RowIndex], KPD_RowPins[RowIndex]);
    1ed0:	8a 81       	ldd	r24, Y+2	; 0x02
    1ed2:	28 2f       	mov	r18, r24
    1ed4:	30 e0       	ldi	r19, 0x00	; 0
    1ed6:	ce 01       	movw	r24, r28
    1ed8:	03 96       	adiw	r24, 0x03	; 3
    1eda:	fc 01       	movw	r30, r24
    1edc:	e2 0f       	add	r30, r18
    1ede:	f3 1f       	adc	r31, r19
    1ee0:	40 81       	ld	r20, Z
    1ee2:	8a 81       	ldd	r24, Y+2	; 0x02
    1ee4:	28 2f       	mov	r18, r24
    1ee6:	30 e0       	ldi	r19, 0x00	; 0
    1ee8:	ce 01       	movw	r24, r28
    1eea:	07 96       	adiw	r24, 0x07	; 7
    1eec:	fc 01       	movw	r30, r24
    1eee:	e2 0f       	add	r30, r18
    1ef0:	f3 1f       	adc	r31, r19
    1ef2:	90 81       	ld	r25, Z
    1ef4:	84 2f       	mov	r24, r20
    1ef6:	69 2f       	mov	r22, r25
    1ef8:	0e 94 27 09 	call	0x124e	; 0x124e <DIO_EnableInternalPullUp>
    uint8_t KPD_ColGroups[KPD_ColNo] = KPD_ColGroupsConfigured;
    uint8_t KPD_ColPins[KPD_ColNo]   = KPD_ColPinsConfigured;

    // Row as Input
    // Row as Internal Pull Up
    for(uint8_t RowIndex = 0; RowIndex < KPD_RowNo; RowIndex++)
    1efc:	8a 81       	ldd	r24, Y+2	; 0x02
    1efe:	8f 5f       	subi	r24, 0xFF	; 255
    1f00:	8a 83       	std	Y+2, r24	; 0x02
    1f02:	8a 81       	ldd	r24, Y+2	; 0x02
    1f04:	84 30       	cpi	r24, 0x04	; 4
    1f06:	68 f2       	brcs	.-102    	; 0x1ea2 <KPD_Init+0x56>
        DIO_EnableInternalPullUp(KPD_RowGroups[RowIndex], KPD_RowPins[RowIndex]);
    }

    // Column as Output
    // Column Init value as High
    for(uint8_t ColIndex = 0; ColIndex < KPD_ColNo; ColIndex++)
    1f08:	19 82       	std	Y+1, r1	; 0x01
    1f0a:	31 c0       	rjmp	.+98     	; 0x1f6e <KPD_Init+0x122>
    {
        DIO_SelectDirectionForPin(KPD_ColGroups[ColIndex], KPD_ColPins[ColIndex], DIO_Output);
    1f0c:	89 81       	ldd	r24, Y+1	; 0x01
    1f0e:	28 2f       	mov	r18, r24
    1f10:	30 e0       	ldi	r19, 0x00	; 0
    1f12:	ce 01       	movw	r24, r28
    1f14:	0b 96       	adiw	r24, 0x0b	; 11
    1f16:	fc 01       	movw	r30, r24
    1f18:	e2 0f       	add	r30, r18
    1f1a:	f3 1f       	adc	r31, r19
    1f1c:	40 81       	ld	r20, Z
    1f1e:	89 81       	ldd	r24, Y+1	; 0x01
    1f20:	28 2f       	mov	r18, r24
    1f22:	30 e0       	ldi	r19, 0x00	; 0
    1f24:	ce 01       	movw	r24, r28
    1f26:	0f 96       	adiw	r24, 0x0f	; 15
    1f28:	fc 01       	movw	r30, r24
    1f2a:	e2 0f       	add	r30, r18
    1f2c:	f3 1f       	adc	r31, r19
    1f2e:	90 81       	ld	r25, Z
    1f30:	84 2f       	mov	r24, r20
    1f32:	69 2f       	mov	r22, r25
    1f34:	41 e0       	ldi	r20, 0x01	; 1
    1f36:	0e 94 4f 06 	call	0xc9e	; 0xc9e <DIO_SelectDirectionForPin>
        DIO_WriteValueForPin(KPD_ColGroups[ColIndex], KPD_ColPins[ColIndex], DIO_High);
    1f3a:	89 81       	ldd	r24, Y+1	; 0x01
    1f3c:	28 2f       	mov	r18, r24
    1f3e:	30 e0       	ldi	r19, 0x00	; 0
    1f40:	ce 01       	movw	r24, r28
    1f42:	0b 96       	adiw	r24, 0x0b	; 11
    1f44:	fc 01       	movw	r30, r24
    1f46:	e2 0f       	add	r30, r18
    1f48:	f3 1f       	adc	r31, r19
    1f4a:	40 81       	ld	r20, Z
    1f4c:	89 81       	ldd	r24, Y+1	; 0x01
    1f4e:	28 2f       	mov	r18, r24
    1f50:	30 e0       	ldi	r19, 0x00	; 0
    1f52:	ce 01       	movw	r24, r28
    1f54:	0f 96       	adiw	r24, 0x0f	; 15
    1f56:	fc 01       	movw	r30, r24
    1f58:	e2 0f       	add	r30, r18
    1f5a:	f3 1f       	adc	r31, r19
    1f5c:	90 81       	ld	r25, Z
    1f5e:	84 2f       	mov	r24, r20
    1f60:	69 2f       	mov	r22, r25
    1f62:	41 e0       	ldi	r20, 0x01	; 1
    1f64:	0e 94 0e 07 	call	0xe1c	; 0xe1c <DIO_WriteValueForPin>
        DIO_EnableInternalPullUp(KPD_RowGroups[RowIndex], KPD_RowPins[RowIndex]);
    }

    // Column as Output
    // Column Init value as High
    for(uint8_t ColIndex = 0; ColIndex < KPD_ColNo; ColIndex++)
    1f68:	89 81       	ldd	r24, Y+1	; 0x01
    1f6a:	8f 5f       	subi	r24, 0xFF	; 255
    1f6c:	89 83       	std	Y+1, r24	; 0x01
    1f6e:	89 81       	ldd	r24, Y+1	; 0x01
    1f70:	84 30       	cpi	r24, 0x04	; 4
    1f72:	60 f2       	brcs	.-104    	; 0x1f0c <KPD_Init+0xc0>
    {
        DIO_SelectDirectionForPin(KPD_ColGroups[ColIndex], KPD_ColPins[ColIndex], DIO_Output);
        DIO_WriteValueForPin(KPD_ColGroups[ColIndex], KPD_ColPins[ColIndex], DIO_High);
    }
}
    1f74:	62 96       	adiw	r28, 0x12	; 18
    1f76:	0f b6       	in	r0, 0x3f	; 63
    1f78:	f8 94       	cli
    1f7a:	de bf       	out	0x3e, r29	; 62
    1f7c:	0f be       	out	0x3f, r0	; 63
    1f7e:	cd bf       	out	0x3d, r28	; 61
    1f80:	cf 91       	pop	r28
    1f82:	df 91       	pop	r29
    1f84:	08 95       	ret

00001f86 <KPD_GetKPDValue>:

void KPD_GetKPDValue(uint8_t *KPD_Value)
{
    1f86:	df 93       	push	r29
    1f88:	cf 93       	push	r28
    1f8a:	cd b7       	in	r28, 0x3d	; 61
    1f8c:	de b7       	in	r29, 0x3e	; 62
    1f8e:	e8 97       	sbiw	r28, 0x38	; 56
    1f90:	0f b6       	in	r0, 0x3f	; 63
    1f92:	f8 94       	cli
    1f94:	de bf       	out	0x3e, r29	; 62
    1f96:	0f be       	out	0x3f, r0	; 63
    1f98:	cd bf       	out	0x3d, r28	; 61
    1f9a:	9b ab       	std	Y+51, r25	; 0x33
    1f9c:	8a ab       	std	Y+50, r24	; 0x32
    if(KPD_Value == NULL)
    1f9e:	8a a9       	ldd	r24, Y+50	; 0x32
    1fa0:	9b a9       	ldd	r25, Y+51	; 0x33
    1fa2:	00 97       	sbiw	r24, 0x00	; 0
    1fa4:	09 f4       	brne	.+2      	; 0x1fa8 <KPD_GetKPDValue+0x22>
    1fa6:	60 c1       	rjmp	.+704    	; 0x2268 <KPD_GetKPDValue+0x2e2>
    {
        return ;
    }

    uint8_t KPDValues[KPD_RowNo][KPD_ColNo] = KPDValueConfigured;
    1fa8:	ce 01       	movw	r24, r28
    1faa:	41 96       	adiw	r24, 0x11	; 17
    1fac:	9d ab       	std	Y+53, r25	; 0x35
    1fae:	8c ab       	std	Y+52, r24	; 0x34
    1fb0:	e4 e7       	ldi	r30, 0x74	; 116
    1fb2:	f0 e0       	ldi	r31, 0x00	; 0
    1fb4:	ff ab       	std	Y+55, r31	; 0x37
    1fb6:	ee ab       	std	Y+54, r30	; 0x36
    1fb8:	f0 e1       	ldi	r31, 0x10	; 16
    1fba:	f8 af       	std	Y+56, r31	; 0x38
    1fbc:	ee a9       	ldd	r30, Y+54	; 0x36
    1fbe:	ff a9       	ldd	r31, Y+55	; 0x37
    1fc0:	00 80       	ld	r0, Z
    1fc2:	8e a9       	ldd	r24, Y+54	; 0x36
    1fc4:	9f a9       	ldd	r25, Y+55	; 0x37
    1fc6:	01 96       	adiw	r24, 0x01	; 1
    1fc8:	9f ab       	std	Y+55, r25	; 0x37
    1fca:	8e ab       	std	Y+54, r24	; 0x36
    1fcc:	ec a9       	ldd	r30, Y+52	; 0x34
    1fce:	fd a9       	ldd	r31, Y+53	; 0x35
    1fd0:	00 82       	st	Z, r0
    1fd2:	8c a9       	ldd	r24, Y+52	; 0x34
    1fd4:	9d a9       	ldd	r25, Y+53	; 0x35
    1fd6:	01 96       	adiw	r24, 0x01	; 1
    1fd8:	9d ab       	std	Y+53, r25	; 0x35
    1fda:	8c ab       	std	Y+52, r24	; 0x34
    1fdc:	98 ad       	ldd	r25, Y+56	; 0x38
    1fde:	91 50       	subi	r25, 0x01	; 1
    1fe0:	98 af       	std	Y+56, r25	; 0x38
    1fe2:	e8 ad       	ldd	r30, Y+56	; 0x38
    1fe4:	ee 23       	and	r30, r30
    1fe6:	51 f7       	brne	.-44     	; 0x1fbc <KPD_GetKPDValue+0x36>
    uint8_t KPD_RowGroups[KPD_RowNo] = KPD_RowGroupsConfigured;
    1fe8:	84 e0       	ldi	r24, 0x04	; 4
    1fea:	89 a3       	std	Y+33, r24	; 0x21
    1fec:	84 e0       	ldi	r24, 0x04	; 4
    1fee:	8a a3       	std	Y+34, r24	; 0x22
    1ff0:	84 e0       	ldi	r24, 0x04	; 4
    1ff2:	8b a3       	std	Y+35, r24	; 0x23
    1ff4:	84 e0       	ldi	r24, 0x04	; 4
    1ff6:	8c a3       	std	Y+36, r24	; 0x24
    uint8_t KPD_RowPins[KPD_RowNo]   = KPD_RowPinsConfigured;
    1ff8:	1d a2       	std	Y+37, r1	; 0x25
    1ffa:	81 e0       	ldi	r24, 0x01	; 1
    1ffc:	8e a3       	std	Y+38, r24	; 0x26
    1ffe:	82 e0       	ldi	r24, 0x02	; 2
    2000:	8f a3       	std	Y+39, r24	; 0x27
    2002:	83 e0       	ldi	r24, 0x03	; 3
    2004:	88 a7       	std	Y+40, r24	; 0x28
    uint8_t KPD_ColGroups[KPD_ColNo] = KPD_ColGroupsConfigured;
    2006:	84 e0       	ldi	r24, 0x04	; 4
    2008:	89 a7       	std	Y+41, r24	; 0x29
    200a:	84 e0       	ldi	r24, 0x04	; 4
    200c:	8a a7       	std	Y+42, r24	; 0x2a
    200e:	84 e0       	ldi	r24, 0x04	; 4
    2010:	8b a7       	std	Y+43, r24	; 0x2b
    2012:	84 e0       	ldi	r24, 0x04	; 4
    2014:	8c a7       	std	Y+44, r24	; 0x2c
    uint8_t KPD_ColPins[KPD_ColNo]   = KPD_ColPinsConfigured;
    2016:	84 e0       	ldi	r24, 0x04	; 4
    2018:	8d a7       	std	Y+45, r24	; 0x2d
    201a:	85 e0       	ldi	r24, 0x05	; 5
    201c:	8e a7       	std	Y+46, r24	; 0x2e
    201e:	86 e0       	ldi	r24, 0x06	; 6
    2020:	8f a7       	std	Y+47, r24	; 0x2f
    2022:	87 e0       	ldi	r24, 0x07	; 7
    2024:	88 ab       	std	Y+48, r24	; 0x30

    *KPD_Value = 0xFF;
    2026:	ea a9       	ldd	r30, Y+50	; 0x32
    2028:	fb a9       	ldd	r31, Y+51	; 0x33
    202a:	8f ef       	ldi	r24, 0xFF	; 255
    202c:	80 83       	st	Z, r24
    uint8_t IsBtnPressed = 1;
    202e:	81 e0       	ldi	r24, 0x01	; 1
    2030:	89 ab       	std	Y+49, r24	; 0x31

    for(uint8_t C = 0; C < KPD_ColNo; C++)
    2032:	18 8a       	std	Y+16, r1	; 0x10
    2034:	15 c1       	rjmp	.+554    	; 0x2260 <KPD_GetKPDValue+0x2da>
    {
        DIO_WriteValueForPin(KPD_ColGroups[C], KPD_ColPins[C], DIO_Low);
    2036:	88 89       	ldd	r24, Y+16	; 0x10
    2038:	28 2f       	mov	r18, r24
    203a:	30 e0       	ldi	r19, 0x00	; 0
    203c:	ce 01       	movw	r24, r28
    203e:	89 96       	adiw	r24, 0x29	; 41
    2040:	fc 01       	movw	r30, r24
    2042:	e2 0f       	add	r30, r18
    2044:	f3 1f       	adc	r31, r19
    2046:	40 81       	ld	r20, Z
    2048:	88 89       	ldd	r24, Y+16	; 0x10
    204a:	28 2f       	mov	r18, r24
    204c:	30 e0       	ldi	r19, 0x00	; 0
    204e:	ce 01       	movw	r24, r28
    2050:	8d 96       	adiw	r24, 0x2d	; 45
    2052:	fc 01       	movw	r30, r24
    2054:	e2 0f       	add	r30, r18
    2056:	f3 1f       	adc	r31, r19
    2058:	90 81       	ld	r25, Z
    205a:	84 2f       	mov	r24, r20
    205c:	69 2f       	mov	r22, r25
    205e:	40 e0       	ldi	r20, 0x00	; 0
    2060:	0e 94 0e 07 	call	0xe1c	; 0xe1c <DIO_WriteValueForPin>
        for(uint8_t R = 0; R < KPD_RowNo; R++)
    2064:	1f 86       	std	Y+15, r1	; 0x0f
    2066:	de c0       	rjmp	.+444    	; 0x2224 <KPD_GetKPDValue+0x29e>
        {
            DIO_ReadValueForPin(KPD_RowGroups[R], KPD_RowPins[R], &IsBtnPressed);
    2068:	8f 85       	ldd	r24, Y+15	; 0x0f
    206a:	28 2f       	mov	r18, r24
    206c:	30 e0       	ldi	r19, 0x00	; 0
    206e:	ce 01       	movw	r24, r28
    2070:	81 96       	adiw	r24, 0x21	; 33
    2072:	fc 01       	movw	r30, r24
    2074:	e2 0f       	add	r30, r18
    2076:	f3 1f       	adc	r31, r19
    2078:	40 81       	ld	r20, Z
    207a:	8f 85       	ldd	r24, Y+15	; 0x0f
    207c:	28 2f       	mov	r18, r24
    207e:	30 e0       	ldi	r19, 0x00	; 0
    2080:	ce 01       	movw	r24, r28
    2082:	85 96       	adiw	r24, 0x25	; 37
    2084:	fc 01       	movw	r30, r24
    2086:	e2 0f       	add	r30, r18
    2088:	f3 1f       	adc	r31, r19
    208a:	90 81       	ld	r25, Z
    208c:	9e 01       	movw	r18, r28
    208e:	2f 5c       	subi	r18, 0xCF	; 207
    2090:	3f 4f       	sbci	r19, 0xFF	; 255
    2092:	84 2f       	mov	r24, r20
    2094:	69 2f       	mov	r22, r25
    2096:	a9 01       	movw	r20, r18
    2098:	0e 94 cd 07 	call	0xf9a	; 0xf9a <DIO_ReadValueForPin>
            if(IsBtnPressed == 0)
    209c:	89 a9       	ldd	r24, Y+49	; 0x31
    209e:	88 23       	and	r24, r24
    20a0:	09 f0       	breq	.+2      	; 0x20a4 <KPD_GetKPDValue+0x11e>
    20a2:	bd c0       	rjmp	.+378    	; 0x221e <KPD_GetKPDValue+0x298>
    20a4:	80 e0       	ldi	r24, 0x00	; 0
    20a6:	90 e0       	ldi	r25, 0x00	; 0
    20a8:	a8 ec       	ldi	r26, 0xC8	; 200
    20aa:	b2 e4       	ldi	r27, 0x42	; 66
    20ac:	8b 87       	std	Y+11, r24	; 0x0b
    20ae:	9c 87       	std	Y+12, r25	; 0x0c
    20b0:	ad 87       	std	Y+13, r26	; 0x0d
    20b2:	be 87       	std	Y+14, r27	; 0x0e
 */
void
_delay_ms(double __ms)
{
	uint16_t __ticks;
	double __tmp = ((F_CPU) / 4e3) * __ms;
    20b4:	6b 85       	ldd	r22, Y+11	; 0x0b
    20b6:	7c 85       	ldd	r23, Y+12	; 0x0c
    20b8:	8d 85       	ldd	r24, Y+13	; 0x0d
    20ba:	9e 85       	ldd	r25, Y+14	; 0x0e
    20bc:	20 e0       	ldi	r18, 0x00	; 0
    20be:	30 e0       	ldi	r19, 0x00	; 0
    20c0:	4a ef       	ldi	r20, 0xFA	; 250
    20c2:	54 e4       	ldi	r21, 0x44	; 68
    20c4:	0e 94 1f 02 	call	0x43e	; 0x43e <__mulsf3>
    20c8:	dc 01       	movw	r26, r24
    20ca:	cb 01       	movw	r24, r22
    20cc:	8f 83       	std	Y+7, r24	; 0x07
    20ce:	98 87       	std	Y+8, r25	; 0x08
    20d0:	a9 87       	std	Y+9, r26	; 0x09
    20d2:	ba 87       	std	Y+10, r27	; 0x0a
	if (__tmp < 1.0)
    20d4:	6f 81       	ldd	r22, Y+7	; 0x07
    20d6:	78 85       	ldd	r23, Y+8	; 0x08
    20d8:	89 85       	ldd	r24, Y+9	; 0x09
    20da:	9a 85       	ldd	r25, Y+10	; 0x0a
    20dc:	20 e0       	ldi	r18, 0x00	; 0
    20de:	30 e0       	ldi	r19, 0x00	; 0
    20e0:	40 e8       	ldi	r20, 0x80	; 128
    20e2:	5f e3       	ldi	r21, 0x3F	; 63
    20e4:	0e 94 25 04 	call	0x84a	; 0x84a <__ltsf2>
    20e8:	88 23       	and	r24, r24
    20ea:	2c f4       	brge	.+10     	; 0x20f6 <KPD_GetKPDValue+0x170>
		__ticks = 1;
    20ec:	81 e0       	ldi	r24, 0x01	; 1
    20ee:	90 e0       	ldi	r25, 0x00	; 0
    20f0:	9e 83       	std	Y+6, r25	; 0x06
    20f2:	8d 83       	std	Y+5, r24	; 0x05
    20f4:	3f c0       	rjmp	.+126    	; 0x2174 <KPD_GetKPDValue+0x1ee>
	else if (__tmp > 65535)
    20f6:	6f 81       	ldd	r22, Y+7	; 0x07
    20f8:	78 85       	ldd	r23, Y+8	; 0x08
    20fa:	89 85       	ldd	r24, Y+9	; 0x09
    20fc:	9a 85       	ldd	r25, Y+10	; 0x0a
    20fe:	20 e0       	ldi	r18, 0x00	; 0
    2100:	3f ef       	ldi	r19, 0xFF	; 255
    2102:	4f e7       	ldi	r20, 0x7F	; 127
    2104:	57 e4       	ldi	r21, 0x47	; 71
    2106:	0e 94 c5 03 	call	0x78a	; 0x78a <__gtsf2>
    210a:	18 16       	cp	r1, r24
    210c:	4c f5       	brge	.+82     	; 0x2160 <KPD_GetKPDValue+0x1da>
	{
		//	__ticks = requested delay in 1/10 ms
		__ticks = (uint16_t) (__ms * 10.0);
    210e:	6b 85       	ldd	r22, Y+11	; 0x0b
    2110:	7c 85       	ldd	r23, Y+12	; 0x0c
    2112:	8d 85       	ldd	r24, Y+13	; 0x0d
    2114:	9e 85       	ldd	r25, Y+14	; 0x0e
    2116:	20 e0       	ldi	r18, 0x00	; 0
    2118:	30 e0       	ldi	r19, 0x00	; 0
    211a:	40 e2       	ldi	r20, 0x20	; 32
    211c:	51 e4       	ldi	r21, 0x41	; 65
    211e:	0e 94 1f 02 	call	0x43e	; 0x43e <__mulsf3>
    2122:	dc 01       	movw	r26, r24
    2124:	cb 01       	movw	r24, r22
    2126:	bc 01       	movw	r22, r24
    2128:	cd 01       	movw	r24, r26
    212a:	0e 94 49 00 	call	0x92	; 0x92 <__fixunssfsi>
    212e:	dc 01       	movw	r26, r24
    2130:	cb 01       	movw	r24, r22
    2132:	9e 83       	std	Y+6, r25	; 0x06
    2134:	8d 83       	std	Y+5, r24	; 0x05
    2136:	0f c0       	rjmp	.+30     	; 0x2156 <KPD_GetKPDValue+0x1d0>
    2138:	88 ec       	ldi	r24, 0xC8	; 200
    213a:	90 e0       	ldi	r25, 0x00	; 0
    213c:	9c 83       	std	Y+4, r25	; 0x04
    213e:	8b 83       	std	Y+3, r24	; 0x03
    2140:	8b 81       	ldd	r24, Y+3	; 0x03
    2142:	9c 81       	ldd	r25, Y+4	; 0x04
    2144:	01 97       	sbiw	r24, 0x01	; 1
    2146:	f1 f7       	brne	.-4      	; 0x2144 <KPD_GetKPDValue+0x1be>
    2148:	9c 83       	std	Y+4, r25	; 0x04
    214a:	8b 83       	std	Y+3, r24	; 0x03
		while(__ticks)
		{
			// wait 1/10 ms
			_delay_loop_2(((F_CPU) / 4e3) / 10);
			__ticks --;
    214c:	8d 81       	ldd	r24, Y+5	; 0x05
    214e:	9e 81       	ldd	r25, Y+6	; 0x06
    2150:	01 97       	sbiw	r24, 0x01	; 1
    2152:	9e 83       	std	Y+6, r25	; 0x06
    2154:	8d 83       	std	Y+5, r24	; 0x05
		__ticks = 1;
	else if (__tmp > 65535)
	{
		//	__ticks = requested delay in 1/10 ms
		__ticks = (uint16_t) (__ms * 10.0);
		while(__ticks)
    2156:	8d 81       	ldd	r24, Y+5	; 0x05
    2158:	9e 81       	ldd	r25, Y+6	; 0x06
    215a:	00 97       	sbiw	r24, 0x00	; 0
    215c:	69 f7       	brne	.-38     	; 0x2138 <KPD_GetKPDValue+0x1b2>
    215e:	14 c0       	rjmp	.+40     	; 0x2188 <KPD_GetKPDValue+0x202>
			__ticks --;
		}
		return;
	}
	else
		__ticks = (uint16_t)__tmp;
    2160:	6f 81       	ldd	r22, Y+7	; 0x07
    2162:	78 85       	ldd	r23, Y+8	; 0x08
    2164:	89 85       	ldd	r24, Y+9	; 0x09
    2166:	9a 85       	ldd	r25, Y+10	; 0x0a
    2168:	0e 94 49 00 	call	0x92	; 0x92 <__fixunssfsi>
    216c:	dc 01       	movw	r26, r24
    216e:	cb 01       	movw	r24, r22
    2170:	9e 83       	std	Y+6, r25	; 0x06
    2172:	8d 83       	std	Y+5, r24	; 0x05
    2174:	8d 81       	ldd	r24, Y+5	; 0x05
    2176:	9e 81       	ldd	r25, Y+6	; 0x06
    2178:	9a 83       	std	Y+2, r25	; 0x02
    217a:	89 83       	std	Y+1, r24	; 0x01
    217c:	89 81       	ldd	r24, Y+1	; 0x01
    217e:	9a 81       	ldd	r25, Y+2	; 0x02
    2180:	01 97       	sbiw	r24, 0x01	; 1
    2182:	f1 f7       	brne	.-4      	; 0x2180 <KPD_GetKPDValue+0x1fa>
    2184:	9a 83       	std	Y+2, r25	; 0x02
    2186:	89 83       	std	Y+1, r24	; 0x01
            {
                _delay_ms(100);
                DIO_ReadValueForPin(KPD_RowGroups[R], KPD_RowPins[R], &IsBtnPressed);
    2188:	8f 85       	ldd	r24, Y+15	; 0x0f
    218a:	28 2f       	mov	r18, r24
    218c:	30 e0       	ldi	r19, 0x00	; 0
    218e:	ce 01       	movw	r24, r28
    2190:	81 96       	adiw	r24, 0x21	; 33
    2192:	fc 01       	movw	r30, r24
    2194:	e2 0f       	add	r30, r18
    2196:	f3 1f       	adc	r31, r19
    2198:	40 81       	ld	r20, Z
    219a:	8f 85       	ldd	r24, Y+15	; 0x0f
    219c:	28 2f       	mov	r18, r24
    219e:	30 e0       	ldi	r19, 0x00	; 0
    21a0:	ce 01       	movw	r24, r28
    21a2:	85 96       	adiw	r24, 0x25	; 37
    21a4:	fc 01       	movw	r30, r24
    21a6:	e2 0f       	add	r30, r18
    21a8:	f3 1f       	adc	r31, r19
    21aa:	90 81       	ld	r25, Z
    21ac:	9e 01       	movw	r18, r28
    21ae:	2f 5c       	subi	r18, 0xCF	; 207
    21b0:	3f 4f       	sbci	r19, 0xFF	; 255
    21b2:	84 2f       	mov	r24, r20
    21b4:	69 2f       	mov	r22, r25
    21b6:	a9 01       	movw	r20, r18
    21b8:	0e 94 cd 07 	call	0xf9a	; 0xf9a <DIO_ReadValueForPin>
                if(IsBtnPressed == 0)
    21bc:	89 a9       	ldd	r24, Y+49	; 0x31
    21be:	88 23       	and	r24, r24
    21c0:	71 f5       	brne	.+92     	; 0x221e <KPD_GetKPDValue+0x298>
                {
                    *KPD_Value = KPDValues[R][C];
    21c2:	8f 85       	ldd	r24, Y+15	; 0x0f
    21c4:	28 2f       	mov	r18, r24
    21c6:	30 e0       	ldi	r19, 0x00	; 0
    21c8:	88 89       	ldd	r24, Y+16	; 0x10
    21ca:	48 2f       	mov	r20, r24
    21cc:	50 e0       	ldi	r21, 0x00	; 0
    21ce:	22 0f       	add	r18, r18
    21d0:	33 1f       	adc	r19, r19
    21d2:	22 0f       	add	r18, r18
    21d4:	33 1f       	adc	r19, r19
    21d6:	ce 01       	movw	r24, r28
    21d8:	01 96       	adiw	r24, 0x01	; 1
    21da:	82 0f       	add	r24, r18
    21dc:	93 1f       	adc	r25, r19
    21de:	84 0f       	add	r24, r20
    21e0:	95 1f       	adc	r25, r21
    21e2:	fc 01       	movw	r30, r24
    21e4:	70 96       	adiw	r30, 0x10	; 16
    21e6:	80 81       	ld	r24, Z
    21e8:	ea a9       	ldd	r30, Y+50	; 0x32
    21ea:	fb a9       	ldd	r31, Y+51	; 0x33
    21ec:	80 83       	st	Z, r24
                    DIO_WriteValueForPin(KPD_ColGroups[C], KPD_ColPins[C], DIO_High);
    21ee:	88 89       	ldd	r24, Y+16	; 0x10
    21f0:	28 2f       	mov	r18, r24
    21f2:	30 e0       	ldi	r19, 0x00	; 0
    21f4:	ce 01       	movw	r24, r28
    21f6:	89 96       	adiw	r24, 0x29	; 41
    21f8:	fc 01       	movw	r30, r24
    21fa:	e2 0f       	add	r30, r18
    21fc:	f3 1f       	adc	r31, r19
    21fe:	40 81       	ld	r20, Z
    2200:	88 89       	ldd	r24, Y+16	; 0x10
    2202:	28 2f       	mov	r18, r24
    2204:	30 e0       	ldi	r19, 0x00	; 0
    2206:	ce 01       	movw	r24, r28
    2208:	8d 96       	adiw	r24, 0x2d	; 45
    220a:	fc 01       	movw	r30, r24
    220c:	e2 0f       	add	r30, r18
    220e:	f3 1f       	adc	r31, r19
    2210:	90 81       	ld	r25, Z
    2212:	84 2f       	mov	r24, r20
    2214:	69 2f       	mov	r22, r25
    2216:	41 e0       	ldi	r20, 0x01	; 1
    2218:	0e 94 0e 07 	call	0xe1c	; 0xe1c <DIO_WriteValueForPin>
    221c:	25 c0       	rjmp	.+74     	; 0x2268 <KPD_GetKPDValue+0x2e2>
    uint8_t IsBtnPressed = 1;

    for(uint8_t C = 0; C < KPD_ColNo; C++)
    {
        DIO_WriteValueForPin(KPD_ColGroups[C], KPD_ColPins[C], DIO_Low);
        for(uint8_t R = 0; R < KPD_RowNo; R++)
    221e:	8f 85       	ldd	r24, Y+15	; 0x0f
    2220:	8f 5f       	subi	r24, 0xFF	; 255
    2222:	8f 87       	std	Y+15, r24	; 0x0f
    2224:	8f 85       	ldd	r24, Y+15	; 0x0f
    2226:	84 30       	cpi	r24, 0x04	; 4
    2228:	08 f4       	brcc	.+2      	; 0x222c <KPD_GetKPDValue+0x2a6>
    222a:	1e cf       	rjmp	.-452    	; 0x2068 <KPD_GetKPDValue+0xe2>
                    DIO_WriteValueForPin(KPD_ColGroups[C], KPD_ColPins[C], DIO_High);
                    return ;
                }
            }
        }
        DIO_WriteValueForPin(KPD_ColGroups[C], KPD_ColPins[C], DIO_High);
    222c:	88 89       	ldd	r24, Y+16	; 0x10
    222e:	28 2f       	mov	r18, r24
    2230:	30 e0       	ldi	r19, 0x00	; 0
    2232:	ce 01       	movw	r24, r28
    2234:	89 96       	adiw	r24, 0x29	; 41
    2236:	fc 01       	movw	r30, r24
    2238:	e2 0f       	add	r30, r18
    223a:	f3 1f       	adc	r31, r19
    223c:	40 81       	ld	r20, Z
    223e:	88 89       	ldd	r24, Y+16	; 0x10
    2240:	28 2f       	mov	r18, r24
    2242:	30 e0       	ldi	r19, 0x00	; 0
    2244:	ce 01       	movw	r24, r28
    2246:	8d 96       	adiw	r24, 0x2d	; 45
    2248:	fc 01       	movw	r30, r24
    224a:	e2 0f       	add	r30, r18
    224c:	f3 1f       	adc	r31, r19
    224e:	90 81       	ld	r25, Z
    2250:	84 2f       	mov	r24, r20
    2252:	69 2f       	mov	r22, r25
    2254:	41 e0       	ldi	r20, 0x01	; 1
    2256:	0e 94 0e 07 	call	0xe1c	; 0xe1c <DIO_WriteValueForPin>
    uint8_t KPD_ColPins[KPD_ColNo]   = KPD_ColPinsConfigured;

    *KPD_Value = 0xFF;
    uint8_t IsBtnPressed = 1;

    for(uint8_t C = 0; C < KPD_ColNo; C++)
    225a:	88 89       	ldd	r24, Y+16	; 0x10
    225c:	8f 5f       	subi	r24, 0xFF	; 255
    225e:	88 8b       	std	Y+16, r24	; 0x10
    2260:	88 89       	ldd	r24, Y+16	; 0x10
    2262:	84 30       	cpi	r24, 0x04	; 4
    2264:	08 f4       	brcc	.+2      	; 0x2268 <KPD_GetKPDValue+0x2e2>
    2266:	e7 ce       	rjmp	.-562    	; 0x2036 <KPD_GetKPDValue+0xb0>
                }
            }
        }
        DIO_WriteValueForPin(KPD_ColGroups[C], KPD_ColPins[C], DIO_High);
    }
}
    2268:	e8 96       	adiw	r28, 0x38	; 56
    226a:	0f b6       	in	r0, 0x3f	; 63
    226c:	f8 94       	cli
    226e:	de bf       	out	0x3e, r29	; 62
    2270:	0f be       	out	0x3f, r0	; 63
    2272:	cd bf       	out	0x3d, r28	; 61
    2274:	cf 91       	pop	r28
    2276:	df 91       	pop	r29
    2278:	08 95       	ret

0000227a <DC_Init>:
 */
#include "DCmotor_Private.h"
#include "DCmotor_Interface.h"
//#include "../../Mcal/DIO/DIO_Interface.h"
//#include "../../Mcal/DIO/DIO_Private.h"
void DC_Init(DC_Config *DC_Config) {
    227a:	df 93       	push	r29
    227c:	cf 93       	push	r28
    227e:	00 d0       	rcall	.+0      	; 0x2280 <DC_Init+0x6>
    2280:	cd b7       	in	r28, 0x3d	; 61
    2282:	de b7       	in	r29, 0x3e	; 62
    2284:	9a 83       	std	Y+2, r25	; 0x02
    2286:	89 83       	std	Y+1, r24	; 0x01
	if (DC_Config->Dc_Connection == Dc_WithHBridge) {
    2288:	e9 81       	ldd	r30, Y+1	; 0x01
    228a:	fa 81       	ldd	r31, Y+2	; 0x02
    228c:	80 81       	ld	r24, Z
    228e:	88 23       	and	r24, r24
    2290:	a9 f4       	brne	.+42     	; 0x22bc <DC_Init+0x42>
		DIO_SelectDirectionForPin(DC_Config->M1Group, DC_Config->M1Pin,
    2292:	e9 81       	ldd	r30, Y+1	; 0x01
    2294:	fa 81       	ldd	r31, Y+2	; 0x02
    2296:	82 81       	ldd	r24, Z+2	; 0x02
    2298:	e9 81       	ldd	r30, Y+1	; 0x01
    229a:	fa 81       	ldd	r31, Y+2	; 0x02
    229c:	91 81       	ldd	r25, Z+1	; 0x01
    229e:	69 2f       	mov	r22, r25
    22a0:	41 e0       	ldi	r20, 0x01	; 1
    22a2:	0e 94 4f 06 	call	0xc9e	; 0xc9e <DIO_SelectDirectionForPin>
				DIO_Output);
		DIO_SelectDirectionForPin(DC_Config->M2Group, DC_Config->M2Pin,
    22a6:	e9 81       	ldd	r30, Y+1	; 0x01
    22a8:	fa 81       	ldd	r31, Y+2	; 0x02
    22aa:	84 81       	ldd	r24, Z+4	; 0x04
    22ac:	e9 81       	ldd	r30, Y+1	; 0x01
    22ae:	fa 81       	ldd	r31, Y+2	; 0x02
    22b0:	93 81       	ldd	r25, Z+3	; 0x03
    22b2:	69 2f       	mov	r22, r25
    22b4:	41 e0       	ldi	r20, 0x01	; 1
    22b6:	0e 94 4f 06 	call	0xc9e	; 0xc9e <DIO_SelectDirectionForPin>
    22ba:	0f c0       	rjmp	.+30     	; 0x22da <DC_Init+0x60>
				DIO_Output);

	} else if (DC_Config->Dc_Connection == Dc_WithoutHBridge) {
    22bc:	e9 81       	ldd	r30, Y+1	; 0x01
    22be:	fa 81       	ldd	r31, Y+2	; 0x02
    22c0:	80 81       	ld	r24, Z
    22c2:	81 30       	cpi	r24, 0x01	; 1
    22c4:	51 f4       	brne	.+20     	; 0x22da <DC_Init+0x60>
		DIO_SelectDirectionForPin(DC_Config->M1Group, DC_Config->M1Pin,
    22c6:	e9 81       	ldd	r30, Y+1	; 0x01
    22c8:	fa 81       	ldd	r31, Y+2	; 0x02
    22ca:	82 81       	ldd	r24, Z+2	; 0x02
    22cc:	e9 81       	ldd	r30, Y+1	; 0x01
    22ce:	fa 81       	ldd	r31, Y+2	; 0x02
    22d0:	91 81       	ldd	r25, Z+1	; 0x01
    22d2:	69 2f       	mov	r22, r25
    22d4:	41 e0       	ldi	r20, 0x01	; 1
    22d6:	0e 94 4f 06 	call	0xc9e	; 0xc9e <DIO_SelectDirectionForPin>
				DIO_Output);

	} else {

	}
}
    22da:	0f 90       	pop	r0
    22dc:	0f 90       	pop	r0
    22de:	cf 91       	pop	r28
    22e0:	df 91       	pop	r29
    22e2:	08 95       	ret

000022e4 <DC_On>:
void DC_On(DC_Config *DC_Config) {
    22e4:	df 93       	push	r29
    22e6:	cf 93       	push	r28
    22e8:	00 d0       	rcall	.+0      	; 0x22ea <DC_On+0x6>
    22ea:	cd b7       	in	r28, 0x3d	; 61
    22ec:	de b7       	in	r29, 0x3e	; 62
    22ee:	9a 83       	std	Y+2, r25	; 0x02
    22f0:	89 83       	std	Y+1, r24	; 0x01
	if (DC_Config->Dc_Connection == Dc_WithoutHBridge) {
    22f2:	e9 81       	ldd	r30, Y+1	; 0x01
    22f4:	fa 81       	ldd	r31, Y+2	; 0x02
    22f6:	80 81       	ld	r24, Z
    22f8:	81 30       	cpi	r24, 0x01	; 1
    22fa:	51 f4       	brne	.+20     	; 0x2310 <DC_On+0x2c>
		DIO_WriteValueForPin(DC_Config->M1Group, DC_Config->M1Pin ,DIO_High);
    22fc:	e9 81       	ldd	r30, Y+1	; 0x01
    22fe:	fa 81       	ldd	r31, Y+2	; 0x02
    2300:	82 81       	ldd	r24, Z+2	; 0x02
    2302:	e9 81       	ldd	r30, Y+1	; 0x01
    2304:	fa 81       	ldd	r31, Y+2	; 0x02
    2306:	91 81       	ldd	r25, Z+1	; 0x01
    2308:	69 2f       	mov	r22, r25
    230a:	41 e0       	ldi	r20, 0x01	; 1
    230c:	0e 94 0e 07 	call	0xe1c	; 0xe1c <DIO_WriteValueForPin>

	}
	else {

	}
}
    2310:	0f 90       	pop	r0
    2312:	0f 90       	pop	r0
    2314:	cf 91       	pop	r28
    2316:	df 91       	pop	r29
    2318:	08 95       	ret

0000231a <DC_OFF>:
void DC_OFF(DC_Config *DC_Config) {
    231a:	df 93       	push	r29
    231c:	cf 93       	push	r28
    231e:	00 d0       	rcall	.+0      	; 0x2320 <DC_OFF+0x6>
    2320:	cd b7       	in	r28, 0x3d	; 61
    2322:	de b7       	in	r29, 0x3e	; 62
    2324:	9a 83       	std	Y+2, r25	; 0x02
    2326:	89 83       	std	Y+1, r24	; 0x01
	if (DC_Config->Dc_Connection == Dc_WithoutHBridge) {
    2328:	e9 81       	ldd	r30, Y+1	; 0x01
    232a:	fa 81       	ldd	r31, Y+2	; 0x02
    232c:	80 81       	ld	r24, Z
    232e:	81 30       	cpi	r24, 0x01	; 1
    2330:	59 f4       	brne	.+22     	; 0x2348 <DC_OFF+0x2e>
		DIO_WriteValueForPin(DC_Config->M1Group, DC_Config->M1Pin ,DIO_Low);
    2332:	e9 81       	ldd	r30, Y+1	; 0x01
    2334:	fa 81       	ldd	r31, Y+2	; 0x02
    2336:	82 81       	ldd	r24, Z+2	; 0x02
    2338:	e9 81       	ldd	r30, Y+1	; 0x01
    233a:	fa 81       	ldd	r31, Y+2	; 0x02
    233c:	91 81       	ldd	r25, Z+1	; 0x01
    233e:	69 2f       	mov	r22, r25
    2340:	40 e0       	ldi	r20, 0x00	; 0
    2342:	0e 94 0e 07 	call	0xe1c	; 0xe1c <DIO_WriteValueForPin>
    2346:	19 c0       	rjmp	.+50     	; 0x237a <DC_OFF+0x60>

	}
	else if (DC_Config->Dc_Connection == Dc_WithHBridge) {
    2348:	e9 81       	ldd	r30, Y+1	; 0x01
    234a:	fa 81       	ldd	r31, Y+2	; 0x02
    234c:	80 81       	ld	r24, Z
    234e:	88 23       	and	r24, r24
    2350:	a1 f4       	brne	.+40     	; 0x237a <DC_OFF+0x60>
		DIO_WriteValueForPin(DC_Config->M1Group, DC_Config->M1Pin ,DIO_Low);
    2352:	e9 81       	ldd	r30, Y+1	; 0x01
    2354:	fa 81       	ldd	r31, Y+2	; 0x02
    2356:	82 81       	ldd	r24, Z+2	; 0x02
    2358:	e9 81       	ldd	r30, Y+1	; 0x01
    235a:	fa 81       	ldd	r31, Y+2	; 0x02
    235c:	91 81       	ldd	r25, Z+1	; 0x01
    235e:	69 2f       	mov	r22, r25
    2360:	40 e0       	ldi	r20, 0x00	; 0
    2362:	0e 94 0e 07 	call	0xe1c	; 0xe1c <DIO_WriteValueForPin>
		DIO_WriteValueForPin(DC_Config->M2Group, DC_Config->M2Pin ,DIO_Low);
    2366:	e9 81       	ldd	r30, Y+1	; 0x01
    2368:	fa 81       	ldd	r31, Y+2	; 0x02
    236a:	84 81       	ldd	r24, Z+4	; 0x04
    236c:	e9 81       	ldd	r30, Y+1	; 0x01
    236e:	fa 81       	ldd	r31, Y+2	; 0x02
    2370:	93 81       	ldd	r25, Z+3	; 0x03
    2372:	69 2f       	mov	r22, r25
    2374:	40 e0       	ldi	r20, 0x00	; 0
    2376:	0e 94 0e 07 	call	0xe1c	; 0xe1c <DIO_WriteValueForPin>

	} else {

	}
}
    237a:	0f 90       	pop	r0
    237c:	0f 90       	pop	r0
    237e:	cf 91       	pop	r28
    2380:	df 91       	pop	r29
    2382:	08 95       	ret

00002384 <DC_OnCW>:
///////////
void DC_OnCW(DC_Config *DC_Config){
    2384:	df 93       	push	r29
    2386:	cf 93       	push	r28
    2388:	00 d0       	rcall	.+0      	; 0x238a <DC_OnCW+0x6>
    238a:	cd b7       	in	r28, 0x3d	; 61
    238c:	de b7       	in	r29, 0x3e	; 62
    238e:	9a 83       	std	Y+2, r25	; 0x02
    2390:	89 83       	std	Y+1, r24	; 0x01
	if (DC_Config->Dc_Connection == Dc_WithHBridge) {
    2392:	e9 81       	ldd	r30, Y+1	; 0x01
    2394:	fa 81       	ldd	r31, Y+2	; 0x02
    2396:	80 81       	ld	r24, Z
    2398:	88 23       	and	r24, r24
    239a:	a1 f4       	brne	.+40     	; 0x23c4 <DC_OnCW+0x40>
		DIO_WriteValueForPin(DC_Config->M1Group, DC_Config->M1Pin ,DIO_High);
    239c:	e9 81       	ldd	r30, Y+1	; 0x01
    239e:	fa 81       	ldd	r31, Y+2	; 0x02
    23a0:	82 81       	ldd	r24, Z+2	; 0x02
    23a2:	e9 81       	ldd	r30, Y+1	; 0x01
    23a4:	fa 81       	ldd	r31, Y+2	; 0x02
    23a6:	91 81       	ldd	r25, Z+1	; 0x01
    23a8:	69 2f       	mov	r22, r25
    23aa:	41 e0       	ldi	r20, 0x01	; 1
    23ac:	0e 94 0e 07 	call	0xe1c	; 0xe1c <DIO_WriteValueForPin>
		DIO_WriteValueForPin(DC_Config->M2Group, DC_Config->M2Pin ,DIO_Low);
    23b0:	e9 81       	ldd	r30, Y+1	; 0x01
    23b2:	fa 81       	ldd	r31, Y+2	; 0x02
    23b4:	84 81       	ldd	r24, Z+4	; 0x04
    23b6:	e9 81       	ldd	r30, Y+1	; 0x01
    23b8:	fa 81       	ldd	r31, Y+2	; 0x02
    23ba:	93 81       	ldd	r25, Z+3	; 0x03
    23bc:	69 2f       	mov	r22, r25
    23be:	40 e0       	ldi	r20, 0x00	; 0
    23c0:	0e 94 0e 07 	call	0xe1c	; 0xe1c <DIO_WriteValueForPin>
	}
	else{

	}
}
    23c4:	0f 90       	pop	r0
    23c6:	0f 90       	pop	r0
    23c8:	cf 91       	pop	r28
    23ca:	df 91       	pop	r29
    23cc:	08 95       	ret

000023ce <DC_OnCCW>:
void DC_OnCCW(DC_Config *DC_Config){
    23ce:	df 93       	push	r29
    23d0:	cf 93       	push	r28
    23d2:	00 d0       	rcall	.+0      	; 0x23d4 <DC_OnCCW+0x6>
    23d4:	cd b7       	in	r28, 0x3d	; 61
    23d6:	de b7       	in	r29, 0x3e	; 62
    23d8:	9a 83       	std	Y+2, r25	; 0x02
    23da:	89 83       	std	Y+1, r24	; 0x01
	if (DC_Config->Dc_Connection == Dc_WithHBridge) {
    23dc:	e9 81       	ldd	r30, Y+1	; 0x01
    23de:	fa 81       	ldd	r31, Y+2	; 0x02
    23e0:	80 81       	ld	r24, Z
    23e2:	88 23       	and	r24, r24
    23e4:	a1 f4       	brne	.+40     	; 0x240e <DC_OnCCW+0x40>
		DIO_WriteValueForPin(DC_Config->M1Group, DC_Config->M1Pin ,DIO_Low);
    23e6:	e9 81       	ldd	r30, Y+1	; 0x01
    23e8:	fa 81       	ldd	r31, Y+2	; 0x02
    23ea:	82 81       	ldd	r24, Z+2	; 0x02
    23ec:	e9 81       	ldd	r30, Y+1	; 0x01
    23ee:	fa 81       	ldd	r31, Y+2	; 0x02
    23f0:	91 81       	ldd	r25, Z+1	; 0x01
    23f2:	69 2f       	mov	r22, r25
    23f4:	40 e0       	ldi	r20, 0x00	; 0
    23f6:	0e 94 0e 07 	call	0xe1c	; 0xe1c <DIO_WriteValueForPin>
		DIO_WriteValueForPin(DC_Config->M2Group, DC_Config->M2Pin ,DIO_High);
    23fa:	e9 81       	ldd	r30, Y+1	; 0x01
    23fc:	fa 81       	ldd	r31, Y+2	; 0x02
    23fe:	84 81       	ldd	r24, Z+4	; 0x04
    2400:	e9 81       	ldd	r30, Y+1	; 0x01
    2402:	fa 81       	ldd	r31, Y+2	; 0x02
    2404:	93 81       	ldd	r25, Z+3	; 0x03
    2406:	69 2f       	mov	r22, r25
    2408:	41 e0       	ldi	r20, 0x01	; 1
    240a:	0e 94 0e 07 	call	0xe1c	; 0xe1c <DIO_WriteValueForPin>
	}
	else{

	}
}
    240e:	0f 90       	pop	r0
    2410:	0f 90       	pop	r0
    2412:	cf 91       	pop	r28
    2414:	df 91       	pop	r29
    2416:	08 95       	ret

00002418 <Btn_Init>:

static Button_Type Button2_Type;

static Button_Type Button3_Type;

void Btn_Init(uint8_t ConnectionState, uint8_t BtnNo) {
    2418:	df 93       	push	r29
    241a:	cf 93       	push	r28
    241c:	00 d0       	rcall	.+0      	; 0x241e <Btn_Init+0x6>
    241e:	00 d0       	rcall	.+0      	; 0x2420 <Btn_Init+0x8>
    2420:	cd b7       	in	r28, 0x3d	; 61
    2422:	de b7       	in	r29, 0x3e	; 62
    2424:	89 83       	std	Y+1, r24	; 0x01
    2426:	6a 83       	std	Y+2, r22	; 0x02
	switch (BtnNo) {
    2428:	8a 81       	ldd	r24, Y+2	; 0x02
    242a:	28 2f       	mov	r18, r24
    242c:	30 e0       	ldi	r19, 0x00	; 0
    242e:	3c 83       	std	Y+4, r19	; 0x04
    2430:	2b 83       	std	Y+3, r18	; 0x03
    2432:	8b 81       	ldd	r24, Y+3	; 0x03
    2434:	9c 81       	ldd	r25, Y+4	; 0x04
    2436:	82 30       	cpi	r24, 0x02	; 2
    2438:	91 05       	cpc	r25, r1
    243a:	e9 f0       	breq	.+58     	; 0x2476 <Btn_Init+0x5e>
    243c:	2b 81       	ldd	r18, Y+3	; 0x03
    243e:	3c 81       	ldd	r19, Y+4	; 0x04
    2440:	23 30       	cpi	r18, 0x03	; 3
    2442:	31 05       	cpc	r19, r1
    2444:	59 f1       	breq	.+86     	; 0x249c <Btn_Init+0x84>
    2446:	8b 81       	ldd	r24, Y+3	; 0x03
    2448:	9c 81       	ldd	r25, Y+4	; 0x04
    244a:	81 30       	cpi	r24, 0x01	; 1
    244c:	91 05       	cpc	r25, r1
    244e:	c1 f5       	brne	.+112    	; 0x24c0 <Btn_Init+0xa8>
	case Btn1:
		Button1_Type = ConnectionState;
    2450:	89 81       	ldd	r24, Y+1	; 0x01
    2452:	80 93 98 00 	sts	0x0098, r24

		if (ConnectionState == BUTTON_SINK) {
    2456:	89 81       	ldd	r24, Y+1	; 0x01
    2458:	88 23       	and	r24, r24
    245a:	29 f4       	brne	.+10     	; 0x2466 <Btn_Init+0x4e>
			DIO_EnableInternalPullUp( BUTTON0_Group, BUTTON0_Pin);
    245c:	81 e0       	ldi	r24, 0x01	; 1
    245e:	60 e0       	ldi	r22, 0x00	; 0
    2460:	0e 94 27 09 	call	0x124e	; 0x124e <DIO_EnableInternalPullUp>
    2464:	2d c0       	rjmp	.+90     	; 0x24c0 <Btn_Init+0xa8>
		} else if (ConnectionState == BUTTON_SOURCE) {
    2466:	89 81       	ldd	r24, Y+1	; 0x01
    2468:	81 30       	cpi	r24, 0x01	; 1
    246a:	51 f5       	brne	.+84     	; 0x24c0 <Btn_Init+0xa8>
			DIO_DisableInternalPullUp( BUTTON0_Group, BUTTON0_Pin);
    246c:	81 e0       	ldi	r24, 0x01	; 1
    246e:	60 e0       	ldi	r22, 0x00	; 0
    2470:	0e 94 40 09 	call	0x1280	; 0x1280 <DIO_DisableInternalPullUp>
    2474:	25 c0       	rjmp	.+74     	; 0x24c0 <Btn_Init+0xa8>

		break;

	case Btn2:

		Button2_Type = ConnectionState;
    2476:	89 81       	ldd	r24, Y+1	; 0x01
    2478:	80 93 99 00 	sts	0x0099, r24

		if (ConnectionState == BUTTON_SINK) {
    247c:	89 81       	ldd	r24, Y+1	; 0x01
    247e:	88 23       	and	r24, r24
    2480:	29 f4       	brne	.+10     	; 0x248c <Btn_Init+0x74>
			DIO_EnableInternalPullUp(BUTTON1_Group, BUTTON1_Pin);
    2482:	81 e0       	ldi	r24, 0x01	; 1
    2484:	61 e0       	ldi	r22, 0x01	; 1
    2486:	0e 94 27 09 	call	0x124e	; 0x124e <DIO_EnableInternalPullUp>
    248a:	1a c0       	rjmp	.+52     	; 0x24c0 <Btn_Init+0xa8>
		} else if (ConnectionState == BUTTON_SOURCE) {
    248c:	89 81       	ldd	r24, Y+1	; 0x01
    248e:	81 30       	cpi	r24, 0x01	; 1
    2490:	b9 f4       	brne	.+46     	; 0x24c0 <Btn_Init+0xa8>
			DIO_DisableInternalPullUp( BUTTON1_Group, BUTTON1_Pin);
    2492:	81 e0       	ldi	r24, 0x01	; 1
    2494:	61 e0       	ldi	r22, 0x01	; 1
    2496:	0e 94 40 09 	call	0x1280	; 0x1280 <DIO_DisableInternalPullUp>
    249a:	12 c0       	rjmp	.+36     	; 0x24c0 <Btn_Init+0xa8>

		break;

	case Btn3:

		Button3_Type = ConnectionState;
    249c:	89 81       	ldd	r24, Y+1	; 0x01
    249e:	80 93 9a 00 	sts	0x009A, r24

		if (ConnectionState == BUTTON_SINK) {
    24a2:	89 81       	ldd	r24, Y+1	; 0x01
    24a4:	88 23       	and	r24, r24
    24a6:	29 f4       	brne	.+10     	; 0x24b2 <Btn_Init+0x9a>
			DIO_EnableInternalPullUp(
    24a8:	81 e0       	ldi	r24, 0x01	; 1
    24aa:	62 e0       	ldi	r22, 0x02	; 2
    24ac:	0e 94 27 09 	call	0x124e	; 0x124e <DIO_EnableInternalPullUp>
    24b0:	07 c0       	rjmp	.+14     	; 0x24c0 <Btn_Init+0xa8>
			BUTTON2_Group,
			BUTTON2_Pin);
		} else if (ConnectionState == BUTTON_SOURCE) {
    24b2:	89 81       	ldd	r24, Y+1	; 0x01
    24b4:	81 30       	cpi	r24, 0x01	; 1
    24b6:	21 f4       	brne	.+8      	; 0x24c0 <Btn_Init+0xa8>
			DIO_DisableInternalPullUp( BUTTON2_Group, BUTTON2_Pin);
    24b8:	81 e0       	ldi	r24, 0x01	; 1
    24ba:	62 e0       	ldi	r22, 0x02	; 2
    24bc:	0e 94 40 09 	call	0x1280	; 0x1280 <DIO_DisableInternalPullUp>
		break;

	default:
		break;
	}
}
    24c0:	0f 90       	pop	r0
    24c2:	0f 90       	pop	r0
    24c4:	0f 90       	pop	r0
    24c6:	0f 90       	pop	r0
    24c8:	cf 91       	pop	r28
    24ca:	df 91       	pop	r29
    24cc:	08 95       	ret

000024ce <Btn_GetState>:

uint8_t Btn_GetState(uint8_t BtnNo, uint8_t ConnectionState) {
    24ce:	df 93       	push	r29
    24d0:	cf 93       	push	r28
    24d2:	00 d0       	rcall	.+0      	; 0x24d4 <Btn_GetState+0x6>
    24d4:	00 d0       	rcall	.+0      	; 0x24d6 <Btn_GetState+0x8>
    24d6:	00 d0       	rcall	.+0      	; 0x24d8 <Btn_GetState+0xa>
    24d8:	cd b7       	in	r28, 0x3d	; 61
    24da:	de b7       	in	r29, 0x3e	; 62
    24dc:	8a 83       	std	Y+2, r24	; 0x02
    24de:	6b 83       	std	Y+3, r22	; 0x03
	uint8_t InputValue;

	switch (BtnNo) {
    24e0:	8a 81       	ldd	r24, Y+2	; 0x02
    24e2:	28 2f       	mov	r18, r24
    24e4:	30 e0       	ldi	r19, 0x00	; 0
    24e6:	3e 83       	std	Y+6, r19	; 0x06
    24e8:	2d 83       	std	Y+5, r18	; 0x05
    24ea:	8d 81       	ldd	r24, Y+5	; 0x05
    24ec:	9e 81       	ldd	r25, Y+6	; 0x06
    24ee:	82 30       	cpi	r24, 0x02	; 2
    24f0:	91 05       	cpc	r25, r1
    24f2:	61 f1       	breq	.+88     	; 0x254c <Btn_GetState+0x7e>
    24f4:	2d 81       	ldd	r18, Y+5	; 0x05
    24f6:	3e 81       	ldd	r19, Y+6	; 0x06
    24f8:	23 30       	cpi	r18, 0x03	; 3
    24fa:	31 05       	cpc	r19, r1
    24fc:	09 f4       	brne	.+2      	; 0x2500 <Btn_GetState+0x32>
    24fe:	46 c0       	rjmp	.+140    	; 0x258c <Btn_GetState+0xbe>
    2500:	8d 81       	ldd	r24, Y+5	; 0x05
    2502:	9e 81       	ldd	r25, Y+6	; 0x06
    2504:	81 30       	cpi	r24, 0x01	; 1
    2506:	91 05       	cpc	r25, r1
    2508:	09 f0       	breq	.+2      	; 0x250c <Btn_GetState+0x3e>
    250a:	60 c0       	rjmp	.+192    	; 0x25cc <Btn_GetState+0xfe>
	case Btn1:
		DIO_ReadValueForPin(BUTTON0_Group, BUTTON0_Pin, &InputValue);
    250c:	81 e0       	ldi	r24, 0x01	; 1
    250e:	60 e0       	ldi	r22, 0x00	; 0
    2510:	9e 01       	movw	r18, r28
    2512:	2f 5f       	subi	r18, 0xFF	; 255
    2514:	3f 4f       	sbci	r19, 0xFF	; 255
    2516:	a9 01       	movw	r20, r18
    2518:	0e 94 cd 07 	call	0xf9a	; 0xf9a <DIO_ReadValueForPin>

		if (ConnectionState == BUTTON_SINK) {
    251c:	8b 81       	ldd	r24, Y+3	; 0x03
    251e:	88 23       	and	r24, r24
    2520:	41 f4       	brne	.+16     	; 0x2532 <Btn_GetState+0x64>
			if (InputValue == SinkNotPressed) {
    2522:	89 81       	ldd	r24, Y+1	; 0x01
    2524:	81 30       	cpi	r24, 0x01	; 1
    2526:	19 f4       	brne	.+6      	; 0x252e <Btn_GetState+0x60>
				return SinkNotPressed;
    2528:	91 e0       	ldi	r25, 0x01	; 1
    252a:	9c 83       	std	Y+4, r25	; 0x04
    252c:	50 c0       	rjmp	.+160    	; 0x25ce <Btn_GetState+0x100>
			} else {
				return SinkPressed;
    252e:	1c 82       	std	Y+4, r1	; 0x04
    2530:	4e c0       	rjmp	.+156    	; 0x25ce <Btn_GetState+0x100>
			}
		} else if (ConnectionState == BUTTON_SOURCE) {
    2532:	8b 81       	ldd	r24, Y+3	; 0x03
    2534:	81 30       	cpi	r24, 0x01	; 1
    2536:	41 f4       	brne	.+16     	; 0x2548 <Btn_GetState+0x7a>
			if (InputValue == SourceNotPressed) {
    2538:	89 81       	ldd	r24, Y+1	; 0x01
    253a:	88 23       	and	r24, r24
    253c:	11 f4       	brne	.+4      	; 0x2542 <Btn_GetState+0x74>
				return SourceNotPressed;
    253e:	1c 82       	std	Y+4, r1	; 0x04
    2540:	46 c0       	rjmp	.+140    	; 0x25ce <Btn_GetState+0x100>
			} else {
				return SourcePressed;
    2542:	21 e0       	ldi	r18, 0x01	; 1
    2544:	2c 83       	std	Y+4, r18	; 0x04
    2546:	43 c0       	rjmp	.+134    	; 0x25ce <Btn_GetState+0x100>
			}
		} else {
			return 0;
    2548:	1c 82       	std	Y+4, r1	; 0x04
    254a:	41 c0       	rjmp	.+130    	; 0x25ce <Btn_GetState+0x100>
		}

		break;

	case Btn2:
		DIO_ReadValueForPin(BUTTON1_Group, BUTTON1_Pin, &InputValue);
    254c:	81 e0       	ldi	r24, 0x01	; 1
    254e:	61 e0       	ldi	r22, 0x01	; 1
    2550:	9e 01       	movw	r18, r28
    2552:	2f 5f       	subi	r18, 0xFF	; 255
    2554:	3f 4f       	sbci	r19, 0xFF	; 255
    2556:	a9 01       	movw	r20, r18
    2558:	0e 94 cd 07 	call	0xf9a	; 0xf9a <DIO_ReadValueForPin>

		if (ConnectionState == BUTTON_SINK) {
    255c:	8b 81       	ldd	r24, Y+3	; 0x03
    255e:	88 23       	and	r24, r24
    2560:	41 f4       	brne	.+16     	; 0x2572 <Btn_GetState+0xa4>
			if (InputValue == SinkNotPressed) {
    2562:	89 81       	ldd	r24, Y+1	; 0x01
    2564:	81 30       	cpi	r24, 0x01	; 1
    2566:	19 f4       	brne	.+6      	; 0x256e <Btn_GetState+0xa0>
				return SinkNotPressed;
    2568:	31 e0       	ldi	r19, 0x01	; 1
    256a:	3c 83       	std	Y+4, r19	; 0x04
    256c:	30 c0       	rjmp	.+96     	; 0x25ce <Btn_GetState+0x100>
			} else {
				return SinkPressed;
    256e:	1c 82       	std	Y+4, r1	; 0x04
    2570:	2e c0       	rjmp	.+92     	; 0x25ce <Btn_GetState+0x100>
			}
		} else if (ConnectionState == BUTTON_SOURCE) {
    2572:	8b 81       	ldd	r24, Y+3	; 0x03
    2574:	81 30       	cpi	r24, 0x01	; 1
    2576:	41 f4       	brne	.+16     	; 0x2588 <Btn_GetState+0xba>
			if (InputValue == SourceNotPressed) {
    2578:	89 81       	ldd	r24, Y+1	; 0x01
    257a:	88 23       	and	r24, r24
    257c:	11 f4       	brne	.+4      	; 0x2582 <Btn_GetState+0xb4>
				return SourceNotPressed;
    257e:	1c 82       	std	Y+4, r1	; 0x04
    2580:	26 c0       	rjmp	.+76     	; 0x25ce <Btn_GetState+0x100>
			} else {
				return SourcePressed;
    2582:	81 e0       	ldi	r24, 0x01	; 1
    2584:	8c 83       	std	Y+4, r24	; 0x04
    2586:	23 c0       	rjmp	.+70     	; 0x25ce <Btn_GetState+0x100>
			}
		} else {
			return 0;
    2588:	1c 82       	std	Y+4, r1	; 0x04
    258a:	21 c0       	rjmp	.+66     	; 0x25ce <Btn_GetState+0x100>

			//error code
		}
		break;
	case Btn3:
		DIO_ReadValueForPin(BUTTON2_Group, BUTTON2_Pin, &InputValue);
    258c:	81 e0       	ldi	r24, 0x01	; 1
    258e:	62 e0       	ldi	r22, 0x02	; 2
    2590:	9e 01       	movw	r18, r28
    2592:	2f 5f       	subi	r18, 0xFF	; 255
    2594:	3f 4f       	sbci	r19, 0xFF	; 255
    2596:	a9 01       	movw	r20, r18
    2598:	0e 94 cd 07 	call	0xf9a	; 0xf9a <DIO_ReadValueForPin>

		if (ConnectionState == BUTTON_SINK) {
    259c:	8b 81       	ldd	r24, Y+3	; 0x03
    259e:	88 23       	and	r24, r24
    25a0:	41 f4       	brne	.+16     	; 0x25b2 <Btn_GetState+0xe4>
			if (InputValue == SinkNotPressed) {
    25a2:	89 81       	ldd	r24, Y+1	; 0x01
    25a4:	81 30       	cpi	r24, 0x01	; 1
    25a6:	19 f4       	brne	.+6      	; 0x25ae <Btn_GetState+0xe0>
				return SinkNotPressed;
    25a8:	91 e0       	ldi	r25, 0x01	; 1
    25aa:	9c 83       	std	Y+4, r25	; 0x04
    25ac:	10 c0       	rjmp	.+32     	; 0x25ce <Btn_GetState+0x100>
			} else {
				return SinkPressed;
    25ae:	1c 82       	std	Y+4, r1	; 0x04
    25b0:	0e c0       	rjmp	.+28     	; 0x25ce <Btn_GetState+0x100>
			}
		} else if (ConnectionState == BUTTON_SOURCE) {
    25b2:	8b 81       	ldd	r24, Y+3	; 0x03
    25b4:	81 30       	cpi	r24, 0x01	; 1
    25b6:	41 f4       	brne	.+16     	; 0x25c8 <Btn_GetState+0xfa>
			if (InputValue == SourceNotPressed) {
    25b8:	89 81       	ldd	r24, Y+1	; 0x01
    25ba:	88 23       	and	r24, r24
    25bc:	11 f4       	brne	.+4      	; 0x25c2 <Btn_GetState+0xf4>
				return SourceNotPressed;
    25be:	1c 82       	std	Y+4, r1	; 0x04
    25c0:	06 c0       	rjmp	.+12     	; 0x25ce <Btn_GetState+0x100>
			} else {
				return SourcePressed;
    25c2:	21 e0       	ldi	r18, 0x01	; 1
    25c4:	2c 83       	std	Y+4, r18	; 0x04
    25c6:	03 c0       	rjmp	.+6      	; 0x25ce <Btn_GetState+0x100>
			}
		} else {
			return 0;
    25c8:	1c 82       	std	Y+4, r1	; 0x04
    25ca:	01 c0       	rjmp	.+2      	; 0x25ce <Btn_GetState+0x100>
			//error code
		}
		break;
	default:
		return 0;
    25cc:	1c 82       	std	Y+4, r1	; 0x04
    25ce:	8c 81       	ldd	r24, Y+4	; 0x04
	}

}
    25d0:	26 96       	adiw	r28, 0x06	; 6
    25d2:	0f b6       	in	r0, 0x3f	; 63
    25d4:	f8 94       	cli
    25d6:	de bf       	out	0x3e, r29	; 62
    25d8:	0f be       	out	0x3f, r0	; 63
    25da:	cd bf       	out	0x3d, r28	; 61
    25dc:	cf 91       	pop	r28
    25de:	df 91       	pop	r29
    25e0:	08 95       	ret

000025e2 <Buzzer_Off>:

Buzzer_Config_t Buzzer_Config;


void Buzzer_Off(void)
{       DIO_WriteValueForPin(Buzzer_Config.GroupName,
    25e2:	df 93       	push	r29
    25e4:	cf 93       	push	r28
    25e6:	cd b7       	in	r28, 0x3d	; 61
    25e8:	de b7       	in	r29, 0x3e	; 62
    25ea:	80 91 a1 00 	lds	r24, 0x00A1
    25ee:	90 91 a2 00 	lds	r25, 0x00A2
    25f2:	69 2f       	mov	r22, r25
    25f4:	40 e0       	ldi	r20, 0x00	; 0
    25f6:	0e 94 0e 07 	call	0xe1c	; 0xe1c <DIO_WriteValueForPin>
        Buzzer_Config.PinNo,
        DIO_Low);
}
    25fa:	cf 91       	pop	r28
    25fc:	df 91       	pop	r29
    25fe:	08 95       	ret

00002600 <Buzzer_Init>:



void Buzzer_Init(Buzzer_Config_t *Config)
{
    2600:	df 93       	push	r29
    2602:	cf 93       	push	r28
    2604:	00 d0       	rcall	.+0      	; 0x2606 <Buzzer_Init+0x6>
    2606:	cd b7       	in	r28, 0x3d	; 61
    2608:	de b7       	in	r29, 0x3e	; 62
    260a:	9a 83       	std	Y+2, r25	; 0x02
    260c:	89 83       	std	Y+1, r24	; 0x01
    Buzzer_Config = *Config;
    260e:	e9 81       	ldd	r30, Y+1	; 0x01
    2610:	fa 81       	ldd	r31, Y+2	; 0x02
    2612:	80 81       	ld	r24, Z
    2614:	91 81       	ldd	r25, Z+1	; 0x01
    2616:	90 93 a2 00 	sts	0x00A2, r25
    261a:	80 93 a1 00 	sts	0x00A1, r24

    DIO_SelectDirectionForPin(
    261e:	80 91 a1 00 	lds	r24, 0x00A1
    2622:	90 91 a2 00 	lds	r25, 0x00A2
    2626:	69 2f       	mov	r22, r25
    2628:	41 e0       	ldi	r20, 0x01	; 1
    262a:	0e 94 4f 06 	call	0xc9e	; 0xc9e <DIO_SelectDirectionForPin>
        Buzzer_Config.GroupName,
        Buzzer_Config.PinNo,
        DIO_Output
    );

    Buzzer_Off();
    262e:	0e 94 f1 12 	call	0x25e2	; 0x25e2 <Buzzer_Off>
}
    2632:	0f 90       	pop	r0
    2634:	0f 90       	pop	r0
    2636:	cf 91       	pop	r28
    2638:	df 91       	pop	r29
    263a:	08 95       	ret

0000263c <Buzzer_On>:

void Buzzer_On(void)
{
    263c:	df 93       	push	r29
    263e:	cf 93       	push	r28
    2640:	cd b7       	in	r28, 0x3d	; 61
    2642:	de b7       	in	r29, 0x3e	; 62
    DIO_WriteValueForPin(Buzzer_Config.GroupName,
    2644:	80 91 a1 00 	lds	r24, 0x00A1
    2648:	90 91 a2 00 	lds	r25, 0x00A2
    264c:	69 2f       	mov	r22, r25
    264e:	41 e0       	ldi	r20, 0x01	; 1
    2650:	0e 94 0e 07 	call	0xe1c	; 0xe1c <DIO_WriteValueForPin>
        Buzzer_Config.PinNo,
        DIO_High);
}
    2654:	cf 91       	pop	r28
    2656:	df 91       	pop	r29
    2658:	08 95       	ret

0000265a <Buzzer_Toggle>:

void Buzzer_Toggle(void)
{
    265a:	df 93       	push	r29
    265c:	cf 93       	push	r28
    265e:	cd b7       	in	r28, 0x3d	; 61
    2660:	de b7       	in	r29, 0x3e	; 62
    DIO_ToggleAtPin(Buzzer_Config.GroupName,
    2662:	80 91 a1 00 	lds	r24, 0x00A1
    2666:	90 91 a2 00 	lds	r25, 0x00A2
    266a:	69 2f       	mov	r22, r25
    266c:	0e 94 7d 08 	call	0x10fa	; 0x10fa <DIO_ToggleAtPin>
        Buzzer_Config.PinNo);
}
    2670:	cf 91       	pop	r28
    2672:	df 91       	pop	r29
    2674:	08 95       	ret

00002676 <Button_Init>:


#include "../../Common/BitMath.h"
static Button_Config_t Button_Config[3];

void Button_Init(uint8_t Button_ID, uint8_t GroupName, uint8_t PinNo){
    2676:	df 93       	push	r29
    2678:	cf 93       	push	r28
    267a:	00 d0       	rcall	.+0      	; 0x267c <Button_Init+0x6>
    267c:	0f 92       	push	r0
    267e:	cd b7       	in	r28, 0x3d	; 61
    2680:	de b7       	in	r29, 0x3e	; 62
    2682:	89 83       	std	Y+1, r24	; 0x01
    2684:	6a 83       	std	Y+2, r22	; 0x02
    2686:	4b 83       	std	Y+3, r20	; 0x03
	Button_Config[Button_ID].GroupName=GroupName;
    2688:	89 81       	ldd	r24, Y+1	; 0x01
    268a:	88 2f       	mov	r24, r24
    268c:	90 e0       	ldi	r25, 0x00	; 0
    268e:	88 0f       	add	r24, r24
    2690:	99 1f       	adc	r25, r25
    2692:	fc 01       	movw	r30, r24
    2694:	e5 56       	subi	r30, 0x65	; 101
    2696:	ff 4f       	sbci	r31, 0xFF	; 255
    2698:	8a 81       	ldd	r24, Y+2	; 0x02
    269a:	80 83       	st	Z, r24
	Button_Config[Button_ID].PinNo=PinNo;
    269c:	89 81       	ldd	r24, Y+1	; 0x01
    269e:	88 2f       	mov	r24, r24
    26a0:	90 e0       	ldi	r25, 0x00	; 0
    26a2:	88 0f       	add	r24, r24
    26a4:	99 1f       	adc	r25, r25
    26a6:	fc 01       	movw	r30, r24
    26a8:	e4 56       	subi	r30, 0x64	; 100
    26aa:	ff 4f       	sbci	r31, 0xFF	; 255
    26ac:	8b 81       	ldd	r24, Y+3	; 0x03
    26ae:	80 83       	st	Z, r24

	DIO_EnableInternalPullUp(Button_Config[Button_ID].GroupName,Button_Config[Button_ID].PinNo);
    26b0:	89 81       	ldd	r24, Y+1	; 0x01
    26b2:	88 2f       	mov	r24, r24
    26b4:	90 e0       	ldi	r25, 0x00	; 0
    26b6:	88 0f       	add	r24, r24
    26b8:	99 1f       	adc	r25, r25
    26ba:	fc 01       	movw	r30, r24
    26bc:	e5 56       	subi	r30, 0x65	; 101
    26be:	ff 4f       	sbci	r31, 0xFF	; 255
    26c0:	80 81       	ld	r24, Z
    26c2:	48 2f       	mov	r20, r24
    26c4:	50 e0       	ldi	r21, 0x00	; 0
    26c6:	89 81       	ldd	r24, Y+1	; 0x01
    26c8:	88 2f       	mov	r24, r24
    26ca:	90 e0       	ldi	r25, 0x00	; 0
    26cc:	88 0f       	add	r24, r24
    26ce:	99 1f       	adc	r25, r25
    26d0:	fc 01       	movw	r30, r24
    26d2:	e4 56       	subi	r30, 0x64	; 100
    26d4:	ff 4f       	sbci	r31, 0xFF	; 255
    26d6:	80 81       	ld	r24, Z
    26d8:	28 2f       	mov	r18, r24
    26da:	30 e0       	ldi	r19, 0x00	; 0
    26dc:	ca 01       	movw	r24, r20
    26de:	b9 01       	movw	r22, r18
    26e0:	0e 94 27 09 	call	0x124e	; 0x124e <DIO_EnableInternalPullUp>
}
    26e4:	0f 90       	pop	r0
    26e6:	0f 90       	pop	r0
    26e8:	0f 90       	pop	r0
    26ea:	cf 91       	pop	r28
    26ec:	df 91       	pop	r29
    26ee:	08 95       	ret

000026f0 <Button_GetState>:

uint8_t Button_GetState(uint8_t Button_ID)
{
    26f0:	df 93       	push	r29
    26f2:	cf 93       	push	r28
    26f4:	00 d0       	rcall	.+0      	; 0x26f6 <Button_GetState+0x6>
    26f6:	0f 92       	push	r0
    26f8:	cd b7       	in	r28, 0x3d	; 61
    26fa:	de b7       	in	r29, 0x3e	; 62
    26fc:	8a 83       	std	Y+2, r24	; 0x02
    uint8_t InputValue;

    DIO_ReadValueForPin(
    26fe:	8a 81       	ldd	r24, Y+2	; 0x02
    2700:	88 2f       	mov	r24, r24
    2702:	90 e0       	ldi	r25, 0x00	; 0
    2704:	88 0f       	add	r24, r24
    2706:	99 1f       	adc	r25, r25
    2708:	fc 01       	movw	r30, r24
    270a:	e5 56       	subi	r30, 0x65	; 101
    270c:	ff 4f       	sbci	r31, 0xFF	; 255
    270e:	80 81       	ld	r24, Z
    2710:	48 2f       	mov	r20, r24
    2712:	50 e0       	ldi	r21, 0x00	; 0
    2714:	8a 81       	ldd	r24, Y+2	; 0x02
    2716:	88 2f       	mov	r24, r24
    2718:	90 e0       	ldi	r25, 0x00	; 0
    271a:	88 0f       	add	r24, r24
    271c:	99 1f       	adc	r25, r25
    271e:	fc 01       	movw	r30, r24
    2720:	e4 56       	subi	r30, 0x64	; 100
    2722:	ff 4f       	sbci	r31, 0xFF	; 255
    2724:	80 81       	ld	r24, Z
    2726:	28 2f       	mov	r18, r24
    2728:	30 e0       	ldi	r19, 0x00	; 0
    272a:	ca 01       	movw	r24, r20
    272c:	b9 01       	movw	r22, r18
    272e:	9e 01       	movw	r18, r28
    2730:	2f 5f       	subi	r18, 0xFF	; 255
    2732:	3f 4f       	sbci	r19, 0xFF	; 255
    2734:	a9 01       	movw	r20, r18
    2736:	0e 94 cd 07 	call	0xf9a	; 0xf9a <DIO_ReadValueForPin>
        Button_Config[Button_ID].GroupName,
        Button_Config[Button_ID].PinNo,
        &InputValue
    );

    if (InputValue == DIO_High)
    273a:	89 81       	ldd	r24, Y+1	; 0x01
    273c:	81 30       	cpi	r24, 0x01	; 1
    273e:	19 f4       	brne	.+6      	; 0x2746 <Button_GetState+0x56>
    {
        return BUTTON_NOT_PRESSED;
    2740:	81 e0       	ldi	r24, 0x01	; 1
    2742:	8b 83       	std	Y+3, r24	; 0x03
    2744:	01 c0       	rjmp	.+2      	; 0x2748 <Button_GetState+0x58>
    }
    else
    {
        return BUTTON_PRESSED;
    2746:	1b 82       	std	Y+3, r1	; 0x03
    2748:	8b 81       	ldd	r24, Y+3	; 0x03
    }
}
    274a:	0f 90       	pop	r0
    274c:	0f 90       	pop	r0
    274e:	0f 90       	pop	r0
    2750:	cf 91       	pop	r28
    2752:	df 91       	pop	r29
    2754:	08 95       	ret

00002756 <main>:
Buzzer_Config_t Buzzer = {
		.GroupName = DIO_GroupC,
		.PinNo = DIO_pin0
};
int main(void)
{
    2756:	0f 93       	push	r16
    2758:	1f 93       	push	r17
    275a:	df 93       	push	r29
    275c:	cf 93       	push	r28
    275e:	cd b7       	in	r28, 0x3d	; 61
    2760:	de b7       	in	r29, 0x3e	; 62
    2762:	cd 5c       	subi	r28, 0xCD	; 205
    2764:	d0 40       	sbci	r29, 0x00	; 0
    2766:	0f b6       	in	r0, 0x3f	; 63
    2768:	f8 94       	cli
    276a:	de bf       	out	0x3e, r29	; 62
    276c:	0f be       	out	0x3f, r0	; 63
    276e:	cd bf       	out	0x3d, r28	; 61
	uint8_t passLength=3;
    2770:	fe 01       	movw	r30, r28
    2772:	e6 54       	subi	r30, 0x46	; 70
    2774:	ff 4f       	sbci	r31, 0xFF	; 255
    2776:	83 e0       	ldi	r24, 0x03	; 3
    2778:	80 83       	st	Z, r24
	uint8_t PressedKey = 0xFF;
    277a:	fe 01       	movw	r30, r28
    277c:	e5 54       	subi	r30, 0x45	; 69
    277e:	ff 4f       	sbci	r31, 0xFF	; 255
    2780:	8f ef       	ldi	r24, 0xFF	; 255
    2782:	80 83       	st	Z, r24
	uint8_t password[3] = { '2', '5', '5' };
    2784:	ce 01       	movw	r24, r28
    2786:	84 54       	subi	r24, 0x44	; 68
    2788:	9f 4f       	sbci	r25, 0xFF	; 255
    278a:	c7 53       	subi	r28, 0x37	; 55
    278c:	df 4f       	sbci	r29, 0xFF	; 255
    278e:	99 83       	std	Y+1, r25	; 0x01
    2790:	88 83       	st	Y, r24
    2792:	c9 5c       	subi	r28, 0xC9	; 201
    2794:	d0 40       	sbci	r29, 0x00	; 0
    2796:	84 e8       	ldi	r24, 0x84	; 132
    2798:	90 e0       	ldi	r25, 0x00	; 0
    279a:	c5 53       	subi	r28, 0x35	; 53
    279c:	df 4f       	sbci	r29, 0xFF	; 255
    279e:	99 83       	std	Y+1, r25	; 0x01
    27a0:	88 83       	st	Y, r24
    27a2:	cb 5c       	subi	r28, 0xCB	; 203
    27a4:	d0 40       	sbci	r29, 0x00	; 0
    27a6:	93 e0       	ldi	r25, 0x03	; 3
    27a8:	c3 53       	subi	r28, 0x33	; 51
    27aa:	df 4f       	sbci	r29, 0xFF	; 255
    27ac:	98 83       	st	Y, r25
    27ae:	cd 5c       	subi	r28, 0xCD	; 205
    27b0:	d0 40       	sbci	r29, 0x00	; 0
    27b2:	c5 53       	subi	r28, 0x35	; 53
    27b4:	df 4f       	sbci	r29, 0xFF	; 255
    27b6:	a8 81       	ld	r26, Y
    27b8:	b9 81       	ldd	r27, Y+1	; 0x01
    27ba:	cb 5c       	subi	r28, 0xCB	; 203
    27bc:	d0 40       	sbci	r29, 0x00	; 0
    27be:	0c 90       	ld	r0, X
    27c0:	c5 53       	subi	r28, 0x35	; 53
    27c2:	df 4f       	sbci	r29, 0xFF	; 255
    27c4:	e8 81       	ld	r30, Y
    27c6:	f9 81       	ldd	r31, Y+1	; 0x01
    27c8:	cb 5c       	subi	r28, 0xCB	; 203
    27ca:	d0 40       	sbci	r29, 0x00	; 0
    27cc:	31 96       	adiw	r30, 0x01	; 1
    27ce:	c5 53       	subi	r28, 0x35	; 53
    27d0:	df 4f       	sbci	r29, 0xFF	; 255
    27d2:	f9 83       	std	Y+1, r31	; 0x01
    27d4:	e8 83       	st	Y, r30
    27d6:	cb 5c       	subi	r28, 0xCB	; 203
    27d8:	d0 40       	sbci	r29, 0x00	; 0
    27da:	c7 53       	subi	r28, 0x37	; 55
    27dc:	df 4f       	sbci	r29, 0xFF	; 255
    27de:	a8 81       	ld	r26, Y
    27e0:	b9 81       	ldd	r27, Y+1	; 0x01
    27e2:	c9 5c       	subi	r28, 0xC9	; 201
    27e4:	d0 40       	sbci	r29, 0x00	; 0
    27e6:	0c 92       	st	X, r0
    27e8:	c7 53       	subi	r28, 0x37	; 55
    27ea:	df 4f       	sbci	r29, 0xFF	; 255
    27ec:	e8 81       	ld	r30, Y
    27ee:	f9 81       	ldd	r31, Y+1	; 0x01
    27f0:	c9 5c       	subi	r28, 0xC9	; 201
    27f2:	d0 40       	sbci	r29, 0x00	; 0
    27f4:	31 96       	adiw	r30, 0x01	; 1
    27f6:	c7 53       	subi	r28, 0x37	; 55
    27f8:	df 4f       	sbci	r29, 0xFF	; 255
    27fa:	f9 83       	std	Y+1, r31	; 0x01
    27fc:	e8 83       	st	Y, r30
    27fe:	c9 5c       	subi	r28, 0xC9	; 201
    2800:	d0 40       	sbci	r29, 0x00	; 0
    2802:	c3 53       	subi	r28, 0x33	; 51
    2804:	df 4f       	sbci	r29, 0xFF	; 255
    2806:	f8 81       	ld	r31, Y
    2808:	cd 5c       	subi	r28, 0xCD	; 205
    280a:	d0 40       	sbci	r29, 0x00	; 0
    280c:	f1 50       	subi	r31, 0x01	; 1
    280e:	c3 53       	subi	r28, 0x33	; 51
    2810:	df 4f       	sbci	r29, 0xFF	; 255
    2812:	f8 83       	st	Y, r31
    2814:	cd 5c       	subi	r28, 0xCD	; 205
    2816:	d0 40       	sbci	r29, 0x00	; 0
    2818:	c3 53       	subi	r28, 0x33	; 51
    281a:	df 4f       	sbci	r29, 0xFF	; 255
    281c:	88 81       	ld	r24, Y
    281e:	cd 5c       	subi	r28, 0xCD	; 205
    2820:	d0 40       	sbci	r29, 0x00	; 0
    2822:	88 23       	and	r24, r24
    2824:	31 f6       	brne	.-116    	; 0x27b2 <main+0x5c>
	uint8_t Enterpassword[10] = { 0 };
    2826:	ce 01       	movw	r24, r28
    2828:	81 54       	subi	r24, 0x41	; 65
    282a:	9f 4f       	sbci	r25, 0xFF	; 255
    282c:	2a e0       	ldi	r18, 0x0A	; 10
    282e:	fc 01       	movw	r30, r24
    2830:	df 01       	movw	r26, r30
    2832:	82 2f       	mov	r24, r18
    2834:	1d 92       	st	X+, r1
    2836:	8a 95       	dec	r24
    2838:	e9 f7       	brne	.-6      	; 0x2834 <main+0xde>
	uint8_t PasswordIndex = 0;
    283a:	fe 01       	movw	r30, r28
    283c:	e7 54       	subi	r30, 0x47	; 71
    283e:	ff 4f       	sbci	r31, 0xFF	; 255
    2840:	10 82       	st	Z, r1
	uint8_t threetimes = 3;
    2842:	fe 01       	movw	r30, r28
    2844:	e8 54       	subi	r30, 0x48	; 72
    2846:	ff 4f       	sbci	r31, 0xFF	; 255
    2848:	83 e0       	ldi	r24, 0x03	; 3
    284a:	80 83       	st	Z, r24


	/* Initialize Keypad */
	KPD_Init();
    284c:	0e 94 26 0f 	call	0x1e4c	; 0x1e4c <KPD_Init>

	Buzzer_Init(&Buzzer);
    2850:	82 e7       	ldi	r24, 0x72	; 114
    2852:	90 e0       	ldi	r25, 0x00	; 0
    2854:	0e 94 00 13 	call	0x2600	; 0x2600 <Buzzer_Init>

	/* Initialize LEDs */
	LED_Init(LED1, DIO_GroupA, DIO_pin0);
    2858:	80 e0       	ldi	r24, 0x00	; 0
    285a:	61 e0       	ldi	r22, 0x01	; 1
    285c:	40 e0       	ldi	r20, 0x00	; 0
    285e:	0e 94 97 09 	call	0x132e	; 0x132e <LED_Init>
	LED_Init(LED2, DIO_GroupA, DIO_pin1);
    2862:	81 e0       	ldi	r24, 0x01	; 1
    2864:	61 e0       	ldi	r22, 0x01	; 1
    2866:	41 e0       	ldi	r20, 0x01	; 1
    2868:	0e 94 97 09 	call	0x132e	; 0x132e <LED_Init>
	LED_Init(LED3, DIO_GroupA, DIO_pin2);
    286c:	82 e0       	ldi	r24, 0x02	; 2
    286e:	61 e0       	ldi	r22, 0x01	; 1
    2870:	42 e0       	ldi	r20, 0x02	; 2
    2872:	0e 94 97 09 	call	0x132e	; 0x132e <LED_Init>
	LED_Init(LED4, DIO_GroupA, DIO_pin3);
    2876:	83 e0       	ldi	r24, 0x03	; 3
    2878:	61 e0       	ldi	r22, 0x01	; 1
    287a:	43 e0       	ldi	r20, 0x03	; 3
    287c:	0e 94 97 09 	call	0x132e	; 0x132e <LED_Init>
	LED_Init(LED5, DIO_GroupA, DIO_pin4);
    2880:	84 e0       	ldi	r24, 0x04	; 4
    2882:	61 e0       	ldi	r22, 0x01	; 1
    2884:	44 e0       	ldi	r20, 0x04	; 4
    2886:	0e 94 97 09 	call	0x132e	; 0x132e <LED_Init>
	LED_Init(LED6, DIO_GroupA, DIO_pin5);
    288a:	85 e0       	ldi	r24, 0x05	; 5
    288c:	61 e0       	ldi	r22, 0x01	; 1
    288e:	45 e0       	ldi	r20, 0x05	; 5
    2890:	0e 94 97 09 	call	0x132e	; 0x132e <LED_Init>
	LED_Init(LED7, DIO_GroupA, DIO_pin6);
    2894:	86 e0       	ldi	r24, 0x06	; 6
    2896:	61 e0       	ldi	r22, 0x01	; 1
    2898:	46 e0       	ldi	r20, 0x06	; 6
    289a:	0e 94 97 09 	call	0x132e	; 0x132e <LED_Init>
	LED_Init(LED8, DIO_GroupA, DIO_pin7);
    289e:	87 e0       	ldi	r24, 0x07	; 7
    28a0:	61 e0       	ldi	r22, 0x01	; 1
    28a2:	47 e0       	ldi	r20, 0x07	; 7
    28a4:	0e 94 97 09 	call	0x132e	; 0x132e <LED_Init>

	while (1)
	{
		KPD_GetKPDValue(&PressedKey);
    28a8:	ce 01       	movw	r24, r28
    28aa:	85 54       	subi	r24, 0x45	; 69
    28ac:	9f 4f       	sbci	r25, 0xFF	; 255
    28ae:	0e 94 c3 0f 	call	0x1f86	; 0x1f86 <KPD_GetKPDValue>

		if (PressedKey != 0xFF)
    28b2:	fe 01       	movw	r30, r28
    28b4:	e5 54       	subi	r30, 0x45	; 69
    28b6:	ff 4f       	sbci	r31, 0xFF	; 255
    28b8:	80 81       	ld	r24, Z
    28ba:	8f 3f       	cpi	r24, 0xFF	; 255
    28bc:	a9 f3       	breq	.-22     	; 0x28a8 <main+0x152>
		{
			switch (PressedKey)
    28be:	fe 01       	movw	r30, r28
    28c0:	e5 54       	subi	r30, 0x45	; 69
    28c2:	ff 4f       	sbci	r31, 0xFF	; 255
    28c4:	80 81       	ld	r24, Z
    28c6:	88 2f       	mov	r24, r24
    28c8:	90 e0       	ldi	r25, 0x00	; 0
    28ca:	83 34       	cpi	r24, 0x43	; 67
    28cc:	91 05       	cpc	r25, r1
    28ce:	11 f0       	breq	.+4      	; 0x28d4 <main+0x17e>
    28d0:	0c 94 8a 1d 	jmp	0x3b14	; 0x3b14 <main+0x13be>
			{
				case 'C':

					for (uint8_t i = 0; i < passLength; i++)
    28d4:	fe 01       	movw	r30, r28
    28d6:	e9 54       	subi	r30, 0x49	; 73
    28d8:	ff 4f       	sbci	r31, 0xFF	; 255
    28da:	10 82       	st	Z, r1
    28dc:	0c 94 7d 1d 	jmp	0x3afa	; 0x3afa <main+0x13a4>
					{
						if (password[i] != Enterpassword[i] || PasswordIndex!=passLength)
    28e0:	fe 01       	movw	r30, r28
    28e2:	e9 54       	subi	r30, 0x49	; 73
    28e4:	ff 4f       	sbci	r31, 0xFF	; 255
    28e6:	80 81       	ld	r24, Z
    28e8:	28 2f       	mov	r18, r24
    28ea:	30 e0       	ldi	r19, 0x00	; 0
    28ec:	ce 01       	movw	r24, r28
    28ee:	84 54       	subi	r24, 0x44	; 68
    28f0:	9f 4f       	sbci	r25, 0xFF	; 255
    28f2:	fc 01       	movw	r30, r24
    28f4:	e2 0f       	add	r30, r18
    28f6:	f3 1f       	adc	r31, r19
    28f8:	40 81       	ld	r20, Z
    28fa:	fe 01       	movw	r30, r28
    28fc:	e9 54       	subi	r30, 0x49	; 73
    28fe:	ff 4f       	sbci	r31, 0xFF	; 255
    2900:	80 81       	ld	r24, Z
    2902:	28 2f       	mov	r18, r24
    2904:	30 e0       	ldi	r19, 0x00	; 0
    2906:	ce 01       	movw	r24, r28
    2908:	81 54       	subi	r24, 0x41	; 65
    290a:	9f 4f       	sbci	r25, 0xFF	; 255
    290c:	fc 01       	movw	r30, r24
    290e:	e2 0f       	add	r30, r18
    2910:	f3 1f       	adc	r31, r19
    2912:	80 81       	ld	r24, Z
    2914:	48 17       	cp	r20, r24
    2916:	59 f4       	brne	.+22     	; 0x292e <main+0x1d8>
    2918:	fe 01       	movw	r30, r28
    291a:	e7 54       	subi	r30, 0x47	; 71
    291c:	ff 4f       	sbci	r31, 0xFF	; 255
    291e:	de 01       	movw	r26, r28
    2920:	a6 54       	subi	r26, 0x46	; 70
    2922:	bf 4f       	sbci	r27, 0xFF	; 255
    2924:	90 81       	ld	r25, Z
    2926:	8c 91       	ld	r24, X
    2928:	98 17       	cp	r25, r24
    292a:	09 f4       	brne	.+2      	; 0x292e <main+0x1d8>
    292c:	2d c3       	rjmp	.+1626   	; 0x2f88 <main+0x832>
						{
							threetimes--;
    292e:	de 01       	movw	r26, r28
    2930:	a8 54       	subi	r26, 0x48	; 72
    2932:	bf 4f       	sbci	r27, 0xFF	; 255
    2934:	fe 01       	movw	r30, r28
    2936:	e8 54       	subi	r30, 0x48	; 72
    2938:	ff 4f       	sbci	r31, 0xFF	; 255
    293a:	80 81       	ld	r24, Z
    293c:	81 50       	subi	r24, 0x01	; 1
    293e:	8c 93       	st	X, r24

							PasswordIndex = 0;
    2940:	fe 01       	movw	r30, r28
    2942:	e7 54       	subi	r30, 0x47	; 71
    2944:	ff 4f       	sbci	r31, 0xFF	; 255
    2946:	10 82       	st	Z, r1

							LED_ON(LED1, LED_SOURCE);
    2948:	80 e0       	ldi	r24, 0x00	; 0
    294a:	61 e0       	ldi	r22, 0x01	; 1
    294c:	0e 94 bf 09 	call	0x137e	; 0x137e <LED_ON>
							LED_ON(LED5, LED_SOURCE);
    2950:	84 e0       	ldi	r24, 0x04	; 4
    2952:	61 e0       	ldi	r22, 0x01	; 1
    2954:	0e 94 bf 09 	call	0x137e	; 0x137e <LED_ON>
							LED_ON(LED8, LED_SOURCE);
    2958:	87 e0       	ldi	r24, 0x07	; 7
    295a:	61 e0       	ldi	r22, 0x01	; 1
    295c:	0e 94 bf 09 	call	0x137e	; 0x137e <LED_ON>
    2960:	fe 01       	movw	r30, r28
    2962:	ed 54       	subi	r30, 0x4D	; 77
    2964:	ff 4f       	sbci	r31, 0xFF	; 255
    2966:	80 e0       	ldi	r24, 0x00	; 0
    2968:	90 e0       	ldi	r25, 0x00	; 0
    296a:	aa e7       	ldi	r26, 0x7A	; 122
    296c:	b4 e4       	ldi	r27, 0x44	; 68
    296e:	80 83       	st	Z, r24
    2970:	91 83       	std	Z+1, r25	; 0x01
    2972:	a2 83       	std	Z+2, r26	; 0x02
    2974:	b3 83       	std	Z+3, r27	; 0x03
 */
void
_delay_ms(double __ms)
{
	uint16_t __ticks;
	double __tmp = ((F_CPU) / 4e3) * __ms;
    2976:	8e 01       	movw	r16, r28
    2978:	01 55       	subi	r16, 0x51	; 81
    297a:	1f 4f       	sbci	r17, 0xFF	; 255
    297c:	fe 01       	movw	r30, r28
    297e:	ed 54       	subi	r30, 0x4D	; 77
    2980:	ff 4f       	sbci	r31, 0xFF	; 255
    2982:	60 81       	ld	r22, Z
    2984:	71 81       	ldd	r23, Z+1	; 0x01
    2986:	82 81       	ldd	r24, Z+2	; 0x02
    2988:	93 81       	ldd	r25, Z+3	; 0x03
    298a:	20 e0       	ldi	r18, 0x00	; 0
    298c:	30 e0       	ldi	r19, 0x00	; 0
    298e:	4a ef       	ldi	r20, 0xFA	; 250
    2990:	54 e4       	ldi	r21, 0x44	; 68
    2992:	0e 94 1f 02 	call	0x43e	; 0x43e <__mulsf3>
    2996:	dc 01       	movw	r26, r24
    2998:	cb 01       	movw	r24, r22
    299a:	f8 01       	movw	r30, r16
    299c:	80 83       	st	Z, r24
    299e:	91 83       	std	Z+1, r25	; 0x01
    29a0:	a2 83       	std	Z+2, r26	; 0x02
    29a2:	b3 83       	std	Z+3, r27	; 0x03
	if (__tmp < 1.0)
    29a4:	fe 01       	movw	r30, r28
    29a6:	e1 55       	subi	r30, 0x51	; 81
    29a8:	ff 4f       	sbci	r31, 0xFF	; 255
    29aa:	60 81       	ld	r22, Z
    29ac:	71 81       	ldd	r23, Z+1	; 0x01
    29ae:	82 81       	ldd	r24, Z+2	; 0x02
    29b0:	93 81       	ldd	r25, Z+3	; 0x03
    29b2:	20 e0       	ldi	r18, 0x00	; 0
    29b4:	30 e0       	ldi	r19, 0x00	; 0
    29b6:	40 e8       	ldi	r20, 0x80	; 128
    29b8:	5f e3       	ldi	r21, 0x3F	; 63
    29ba:	0e 94 25 04 	call	0x84a	; 0x84a <__ltsf2>
    29be:	88 23       	and	r24, r24
    29c0:	44 f4       	brge	.+16     	; 0x29d2 <main+0x27c>
		__ticks = 1;
    29c2:	fe 01       	movw	r30, r28
    29c4:	e3 55       	subi	r30, 0x53	; 83
    29c6:	ff 4f       	sbci	r31, 0xFF	; 255
    29c8:	81 e0       	ldi	r24, 0x01	; 1
    29ca:	90 e0       	ldi	r25, 0x00	; 0
    29cc:	91 83       	std	Z+1, r25	; 0x01
    29ce:	80 83       	st	Z, r24
    29d0:	64 c0       	rjmp	.+200    	; 0x2a9a <main+0x344>
	else if (__tmp > 65535)
    29d2:	fe 01       	movw	r30, r28
    29d4:	e1 55       	subi	r30, 0x51	; 81
    29d6:	ff 4f       	sbci	r31, 0xFF	; 255
    29d8:	60 81       	ld	r22, Z
    29da:	71 81       	ldd	r23, Z+1	; 0x01
    29dc:	82 81       	ldd	r24, Z+2	; 0x02
    29de:	93 81       	ldd	r25, Z+3	; 0x03
    29e0:	20 e0       	ldi	r18, 0x00	; 0
    29e2:	3f ef       	ldi	r19, 0xFF	; 255
    29e4:	4f e7       	ldi	r20, 0x7F	; 127
    29e6:	57 e4       	ldi	r21, 0x47	; 71
    29e8:	0e 94 c5 03 	call	0x78a	; 0x78a <__gtsf2>
    29ec:	18 16       	cp	r1, r24
    29ee:	0c f0       	brlt	.+2      	; 0x29f2 <main+0x29c>
    29f0:	43 c0       	rjmp	.+134    	; 0x2a78 <main+0x322>
	{
		//	__ticks = requested delay in 1/10 ms
		__ticks = (uint16_t) (__ms * 10.0);
    29f2:	fe 01       	movw	r30, r28
    29f4:	ed 54       	subi	r30, 0x4D	; 77
    29f6:	ff 4f       	sbci	r31, 0xFF	; 255
    29f8:	60 81       	ld	r22, Z
    29fa:	71 81       	ldd	r23, Z+1	; 0x01
    29fc:	82 81       	ldd	r24, Z+2	; 0x02
    29fe:	93 81       	ldd	r25, Z+3	; 0x03
    2a00:	20 e0       	ldi	r18, 0x00	; 0
    2a02:	30 e0       	ldi	r19, 0x00	; 0
    2a04:	40 e2       	ldi	r20, 0x20	; 32
    2a06:	51 e4       	ldi	r21, 0x41	; 65
    2a08:	0e 94 1f 02 	call	0x43e	; 0x43e <__mulsf3>
    2a0c:	dc 01       	movw	r26, r24
    2a0e:	cb 01       	movw	r24, r22
    2a10:	8e 01       	movw	r16, r28
    2a12:	03 55       	subi	r16, 0x53	; 83
    2a14:	1f 4f       	sbci	r17, 0xFF	; 255
    2a16:	bc 01       	movw	r22, r24
    2a18:	cd 01       	movw	r24, r26
    2a1a:	0e 94 49 00 	call	0x92	; 0x92 <__fixunssfsi>
    2a1e:	dc 01       	movw	r26, r24
    2a20:	cb 01       	movw	r24, r22
    2a22:	f8 01       	movw	r30, r16
    2a24:	91 83       	std	Z+1, r25	; 0x01
    2a26:	80 83       	st	Z, r24
    2a28:	1f c0       	rjmp	.+62     	; 0x2a68 <main+0x312>
    2a2a:	fe 01       	movw	r30, r28
    2a2c:	e5 55       	subi	r30, 0x55	; 85
    2a2e:	ff 4f       	sbci	r31, 0xFF	; 255
    2a30:	88 ec       	ldi	r24, 0xC8	; 200
    2a32:	90 e0       	ldi	r25, 0x00	; 0
    2a34:	91 83       	std	Z+1, r25	; 0x01
    2a36:	80 83       	st	Z, r24
    2a38:	fe 01       	movw	r30, r28
    2a3a:	e5 55       	subi	r30, 0x55	; 85
    2a3c:	ff 4f       	sbci	r31, 0xFF	; 255
    2a3e:	80 81       	ld	r24, Z
    2a40:	91 81       	ldd	r25, Z+1	; 0x01
    2a42:	01 97       	sbiw	r24, 0x01	; 1
    2a44:	f1 f7       	brne	.-4      	; 0x2a42 <main+0x2ec>
    2a46:	fe 01       	movw	r30, r28
    2a48:	e5 55       	subi	r30, 0x55	; 85
    2a4a:	ff 4f       	sbci	r31, 0xFF	; 255
    2a4c:	91 83       	std	Z+1, r25	; 0x01
    2a4e:	80 83       	st	Z, r24
		while(__ticks)
		{
			// wait 1/10 ms
			_delay_loop_2(((F_CPU) / 4e3) / 10);
			__ticks --;
    2a50:	de 01       	movw	r26, r28
    2a52:	a3 55       	subi	r26, 0x53	; 83
    2a54:	bf 4f       	sbci	r27, 0xFF	; 255
    2a56:	fe 01       	movw	r30, r28
    2a58:	e3 55       	subi	r30, 0x53	; 83
    2a5a:	ff 4f       	sbci	r31, 0xFF	; 255
    2a5c:	80 81       	ld	r24, Z
    2a5e:	91 81       	ldd	r25, Z+1	; 0x01
    2a60:	01 97       	sbiw	r24, 0x01	; 1
    2a62:	11 96       	adiw	r26, 0x01	; 1
    2a64:	9c 93       	st	X, r25
    2a66:	8e 93       	st	-X, r24
		__ticks = 1;
	else if (__tmp > 65535)
	{
		//	__ticks = requested delay in 1/10 ms
		__ticks = (uint16_t) (__ms * 10.0);
		while(__ticks)
    2a68:	fe 01       	movw	r30, r28
    2a6a:	e3 55       	subi	r30, 0x53	; 83
    2a6c:	ff 4f       	sbci	r31, 0xFF	; 255
    2a6e:	80 81       	ld	r24, Z
    2a70:	91 81       	ldd	r25, Z+1	; 0x01
    2a72:	00 97       	sbiw	r24, 0x00	; 0
    2a74:	d1 f6       	brne	.-76     	; 0x2a2a <main+0x2d4>
    2a76:	27 c0       	rjmp	.+78     	; 0x2ac6 <main+0x370>
			__ticks --;
		}
		return;
	}
	else
		__ticks = (uint16_t)__tmp;
    2a78:	8e 01       	movw	r16, r28
    2a7a:	03 55       	subi	r16, 0x53	; 83
    2a7c:	1f 4f       	sbci	r17, 0xFF	; 255
    2a7e:	fe 01       	movw	r30, r28
    2a80:	e1 55       	subi	r30, 0x51	; 81
    2a82:	ff 4f       	sbci	r31, 0xFF	; 255
    2a84:	60 81       	ld	r22, Z
    2a86:	71 81       	ldd	r23, Z+1	; 0x01
    2a88:	82 81       	ldd	r24, Z+2	; 0x02
    2a8a:	93 81       	ldd	r25, Z+3	; 0x03
    2a8c:	0e 94 49 00 	call	0x92	; 0x92 <__fixunssfsi>
    2a90:	dc 01       	movw	r26, r24
    2a92:	cb 01       	movw	r24, r22
    2a94:	f8 01       	movw	r30, r16
    2a96:	91 83       	std	Z+1, r25	; 0x01
    2a98:	80 83       	st	Z, r24
    2a9a:	de 01       	movw	r26, r28
    2a9c:	a7 55       	subi	r26, 0x57	; 87
    2a9e:	bf 4f       	sbci	r27, 0xFF	; 255
    2aa0:	fe 01       	movw	r30, r28
    2aa2:	e3 55       	subi	r30, 0x53	; 83
    2aa4:	ff 4f       	sbci	r31, 0xFF	; 255
    2aa6:	80 81       	ld	r24, Z
    2aa8:	91 81       	ldd	r25, Z+1	; 0x01
    2aaa:	8d 93       	st	X+, r24
    2aac:	9c 93       	st	X, r25
    2aae:	fe 01       	movw	r30, r28
    2ab0:	e7 55       	subi	r30, 0x57	; 87
    2ab2:	ff 4f       	sbci	r31, 0xFF	; 255
    2ab4:	80 81       	ld	r24, Z
    2ab6:	91 81       	ldd	r25, Z+1	; 0x01
    2ab8:	01 97       	sbiw	r24, 0x01	; 1
    2aba:	f1 f7       	brne	.-4      	; 0x2ab8 <main+0x362>
    2abc:	fe 01       	movw	r30, r28
    2abe:	e7 55       	subi	r30, 0x57	; 87
    2ac0:	ff 4f       	sbci	r31, 0xFF	; 255
    2ac2:	91 83       	std	Z+1, r25	; 0x01
    2ac4:	80 83       	st	Z, r24

							_delay_ms(1000);

							LED_OFF(LED1, LED_SOURCE);
    2ac6:	80 e0       	ldi	r24, 0x00	; 0
    2ac8:	61 e0       	ldi	r22, 0x01	; 1
    2aca:	0e 94 ff 09 	call	0x13fe	; 0x13fe <LED_OFF>
							LED_OFF(LED5, LED_SOURCE);
    2ace:	84 e0       	ldi	r24, 0x04	; 4
    2ad0:	61 e0       	ldi	r22, 0x01	; 1
    2ad2:	0e 94 ff 09 	call	0x13fe	; 0x13fe <LED_OFF>
							LED_OFF(LED8, LED_SOURCE);
    2ad6:	87 e0       	ldi	r24, 0x07	; 7
    2ad8:	61 e0       	ldi	r22, 0x01	; 1
    2ada:	0e 94 ff 09 	call	0x13fe	; 0x13fe <LED_OFF>

							if (threetimes == 0)
    2ade:	fe 01       	movw	r30, r28
    2ae0:	e8 54       	subi	r30, 0x48	; 72
    2ae2:	ff 4f       	sbci	r31, 0xFF	; 255
    2ae4:	80 81       	ld	r24, Z
    2ae6:	88 23       	and	r24, r24
    2ae8:	09 f0       	breq	.+2      	; 0x2aec <main+0x396>
    2aea:	c0 c0       	rjmp	.+384    	; 0x2c6c <main+0x516>
							{
								while(1){
								LED_Toggle(LED1);
    2aec:	80 e0       	ldi	r24, 0x00	; 0
    2aee:	0e 94 3f 0a 	call	0x147e	; 0x147e <LED_Toggle>
								LED_Toggle(LED5);
    2af2:	84 e0       	ldi	r24, 0x04	; 4
    2af4:	0e 94 3f 0a 	call	0x147e	; 0x147e <LED_Toggle>
								LED_Toggle(LED8);
    2af8:	87 e0       	ldi	r24, 0x07	; 7
    2afa:	0e 94 3f 0a 	call	0x147e	; 0x147e <LED_Toggle>
								Buzzer_Toggle();
    2afe:	0e 94 2d 13 	call	0x265a	; 0x265a <Buzzer_Toggle>
    2b02:	fe 01       	movw	r30, r28
    2b04:	eb 55       	subi	r30, 0x5B	; 91
    2b06:	ff 4f       	sbci	r31, 0xFF	; 255
    2b08:	80 e0       	ldi	r24, 0x00	; 0
    2b0a:	90 e0       	ldi	r25, 0x00	; 0
    2b0c:	aa e7       	ldi	r26, 0x7A	; 122
    2b0e:	b4 e4       	ldi	r27, 0x44	; 68
    2b10:	80 83       	st	Z, r24
    2b12:	91 83       	std	Z+1, r25	; 0x01
    2b14:	a2 83       	std	Z+2, r26	; 0x02
    2b16:	b3 83       	std	Z+3, r27	; 0x03
 */
void
_delay_ms(double __ms)
{
	uint16_t __ticks;
	double __tmp = ((F_CPU) / 4e3) * __ms;
    2b18:	8e 01       	movw	r16, r28
    2b1a:	0f 55       	subi	r16, 0x5F	; 95
    2b1c:	1f 4f       	sbci	r17, 0xFF	; 255
    2b1e:	fe 01       	movw	r30, r28
    2b20:	eb 55       	subi	r30, 0x5B	; 91
    2b22:	ff 4f       	sbci	r31, 0xFF	; 255
    2b24:	60 81       	ld	r22, Z
    2b26:	71 81       	ldd	r23, Z+1	; 0x01
    2b28:	82 81       	ldd	r24, Z+2	; 0x02
    2b2a:	93 81       	ldd	r25, Z+3	; 0x03
    2b2c:	20 e0       	ldi	r18, 0x00	; 0
    2b2e:	30 e0       	ldi	r19, 0x00	; 0
    2b30:	4a ef       	ldi	r20, 0xFA	; 250
    2b32:	54 e4       	ldi	r21, 0x44	; 68
    2b34:	0e 94 1f 02 	call	0x43e	; 0x43e <__mulsf3>
    2b38:	dc 01       	movw	r26, r24
    2b3a:	cb 01       	movw	r24, r22
    2b3c:	f8 01       	movw	r30, r16
    2b3e:	80 83       	st	Z, r24
    2b40:	91 83       	std	Z+1, r25	; 0x01
    2b42:	a2 83       	std	Z+2, r26	; 0x02
    2b44:	b3 83       	std	Z+3, r27	; 0x03
	if (__tmp < 1.0)
    2b46:	fe 01       	movw	r30, r28
    2b48:	ef 55       	subi	r30, 0x5F	; 95
    2b4a:	ff 4f       	sbci	r31, 0xFF	; 255
    2b4c:	60 81       	ld	r22, Z
    2b4e:	71 81       	ldd	r23, Z+1	; 0x01
    2b50:	82 81       	ldd	r24, Z+2	; 0x02
    2b52:	93 81       	ldd	r25, Z+3	; 0x03
    2b54:	20 e0       	ldi	r18, 0x00	; 0
    2b56:	30 e0       	ldi	r19, 0x00	; 0
    2b58:	40 e8       	ldi	r20, 0x80	; 128
    2b5a:	5f e3       	ldi	r21, 0x3F	; 63
    2b5c:	0e 94 25 04 	call	0x84a	; 0x84a <__ltsf2>
    2b60:	88 23       	and	r24, r24
    2b62:	44 f4       	brge	.+16     	; 0x2b74 <main+0x41e>
		__ticks = 1;
    2b64:	fe 01       	movw	r30, r28
    2b66:	e1 56       	subi	r30, 0x61	; 97
    2b68:	ff 4f       	sbci	r31, 0xFF	; 255
    2b6a:	81 e0       	ldi	r24, 0x01	; 1
    2b6c:	90 e0       	ldi	r25, 0x00	; 0
    2b6e:	91 83       	std	Z+1, r25	; 0x01
    2b70:	80 83       	st	Z, r24
    2b72:	64 c0       	rjmp	.+200    	; 0x2c3c <main+0x4e6>
	else if (__tmp > 65535)
    2b74:	fe 01       	movw	r30, r28
    2b76:	ef 55       	subi	r30, 0x5F	; 95
    2b78:	ff 4f       	sbci	r31, 0xFF	; 255
    2b7a:	60 81       	ld	r22, Z
    2b7c:	71 81       	ldd	r23, Z+1	; 0x01
    2b7e:	82 81       	ldd	r24, Z+2	; 0x02
    2b80:	93 81       	ldd	r25, Z+3	; 0x03
    2b82:	20 e0       	ldi	r18, 0x00	; 0
    2b84:	3f ef       	ldi	r19, 0xFF	; 255
    2b86:	4f e7       	ldi	r20, 0x7F	; 127
    2b88:	57 e4       	ldi	r21, 0x47	; 71
    2b8a:	0e 94 c5 03 	call	0x78a	; 0x78a <__gtsf2>
    2b8e:	18 16       	cp	r1, r24
    2b90:	0c f0       	brlt	.+2      	; 0x2b94 <main+0x43e>
    2b92:	43 c0       	rjmp	.+134    	; 0x2c1a <main+0x4c4>
	{
		//	__ticks = requested delay in 1/10 ms
		__ticks = (uint16_t) (__ms * 10.0);
    2b94:	fe 01       	movw	r30, r28
    2b96:	eb 55       	subi	r30, 0x5B	; 91
    2b98:	ff 4f       	sbci	r31, 0xFF	; 255
    2b9a:	60 81       	ld	r22, Z
    2b9c:	71 81       	ldd	r23, Z+1	; 0x01
    2b9e:	82 81       	ldd	r24, Z+2	; 0x02
    2ba0:	93 81       	ldd	r25, Z+3	; 0x03
    2ba2:	20 e0       	ldi	r18, 0x00	; 0
    2ba4:	30 e0       	ldi	r19, 0x00	; 0
    2ba6:	40 e2       	ldi	r20, 0x20	; 32
    2ba8:	51 e4       	ldi	r21, 0x41	; 65
    2baa:	0e 94 1f 02 	call	0x43e	; 0x43e <__mulsf3>
    2bae:	dc 01       	movw	r26, r24
    2bb0:	cb 01       	movw	r24, r22
    2bb2:	8e 01       	movw	r16, r28
    2bb4:	01 56       	subi	r16, 0x61	; 97
    2bb6:	1f 4f       	sbci	r17, 0xFF	; 255
    2bb8:	bc 01       	movw	r22, r24
    2bba:	cd 01       	movw	r24, r26
    2bbc:	0e 94 49 00 	call	0x92	; 0x92 <__fixunssfsi>
    2bc0:	dc 01       	movw	r26, r24
    2bc2:	cb 01       	movw	r24, r22
    2bc4:	f8 01       	movw	r30, r16
    2bc6:	91 83       	std	Z+1, r25	; 0x01
    2bc8:	80 83       	st	Z, r24
    2bca:	1f c0       	rjmp	.+62     	; 0x2c0a <main+0x4b4>
    2bcc:	fe 01       	movw	r30, r28
    2bce:	e3 56       	subi	r30, 0x63	; 99
    2bd0:	ff 4f       	sbci	r31, 0xFF	; 255
    2bd2:	88 ec       	ldi	r24, 0xC8	; 200
    2bd4:	90 e0       	ldi	r25, 0x00	; 0
    2bd6:	91 83       	std	Z+1, r25	; 0x01
    2bd8:	80 83       	st	Z, r24
    2bda:	fe 01       	movw	r30, r28
    2bdc:	e3 56       	subi	r30, 0x63	; 99
    2bde:	ff 4f       	sbci	r31, 0xFF	; 255
    2be0:	80 81       	ld	r24, Z
    2be2:	91 81       	ldd	r25, Z+1	; 0x01
    2be4:	01 97       	sbiw	r24, 0x01	; 1
    2be6:	f1 f7       	brne	.-4      	; 0x2be4 <main+0x48e>
    2be8:	fe 01       	movw	r30, r28
    2bea:	e3 56       	subi	r30, 0x63	; 99
    2bec:	ff 4f       	sbci	r31, 0xFF	; 255
    2bee:	91 83       	std	Z+1, r25	; 0x01
    2bf0:	80 83       	st	Z, r24
		while(__ticks)
		{
			// wait 1/10 ms
			_delay_loop_2(((F_CPU) / 4e3) / 10);
			__ticks --;
    2bf2:	de 01       	movw	r26, r28
    2bf4:	a1 56       	subi	r26, 0x61	; 97
    2bf6:	bf 4f       	sbci	r27, 0xFF	; 255
    2bf8:	fe 01       	movw	r30, r28
    2bfa:	e1 56       	subi	r30, 0x61	; 97
    2bfc:	ff 4f       	sbci	r31, 0xFF	; 255
    2bfe:	80 81       	ld	r24, Z
    2c00:	91 81       	ldd	r25, Z+1	; 0x01
    2c02:	01 97       	sbiw	r24, 0x01	; 1
    2c04:	11 96       	adiw	r26, 0x01	; 1
    2c06:	9c 93       	st	X, r25
    2c08:	8e 93       	st	-X, r24
		__ticks = 1;
	else if (__tmp > 65535)
	{
		//	__ticks = requested delay in 1/10 ms
		__ticks = (uint16_t) (__ms * 10.0);
		while(__ticks)
    2c0a:	fe 01       	movw	r30, r28
    2c0c:	e1 56       	subi	r30, 0x61	; 97
    2c0e:	ff 4f       	sbci	r31, 0xFF	; 255
    2c10:	80 81       	ld	r24, Z
    2c12:	91 81       	ldd	r25, Z+1	; 0x01
    2c14:	00 97       	sbiw	r24, 0x00	; 0
    2c16:	d1 f6       	brne	.-76     	; 0x2bcc <main+0x476>
    2c18:	69 cf       	rjmp	.-302    	; 0x2aec <main+0x396>
			__ticks --;
		}
		return;
	}
	else
		__ticks = (uint16_t)__tmp;
    2c1a:	8e 01       	movw	r16, r28
    2c1c:	01 56       	subi	r16, 0x61	; 97
    2c1e:	1f 4f       	sbci	r17, 0xFF	; 255
    2c20:	fe 01       	movw	r30, r28
    2c22:	ef 55       	subi	r30, 0x5F	; 95
    2c24:	ff 4f       	sbci	r31, 0xFF	; 255
    2c26:	60 81       	ld	r22, Z
    2c28:	71 81       	ldd	r23, Z+1	; 0x01
    2c2a:	82 81       	ldd	r24, Z+2	; 0x02
    2c2c:	93 81       	ldd	r25, Z+3	; 0x03
    2c2e:	0e 94 49 00 	call	0x92	; 0x92 <__fixunssfsi>
    2c32:	dc 01       	movw	r26, r24
    2c34:	cb 01       	movw	r24, r22
    2c36:	f8 01       	movw	r30, r16
    2c38:	91 83       	std	Z+1, r25	; 0x01
    2c3a:	80 83       	st	Z, r24
    2c3c:	de 01       	movw	r26, r28
    2c3e:	a5 56       	subi	r26, 0x65	; 101
    2c40:	bf 4f       	sbci	r27, 0xFF	; 255
    2c42:	fe 01       	movw	r30, r28
    2c44:	e1 56       	subi	r30, 0x61	; 97
    2c46:	ff 4f       	sbci	r31, 0xFF	; 255
    2c48:	80 81       	ld	r24, Z
    2c4a:	91 81       	ldd	r25, Z+1	; 0x01
    2c4c:	11 96       	adiw	r26, 0x01	; 1
    2c4e:	9c 93       	st	X, r25
    2c50:	8e 93       	st	-X, r24
    2c52:	fe 01       	movw	r30, r28
    2c54:	e5 56       	subi	r30, 0x65	; 101
    2c56:	ff 4f       	sbci	r31, 0xFF	; 255
    2c58:	80 81       	ld	r24, Z
    2c5a:	91 81       	ldd	r25, Z+1	; 0x01
    2c5c:	01 97       	sbiw	r24, 0x01	; 1
    2c5e:	f1 f7       	brne	.-4      	; 0x2c5c <main+0x506>
    2c60:	fe 01       	movw	r30, r28
    2c62:	e5 56       	subi	r30, 0x65	; 101
    2c64:	ff 4f       	sbci	r31, 0xFF	; 255
    2c66:	91 83       	std	Z+1, r25	; 0x01
    2c68:	80 83       	st	Z, r24
    2c6a:	40 cf       	rjmp	.-384    	; 0x2aec <main+0x396>
								}
							}
							else
							{

							 if (threetimes == 2)
    2c6c:	fe 01       	movw	r30, r28
    2c6e:	e8 54       	subi	r30, 0x48	; 72
    2c70:	ff 4f       	sbci	r31, 0xFF	; 255
    2c72:	80 81       	ld	r24, Z
    2c74:	82 30       	cpi	r24, 0x02	; 2
    2c76:	09 f0       	breq	.+2      	; 0x2c7a <main+0x524>
    2c78:	c4 c0       	rjmp	.+392    	; 0x2e02 <main+0x6ac>
								{
									LED_ON(LED1, LED_SOURCE);
    2c7a:	80 e0       	ldi	r24, 0x00	; 0
    2c7c:	61 e0       	ldi	r22, 0x01	; 1
    2c7e:	0e 94 bf 09 	call	0x137e	; 0x137e <LED_ON>
									LED_ON(LED2, LED_SOURCE);
    2c82:	81 e0       	ldi	r24, 0x01	; 1
    2c84:	61 e0       	ldi	r22, 0x01	; 1
    2c86:	0e 94 bf 09 	call	0x137e	; 0x137e <LED_ON>
    2c8a:	fe 01       	movw	r30, r28
    2c8c:	e9 56       	subi	r30, 0x69	; 105
    2c8e:	ff 4f       	sbci	r31, 0xFF	; 255
    2c90:	80 e0       	ldi	r24, 0x00	; 0
    2c92:	90 e8       	ldi	r25, 0x80	; 128
    2c94:	ab e3       	ldi	r26, 0x3B	; 59
    2c96:	b5 e4       	ldi	r27, 0x45	; 69
    2c98:	80 83       	st	Z, r24
    2c9a:	91 83       	std	Z+1, r25	; 0x01
    2c9c:	a2 83       	std	Z+2, r26	; 0x02
    2c9e:	b3 83       	std	Z+3, r27	; 0x03
 */
void
_delay_ms(double __ms)
{
	uint16_t __ticks;
	double __tmp = ((F_CPU) / 4e3) * __ms;
    2ca0:	8e 01       	movw	r16, r28
    2ca2:	0d 56       	subi	r16, 0x6D	; 109
    2ca4:	1f 4f       	sbci	r17, 0xFF	; 255
    2ca6:	fe 01       	movw	r30, r28
    2ca8:	e9 56       	subi	r30, 0x69	; 105
    2caa:	ff 4f       	sbci	r31, 0xFF	; 255
    2cac:	60 81       	ld	r22, Z
    2cae:	71 81       	ldd	r23, Z+1	; 0x01
    2cb0:	82 81       	ldd	r24, Z+2	; 0x02
    2cb2:	93 81       	ldd	r25, Z+3	; 0x03
    2cb4:	20 e0       	ldi	r18, 0x00	; 0
    2cb6:	30 e0       	ldi	r19, 0x00	; 0
    2cb8:	4a ef       	ldi	r20, 0xFA	; 250
    2cba:	54 e4       	ldi	r21, 0x44	; 68
    2cbc:	0e 94 1f 02 	call	0x43e	; 0x43e <__mulsf3>
    2cc0:	dc 01       	movw	r26, r24
    2cc2:	cb 01       	movw	r24, r22
    2cc4:	f8 01       	movw	r30, r16
    2cc6:	80 83       	st	Z, r24
    2cc8:	91 83       	std	Z+1, r25	; 0x01
    2cca:	a2 83       	std	Z+2, r26	; 0x02
    2ccc:	b3 83       	std	Z+3, r27	; 0x03
	if (__tmp < 1.0)
    2cce:	fe 01       	movw	r30, r28
    2cd0:	ed 56       	subi	r30, 0x6D	; 109
    2cd2:	ff 4f       	sbci	r31, 0xFF	; 255
    2cd4:	60 81       	ld	r22, Z
    2cd6:	71 81       	ldd	r23, Z+1	; 0x01
    2cd8:	82 81       	ldd	r24, Z+2	; 0x02
    2cda:	93 81       	ldd	r25, Z+3	; 0x03
    2cdc:	20 e0       	ldi	r18, 0x00	; 0
    2cde:	30 e0       	ldi	r19, 0x00	; 0
    2ce0:	40 e8       	ldi	r20, 0x80	; 128
    2ce2:	5f e3       	ldi	r21, 0x3F	; 63
    2ce4:	0e 94 25 04 	call	0x84a	; 0x84a <__ltsf2>
    2ce8:	88 23       	and	r24, r24
    2cea:	44 f4       	brge	.+16     	; 0x2cfc <main+0x5a6>
		__ticks = 1;
    2cec:	fe 01       	movw	r30, r28
    2cee:	ef 56       	subi	r30, 0x6F	; 111
    2cf0:	ff 4f       	sbci	r31, 0xFF	; 255
    2cf2:	81 e0       	ldi	r24, 0x01	; 1
    2cf4:	90 e0       	ldi	r25, 0x00	; 0
    2cf6:	91 83       	std	Z+1, r25	; 0x01
    2cf8:	80 83       	st	Z, r24
    2cfa:	64 c0       	rjmp	.+200    	; 0x2dc4 <main+0x66e>
	else if (__tmp > 65535)
    2cfc:	fe 01       	movw	r30, r28
    2cfe:	ed 56       	subi	r30, 0x6D	; 109
    2d00:	ff 4f       	sbci	r31, 0xFF	; 255
    2d02:	60 81       	ld	r22, Z
    2d04:	71 81       	ldd	r23, Z+1	; 0x01
    2d06:	82 81       	ldd	r24, Z+2	; 0x02
    2d08:	93 81       	ldd	r25, Z+3	; 0x03
    2d0a:	20 e0       	ldi	r18, 0x00	; 0
    2d0c:	3f ef       	ldi	r19, 0xFF	; 255
    2d0e:	4f e7       	ldi	r20, 0x7F	; 127
    2d10:	57 e4       	ldi	r21, 0x47	; 71
    2d12:	0e 94 c5 03 	call	0x78a	; 0x78a <__gtsf2>
    2d16:	18 16       	cp	r1, r24
    2d18:	0c f0       	brlt	.+2      	; 0x2d1c <main+0x5c6>
    2d1a:	43 c0       	rjmp	.+134    	; 0x2da2 <main+0x64c>
	{
		//	__ticks = requested delay in 1/10 ms
		__ticks = (uint16_t) (__ms * 10.0);
    2d1c:	fe 01       	movw	r30, r28
    2d1e:	e9 56       	subi	r30, 0x69	; 105
    2d20:	ff 4f       	sbci	r31, 0xFF	; 255
    2d22:	60 81       	ld	r22, Z
    2d24:	71 81       	ldd	r23, Z+1	; 0x01
    2d26:	82 81       	ldd	r24, Z+2	; 0x02
    2d28:	93 81       	ldd	r25, Z+3	; 0x03
    2d2a:	20 e0       	ldi	r18, 0x00	; 0
    2d2c:	30 e0       	ldi	r19, 0x00	; 0
    2d2e:	40 e2       	ldi	r20, 0x20	; 32
    2d30:	51 e4       	ldi	r21, 0x41	; 65
    2d32:	0e 94 1f 02 	call	0x43e	; 0x43e <__mulsf3>
    2d36:	dc 01       	movw	r26, r24
    2d38:	cb 01       	movw	r24, r22
    2d3a:	8e 01       	movw	r16, r28
    2d3c:	0f 56       	subi	r16, 0x6F	; 111
    2d3e:	1f 4f       	sbci	r17, 0xFF	; 255
    2d40:	bc 01       	movw	r22, r24
    2d42:	cd 01       	movw	r24, r26
    2d44:	0e 94 49 00 	call	0x92	; 0x92 <__fixunssfsi>
    2d48:	dc 01       	movw	r26, r24
    2d4a:	cb 01       	movw	r24, r22
    2d4c:	f8 01       	movw	r30, r16
    2d4e:	91 83       	std	Z+1, r25	; 0x01
    2d50:	80 83       	st	Z, r24
    2d52:	1f c0       	rjmp	.+62     	; 0x2d92 <main+0x63c>
    2d54:	fe 01       	movw	r30, r28
    2d56:	e1 57       	subi	r30, 0x71	; 113
    2d58:	ff 4f       	sbci	r31, 0xFF	; 255
    2d5a:	88 ec       	ldi	r24, 0xC8	; 200
    2d5c:	90 e0       	ldi	r25, 0x00	; 0
    2d5e:	91 83       	std	Z+1, r25	; 0x01
    2d60:	80 83       	st	Z, r24
    2d62:	fe 01       	movw	r30, r28
    2d64:	e1 57       	subi	r30, 0x71	; 113
    2d66:	ff 4f       	sbci	r31, 0xFF	; 255
    2d68:	80 81       	ld	r24, Z
    2d6a:	91 81       	ldd	r25, Z+1	; 0x01
    2d6c:	01 97       	sbiw	r24, 0x01	; 1
    2d6e:	f1 f7       	brne	.-4      	; 0x2d6c <main+0x616>
    2d70:	fe 01       	movw	r30, r28
    2d72:	e1 57       	subi	r30, 0x71	; 113
    2d74:	ff 4f       	sbci	r31, 0xFF	; 255
    2d76:	91 83       	std	Z+1, r25	; 0x01
    2d78:	80 83       	st	Z, r24
		while(__ticks)
		{
			// wait 1/10 ms
			_delay_loop_2(((F_CPU) / 4e3) / 10);
			__ticks --;
    2d7a:	de 01       	movw	r26, r28
    2d7c:	af 56       	subi	r26, 0x6F	; 111
    2d7e:	bf 4f       	sbci	r27, 0xFF	; 255
    2d80:	fe 01       	movw	r30, r28
    2d82:	ef 56       	subi	r30, 0x6F	; 111
    2d84:	ff 4f       	sbci	r31, 0xFF	; 255
    2d86:	80 81       	ld	r24, Z
    2d88:	91 81       	ldd	r25, Z+1	; 0x01
    2d8a:	01 97       	sbiw	r24, 0x01	; 1
    2d8c:	11 96       	adiw	r26, 0x01	; 1
    2d8e:	9c 93       	st	X, r25
    2d90:	8e 93       	st	-X, r24
		__ticks = 1;
	else if (__tmp > 65535)
	{
		//	__ticks = requested delay in 1/10 ms
		__ticks = (uint16_t) (__ms * 10.0);
		while(__ticks)
    2d92:	fe 01       	movw	r30, r28
    2d94:	ef 56       	subi	r30, 0x6F	; 111
    2d96:	ff 4f       	sbci	r31, 0xFF	; 255
    2d98:	80 81       	ld	r24, Z
    2d9a:	91 81       	ldd	r25, Z+1	; 0x01
    2d9c:	00 97       	sbiw	r24, 0x00	; 0
    2d9e:	d1 f6       	brne	.-76     	; 0x2d54 <main+0x5fe>
    2da0:	27 c0       	rjmp	.+78     	; 0x2df0 <main+0x69a>
			__ticks --;
		}
		return;
	}
	else
		__ticks = (uint16_t)__tmp;
    2da2:	8e 01       	movw	r16, r28
    2da4:	0f 56       	subi	r16, 0x6F	; 111
    2da6:	1f 4f       	sbci	r17, 0xFF	; 255
    2da8:	fe 01       	movw	r30, r28
    2daa:	ed 56       	subi	r30, 0x6D	; 109
    2dac:	ff 4f       	sbci	r31, 0xFF	; 255
    2dae:	60 81       	ld	r22, Z
    2db0:	71 81       	ldd	r23, Z+1	; 0x01
    2db2:	82 81       	ldd	r24, Z+2	; 0x02
    2db4:	93 81       	ldd	r25, Z+3	; 0x03
    2db6:	0e 94 49 00 	call	0x92	; 0x92 <__fixunssfsi>
    2dba:	dc 01       	movw	r26, r24
    2dbc:	cb 01       	movw	r24, r22
    2dbe:	f8 01       	movw	r30, r16
    2dc0:	91 83       	std	Z+1, r25	; 0x01
    2dc2:	80 83       	st	Z, r24
    2dc4:	de 01       	movw	r26, r28
    2dc6:	a3 57       	subi	r26, 0x73	; 115
    2dc8:	bf 4f       	sbci	r27, 0xFF	; 255
    2dca:	fe 01       	movw	r30, r28
    2dcc:	ef 56       	subi	r30, 0x6F	; 111
    2dce:	ff 4f       	sbci	r31, 0xFF	; 255
    2dd0:	80 81       	ld	r24, Z
    2dd2:	91 81       	ldd	r25, Z+1	; 0x01
    2dd4:	8d 93       	st	X+, r24
    2dd6:	9c 93       	st	X, r25
    2dd8:	fe 01       	movw	r30, r28
    2dda:	e3 57       	subi	r30, 0x73	; 115
    2ddc:	ff 4f       	sbci	r31, 0xFF	; 255
    2dde:	80 81       	ld	r24, Z
    2de0:	91 81       	ldd	r25, Z+1	; 0x01
    2de2:	01 97       	sbiw	r24, 0x01	; 1
    2de4:	f1 f7       	brne	.-4      	; 0x2de2 <main+0x68c>
    2de6:	fe 01       	movw	r30, r28
    2de8:	e3 57       	subi	r30, 0x73	; 115
    2dea:	ff 4f       	sbci	r31, 0xFF	; 255
    2dec:	91 83       	std	Z+1, r25	; 0x01
    2dee:	80 83       	st	Z, r24

									_delay_ms(3000);

									LED_OFF(LED1, LED_SOURCE);
    2df0:	80 e0       	ldi	r24, 0x00	; 0
    2df2:	61 e0       	ldi	r22, 0x01	; 1
    2df4:	0e 94 ff 09 	call	0x13fe	; 0x13fe <LED_OFF>
									LED_OFF(LED2, LED_SOURCE);
    2df8:	81 e0       	ldi	r24, 0x01	; 1
    2dfa:	61 e0       	ldi	r22, 0x01	; 1
    2dfc:	0e 94 ff 09 	call	0x13fe	; 0x13fe <LED_OFF>
    2e00:	a3 c6       	rjmp	.+3398   	; 0x3b48 <main+0x13f2>
								}
								else if (threetimes == 1)
    2e02:	fe 01       	movw	r30, r28
    2e04:	e8 54       	subi	r30, 0x48	; 72
    2e06:	ff 4f       	sbci	r31, 0xFF	; 255
    2e08:	80 81       	ld	r24, Z
    2e0a:	81 30       	cpi	r24, 0x01	; 1
    2e0c:	09 f0       	breq	.+2      	; 0x2e10 <main+0x6ba>
    2e0e:	9c c6       	rjmp	.+3384   	; 0x3b48 <main+0x13f2>
								{
									LED_ON(LED1, LED_SOURCE);
    2e10:	80 e0       	ldi	r24, 0x00	; 0
    2e12:	61 e0       	ldi	r22, 0x01	; 1
    2e14:	0e 94 bf 09 	call	0x137e	; 0x137e <LED_ON>
    2e18:	fe 01       	movw	r30, r28
    2e1a:	e7 57       	subi	r30, 0x77	; 119
    2e1c:	ff 4f       	sbci	r31, 0xFF	; 255
    2e1e:	80 e0       	ldi	r24, 0x00	; 0
    2e20:	90 e8       	ldi	r25, 0x80	; 128
    2e22:	ab e3       	ldi	r26, 0x3B	; 59
    2e24:	b5 e4       	ldi	r27, 0x45	; 69
    2e26:	80 83       	st	Z, r24
    2e28:	91 83       	std	Z+1, r25	; 0x01
    2e2a:	a2 83       	std	Z+2, r26	; 0x02
    2e2c:	b3 83       	std	Z+3, r27	; 0x03
 */
void
_delay_ms(double __ms)
{
	uint16_t __ticks;
	double __tmp = ((F_CPU) / 4e3) * __ms;
    2e2e:	8e 01       	movw	r16, r28
    2e30:	0b 57       	subi	r16, 0x7B	; 123
    2e32:	1f 4f       	sbci	r17, 0xFF	; 255
    2e34:	fe 01       	movw	r30, r28
    2e36:	e7 57       	subi	r30, 0x77	; 119
    2e38:	ff 4f       	sbci	r31, 0xFF	; 255
    2e3a:	60 81       	ld	r22, Z
    2e3c:	71 81       	ldd	r23, Z+1	; 0x01
    2e3e:	82 81       	ldd	r24, Z+2	; 0x02
    2e40:	93 81       	ldd	r25, Z+3	; 0x03
    2e42:	20 e0       	ldi	r18, 0x00	; 0
    2e44:	30 e0       	ldi	r19, 0x00	; 0
    2e46:	4a ef       	ldi	r20, 0xFA	; 250
    2e48:	54 e4       	ldi	r21, 0x44	; 68
    2e4a:	0e 94 1f 02 	call	0x43e	; 0x43e <__mulsf3>
    2e4e:	dc 01       	movw	r26, r24
    2e50:	cb 01       	movw	r24, r22
    2e52:	f8 01       	movw	r30, r16
    2e54:	80 83       	st	Z, r24
    2e56:	91 83       	std	Z+1, r25	; 0x01
    2e58:	a2 83       	std	Z+2, r26	; 0x02
    2e5a:	b3 83       	std	Z+3, r27	; 0x03
	if (__tmp < 1.0)
    2e5c:	fe 01       	movw	r30, r28
    2e5e:	eb 57       	subi	r30, 0x7B	; 123
    2e60:	ff 4f       	sbci	r31, 0xFF	; 255
    2e62:	60 81       	ld	r22, Z
    2e64:	71 81       	ldd	r23, Z+1	; 0x01
    2e66:	82 81       	ldd	r24, Z+2	; 0x02
    2e68:	93 81       	ldd	r25, Z+3	; 0x03
    2e6a:	20 e0       	ldi	r18, 0x00	; 0
    2e6c:	30 e0       	ldi	r19, 0x00	; 0
    2e6e:	40 e8       	ldi	r20, 0x80	; 128
    2e70:	5f e3       	ldi	r21, 0x3F	; 63
    2e72:	0e 94 25 04 	call	0x84a	; 0x84a <__ltsf2>
    2e76:	88 23       	and	r24, r24
    2e78:	44 f4       	brge	.+16     	; 0x2e8a <main+0x734>
		__ticks = 1;
    2e7a:	fe 01       	movw	r30, r28
    2e7c:	ed 57       	subi	r30, 0x7D	; 125
    2e7e:	ff 4f       	sbci	r31, 0xFF	; 255
    2e80:	81 e0       	ldi	r24, 0x01	; 1
    2e82:	90 e0       	ldi	r25, 0x00	; 0
    2e84:	91 83       	std	Z+1, r25	; 0x01
    2e86:	80 83       	st	Z, r24
    2e88:	64 c0       	rjmp	.+200    	; 0x2f52 <main+0x7fc>
	else if (__tmp > 65535)
    2e8a:	fe 01       	movw	r30, r28
    2e8c:	eb 57       	subi	r30, 0x7B	; 123
    2e8e:	ff 4f       	sbci	r31, 0xFF	; 255
    2e90:	60 81       	ld	r22, Z
    2e92:	71 81       	ldd	r23, Z+1	; 0x01
    2e94:	82 81       	ldd	r24, Z+2	; 0x02
    2e96:	93 81       	ldd	r25, Z+3	; 0x03
    2e98:	20 e0       	ldi	r18, 0x00	; 0
    2e9a:	3f ef       	ldi	r19, 0xFF	; 255
    2e9c:	4f e7       	ldi	r20, 0x7F	; 127
    2e9e:	57 e4       	ldi	r21, 0x47	; 71
    2ea0:	0e 94 c5 03 	call	0x78a	; 0x78a <__gtsf2>
    2ea4:	18 16       	cp	r1, r24
    2ea6:	0c f0       	brlt	.+2      	; 0x2eaa <main+0x754>
    2ea8:	43 c0       	rjmp	.+134    	; 0x2f30 <main+0x7da>
	{
		//	__ticks = requested delay in 1/10 ms
		__ticks = (uint16_t) (__ms * 10.0);
    2eaa:	fe 01       	movw	r30, r28
    2eac:	e7 57       	subi	r30, 0x77	; 119
    2eae:	ff 4f       	sbci	r31, 0xFF	; 255
    2eb0:	60 81       	ld	r22, Z
    2eb2:	71 81       	ldd	r23, Z+1	; 0x01
    2eb4:	82 81       	ldd	r24, Z+2	; 0x02
    2eb6:	93 81       	ldd	r25, Z+3	; 0x03
    2eb8:	20 e0       	ldi	r18, 0x00	; 0
    2eba:	30 e0       	ldi	r19, 0x00	; 0
    2ebc:	40 e2       	ldi	r20, 0x20	; 32
    2ebe:	51 e4       	ldi	r21, 0x41	; 65
    2ec0:	0e 94 1f 02 	call	0x43e	; 0x43e <__mulsf3>
    2ec4:	dc 01       	movw	r26, r24
    2ec6:	cb 01       	movw	r24, r22
    2ec8:	8e 01       	movw	r16, r28
    2eca:	0d 57       	subi	r16, 0x7D	; 125
    2ecc:	1f 4f       	sbci	r17, 0xFF	; 255
    2ece:	bc 01       	movw	r22, r24
    2ed0:	cd 01       	movw	r24, r26
    2ed2:	0e 94 49 00 	call	0x92	; 0x92 <__fixunssfsi>
    2ed6:	dc 01       	movw	r26, r24
    2ed8:	cb 01       	movw	r24, r22
    2eda:	f8 01       	movw	r30, r16
    2edc:	91 83       	std	Z+1, r25	; 0x01
    2ede:	80 83       	st	Z, r24
    2ee0:	1f c0       	rjmp	.+62     	; 0x2f20 <main+0x7ca>
    2ee2:	fe 01       	movw	r30, r28
    2ee4:	ef 57       	subi	r30, 0x7F	; 127
    2ee6:	ff 4f       	sbci	r31, 0xFF	; 255
    2ee8:	88 ec       	ldi	r24, 0xC8	; 200
    2eea:	90 e0       	ldi	r25, 0x00	; 0
    2eec:	91 83       	std	Z+1, r25	; 0x01
    2eee:	80 83       	st	Z, r24
    2ef0:	fe 01       	movw	r30, r28
    2ef2:	ef 57       	subi	r30, 0x7F	; 127
    2ef4:	ff 4f       	sbci	r31, 0xFF	; 255
    2ef6:	80 81       	ld	r24, Z
    2ef8:	91 81       	ldd	r25, Z+1	; 0x01
    2efa:	01 97       	sbiw	r24, 0x01	; 1
    2efc:	f1 f7       	brne	.-4      	; 0x2efa <main+0x7a4>
    2efe:	fe 01       	movw	r30, r28
    2f00:	ef 57       	subi	r30, 0x7F	; 127
    2f02:	ff 4f       	sbci	r31, 0xFF	; 255
    2f04:	91 83       	std	Z+1, r25	; 0x01
    2f06:	80 83       	st	Z, r24
		while(__ticks)
		{
			// wait 1/10 ms
			_delay_loop_2(((F_CPU) / 4e3) / 10);
			__ticks --;
    2f08:	de 01       	movw	r26, r28
    2f0a:	ad 57       	subi	r26, 0x7D	; 125
    2f0c:	bf 4f       	sbci	r27, 0xFF	; 255
    2f0e:	fe 01       	movw	r30, r28
    2f10:	ed 57       	subi	r30, 0x7D	; 125
    2f12:	ff 4f       	sbci	r31, 0xFF	; 255
    2f14:	80 81       	ld	r24, Z
    2f16:	91 81       	ldd	r25, Z+1	; 0x01
    2f18:	01 97       	sbiw	r24, 0x01	; 1
    2f1a:	11 96       	adiw	r26, 0x01	; 1
    2f1c:	9c 93       	st	X, r25
    2f1e:	8e 93       	st	-X, r24
		__ticks = 1;
	else if (__tmp > 65535)
	{
		//	__ticks = requested delay in 1/10 ms
		__ticks = (uint16_t) (__ms * 10.0);
		while(__ticks)
    2f20:	fe 01       	movw	r30, r28
    2f22:	ed 57       	subi	r30, 0x7D	; 125
    2f24:	ff 4f       	sbci	r31, 0xFF	; 255
    2f26:	80 81       	ld	r24, Z
    2f28:	91 81       	ldd	r25, Z+1	; 0x01
    2f2a:	00 97       	sbiw	r24, 0x00	; 0
    2f2c:	d1 f6       	brne	.-76     	; 0x2ee2 <main+0x78c>
    2f2e:	27 c0       	rjmp	.+78     	; 0x2f7e <main+0x828>
			__ticks --;
		}
		return;
	}
	else
		__ticks = (uint16_t)__tmp;
    2f30:	8e 01       	movw	r16, r28
    2f32:	0d 57       	subi	r16, 0x7D	; 125
    2f34:	1f 4f       	sbci	r17, 0xFF	; 255
    2f36:	fe 01       	movw	r30, r28
    2f38:	eb 57       	subi	r30, 0x7B	; 123
    2f3a:	ff 4f       	sbci	r31, 0xFF	; 255
    2f3c:	60 81       	ld	r22, Z
    2f3e:	71 81       	ldd	r23, Z+1	; 0x01
    2f40:	82 81       	ldd	r24, Z+2	; 0x02
    2f42:	93 81       	ldd	r25, Z+3	; 0x03
    2f44:	0e 94 49 00 	call	0x92	; 0x92 <__fixunssfsi>
    2f48:	dc 01       	movw	r26, r24
    2f4a:	cb 01       	movw	r24, r22
    2f4c:	f8 01       	movw	r30, r16
    2f4e:	91 83       	std	Z+1, r25	; 0x01
    2f50:	80 83       	st	Z, r24
    2f52:	de 01       	movw	r26, r28
    2f54:	a1 58       	subi	r26, 0x81	; 129
    2f56:	bf 4f       	sbci	r27, 0xFF	; 255
    2f58:	fe 01       	movw	r30, r28
    2f5a:	ed 57       	subi	r30, 0x7D	; 125
    2f5c:	ff 4f       	sbci	r31, 0xFF	; 255
    2f5e:	80 81       	ld	r24, Z
    2f60:	91 81       	ldd	r25, Z+1	; 0x01
    2f62:	8d 93       	st	X+, r24
    2f64:	9c 93       	st	X, r25
    2f66:	fe 01       	movw	r30, r28
    2f68:	e1 58       	subi	r30, 0x81	; 129
    2f6a:	ff 4f       	sbci	r31, 0xFF	; 255
    2f6c:	80 81       	ld	r24, Z
    2f6e:	91 81       	ldd	r25, Z+1	; 0x01
    2f70:	01 97       	sbiw	r24, 0x01	; 1
    2f72:	f1 f7       	brne	.-4      	; 0x2f70 <main+0x81a>
    2f74:	fe 01       	movw	r30, r28
    2f76:	e1 58       	subi	r30, 0x81	; 129
    2f78:	ff 4f       	sbci	r31, 0xFF	; 255
    2f7a:	91 83       	std	Z+1, r25	; 0x01
    2f7c:	80 83       	st	Z, r24

									_delay_ms(3000);

									LED_OFF(LED1, LED_SOURCE);
    2f7e:	80 e0       	ldi	r24, 0x00	; 0
    2f80:	61 e0       	ldi	r22, 0x01	; 1
    2f82:	0e 94 ff 09 	call	0x13fe	; 0x13fe <LED_OFF>
    2f86:	e0 c5       	rjmp	.+3008   	; 0x3b48 <main+0x13f2>
								}
							}

							break;
						}
						else if (i == passLength-1 && password[i] == Enterpassword[i] && PasswordIndex==passLength)
    2f88:	fe 01       	movw	r30, r28
    2f8a:	e9 54       	subi	r30, 0x49	; 73
    2f8c:	ff 4f       	sbci	r31, 0xFF	; 255
    2f8e:	80 81       	ld	r24, Z
    2f90:	28 2f       	mov	r18, r24
    2f92:	30 e0       	ldi	r19, 0x00	; 0
    2f94:	fe 01       	movw	r30, r28
    2f96:	e6 54       	subi	r30, 0x46	; 70
    2f98:	ff 4f       	sbci	r31, 0xFF	; 255
    2f9a:	80 81       	ld	r24, Z
    2f9c:	88 2f       	mov	r24, r24
    2f9e:	90 e0       	ldi	r25, 0x00	; 0
    2fa0:	01 97       	sbiw	r24, 0x01	; 1
    2fa2:	28 17       	cp	r18, r24
    2fa4:	39 07       	cpc	r19, r25
    2fa6:	09 f0       	breq	.+2      	; 0x2faa <main+0x854>
    2fa8:	9f c5       	rjmp	.+2878   	; 0x3ae8 <main+0x1392>
    2faa:	fe 01       	movw	r30, r28
    2fac:	e9 54       	subi	r30, 0x49	; 73
    2fae:	ff 4f       	sbci	r31, 0xFF	; 255
    2fb0:	80 81       	ld	r24, Z
    2fb2:	28 2f       	mov	r18, r24
    2fb4:	30 e0       	ldi	r19, 0x00	; 0
    2fb6:	ce 01       	movw	r24, r28
    2fb8:	84 54       	subi	r24, 0x44	; 68
    2fba:	9f 4f       	sbci	r25, 0xFF	; 255
    2fbc:	fc 01       	movw	r30, r24
    2fbe:	e2 0f       	add	r30, r18
    2fc0:	f3 1f       	adc	r31, r19
    2fc2:	40 81       	ld	r20, Z
    2fc4:	fe 01       	movw	r30, r28
    2fc6:	e9 54       	subi	r30, 0x49	; 73
    2fc8:	ff 4f       	sbci	r31, 0xFF	; 255
    2fca:	80 81       	ld	r24, Z
    2fcc:	28 2f       	mov	r18, r24
    2fce:	30 e0       	ldi	r19, 0x00	; 0
    2fd0:	ce 01       	movw	r24, r28
    2fd2:	81 54       	subi	r24, 0x41	; 65
    2fd4:	9f 4f       	sbci	r25, 0xFF	; 255
    2fd6:	fc 01       	movw	r30, r24
    2fd8:	e2 0f       	add	r30, r18
    2fda:	f3 1f       	adc	r31, r19
    2fdc:	80 81       	ld	r24, Z
    2fde:	48 17       	cp	r20, r24
    2fe0:	09 f0       	breq	.+2      	; 0x2fe4 <main+0x88e>
    2fe2:	82 c5       	rjmp	.+2820   	; 0x3ae8 <main+0x1392>
    2fe4:	fe 01       	movw	r30, r28
    2fe6:	e7 54       	subi	r30, 0x47	; 71
    2fe8:	ff 4f       	sbci	r31, 0xFF	; 255
    2fea:	de 01       	movw	r26, r28
    2fec:	a6 54       	subi	r26, 0x46	; 70
    2fee:	bf 4f       	sbci	r27, 0xFF	; 255
    2ff0:	90 81       	ld	r25, Z
    2ff2:	8c 91       	ld	r24, X
    2ff4:	98 17       	cp	r25, r24
    2ff6:	09 f0       	breq	.+2      	; 0x2ffa <main+0x8a4>
    2ff8:	77 c5       	rjmp	.+2798   	; 0x3ae8 <main+0x1392>
						{
							LED_ON(LED3, LED_SOURCE);
    2ffa:	82 e0       	ldi	r24, 0x02	; 2
    2ffc:	61 e0       	ldi	r22, 0x01	; 1
    2ffe:	0e 94 bf 09 	call	0x137e	; 0x137e <LED_ON>
							LED_ON(LED6, LED_SOURCE);
    3002:	85 e0       	ldi	r24, 0x05	; 5
    3004:	61 e0       	ldi	r22, 0x01	; 1
    3006:	0e 94 bf 09 	call	0x137e	; 0x137e <LED_ON>
    300a:	fe 01       	movw	r30, r28
    300c:	e5 58       	subi	r30, 0x85	; 133
    300e:	ff 4f       	sbci	r31, 0xFF	; 255
    3010:	80 e0       	ldi	r24, 0x00	; 0
    3012:	90 e4       	ldi	r25, 0x40	; 64
    3014:	ac e9       	ldi	r26, 0x9C	; 156
    3016:	b5 e4       	ldi	r27, 0x45	; 69
    3018:	80 83       	st	Z, r24
    301a:	91 83       	std	Z+1, r25	; 0x01
    301c:	a2 83       	std	Z+2, r26	; 0x02
    301e:	b3 83       	std	Z+3, r27	; 0x03
 */
void
_delay_ms(double __ms)
{
	uint16_t __ticks;
	double __tmp = ((F_CPU) / 4e3) * __ms;
    3020:	8e 01       	movw	r16, r28
    3022:	09 58       	subi	r16, 0x89	; 137
    3024:	1f 4f       	sbci	r17, 0xFF	; 255
    3026:	fe 01       	movw	r30, r28
    3028:	e5 58       	subi	r30, 0x85	; 133
    302a:	ff 4f       	sbci	r31, 0xFF	; 255
    302c:	60 81       	ld	r22, Z
    302e:	71 81       	ldd	r23, Z+1	; 0x01
    3030:	82 81       	ldd	r24, Z+2	; 0x02
    3032:	93 81       	ldd	r25, Z+3	; 0x03
    3034:	20 e0       	ldi	r18, 0x00	; 0
    3036:	30 e0       	ldi	r19, 0x00	; 0
    3038:	4a ef       	ldi	r20, 0xFA	; 250
    303a:	54 e4       	ldi	r21, 0x44	; 68
    303c:	0e 94 1f 02 	call	0x43e	; 0x43e <__mulsf3>
    3040:	dc 01       	movw	r26, r24
    3042:	cb 01       	movw	r24, r22
    3044:	f8 01       	movw	r30, r16
    3046:	80 83       	st	Z, r24
    3048:	91 83       	std	Z+1, r25	; 0x01
    304a:	a2 83       	std	Z+2, r26	; 0x02
    304c:	b3 83       	std	Z+3, r27	; 0x03
	if (__tmp < 1.0)
    304e:	fe 01       	movw	r30, r28
    3050:	e9 58       	subi	r30, 0x89	; 137
    3052:	ff 4f       	sbci	r31, 0xFF	; 255
    3054:	60 81       	ld	r22, Z
    3056:	71 81       	ldd	r23, Z+1	; 0x01
    3058:	82 81       	ldd	r24, Z+2	; 0x02
    305a:	93 81       	ldd	r25, Z+3	; 0x03
    305c:	20 e0       	ldi	r18, 0x00	; 0
    305e:	30 e0       	ldi	r19, 0x00	; 0
    3060:	40 e8       	ldi	r20, 0x80	; 128
    3062:	5f e3       	ldi	r21, 0x3F	; 63
    3064:	0e 94 25 04 	call	0x84a	; 0x84a <__ltsf2>
    3068:	88 23       	and	r24, r24
    306a:	44 f4       	brge	.+16     	; 0x307c <main+0x926>
		__ticks = 1;
    306c:	fe 01       	movw	r30, r28
    306e:	eb 58       	subi	r30, 0x8B	; 139
    3070:	ff 4f       	sbci	r31, 0xFF	; 255
    3072:	81 e0       	ldi	r24, 0x01	; 1
    3074:	90 e0       	ldi	r25, 0x00	; 0
    3076:	91 83       	std	Z+1, r25	; 0x01
    3078:	80 83       	st	Z, r24
    307a:	64 c0       	rjmp	.+200    	; 0x3144 <main+0x9ee>
	else if (__tmp > 65535)
    307c:	fe 01       	movw	r30, r28
    307e:	e9 58       	subi	r30, 0x89	; 137
    3080:	ff 4f       	sbci	r31, 0xFF	; 255
    3082:	60 81       	ld	r22, Z
    3084:	71 81       	ldd	r23, Z+1	; 0x01
    3086:	82 81       	ldd	r24, Z+2	; 0x02
    3088:	93 81       	ldd	r25, Z+3	; 0x03
    308a:	20 e0       	ldi	r18, 0x00	; 0
    308c:	3f ef       	ldi	r19, 0xFF	; 255
    308e:	4f e7       	ldi	r20, 0x7F	; 127
    3090:	57 e4       	ldi	r21, 0x47	; 71
    3092:	0e 94 c5 03 	call	0x78a	; 0x78a <__gtsf2>
    3096:	18 16       	cp	r1, r24
    3098:	0c f0       	brlt	.+2      	; 0x309c <main+0x946>
    309a:	43 c0       	rjmp	.+134    	; 0x3122 <main+0x9cc>
	{
		//	__ticks = requested delay in 1/10 ms
		__ticks = (uint16_t) (__ms * 10.0);
    309c:	fe 01       	movw	r30, r28
    309e:	e5 58       	subi	r30, 0x85	; 133
    30a0:	ff 4f       	sbci	r31, 0xFF	; 255
    30a2:	60 81       	ld	r22, Z
    30a4:	71 81       	ldd	r23, Z+1	; 0x01
    30a6:	82 81       	ldd	r24, Z+2	; 0x02
    30a8:	93 81       	ldd	r25, Z+3	; 0x03
    30aa:	20 e0       	ldi	r18, 0x00	; 0
    30ac:	30 e0       	ldi	r19, 0x00	; 0
    30ae:	40 e2       	ldi	r20, 0x20	; 32
    30b0:	51 e4       	ldi	r21, 0x41	; 65
    30b2:	0e 94 1f 02 	call	0x43e	; 0x43e <__mulsf3>
    30b6:	dc 01       	movw	r26, r24
    30b8:	cb 01       	movw	r24, r22
    30ba:	8e 01       	movw	r16, r28
    30bc:	0b 58       	subi	r16, 0x8B	; 139
    30be:	1f 4f       	sbci	r17, 0xFF	; 255
    30c0:	bc 01       	movw	r22, r24
    30c2:	cd 01       	movw	r24, r26
    30c4:	0e 94 49 00 	call	0x92	; 0x92 <__fixunssfsi>
    30c8:	dc 01       	movw	r26, r24
    30ca:	cb 01       	movw	r24, r22
    30cc:	f8 01       	movw	r30, r16
    30ce:	91 83       	std	Z+1, r25	; 0x01
    30d0:	80 83       	st	Z, r24
    30d2:	1f c0       	rjmp	.+62     	; 0x3112 <main+0x9bc>
    30d4:	fe 01       	movw	r30, r28
    30d6:	ed 58       	subi	r30, 0x8D	; 141
    30d8:	ff 4f       	sbci	r31, 0xFF	; 255
    30da:	88 ec       	ldi	r24, 0xC8	; 200
    30dc:	90 e0       	ldi	r25, 0x00	; 0
    30de:	91 83       	std	Z+1, r25	; 0x01
    30e0:	80 83       	st	Z, r24
    30e2:	fe 01       	movw	r30, r28
    30e4:	ed 58       	subi	r30, 0x8D	; 141
    30e6:	ff 4f       	sbci	r31, 0xFF	; 255
    30e8:	80 81       	ld	r24, Z
    30ea:	91 81       	ldd	r25, Z+1	; 0x01
    30ec:	01 97       	sbiw	r24, 0x01	; 1
    30ee:	f1 f7       	brne	.-4      	; 0x30ec <main+0x996>
    30f0:	fe 01       	movw	r30, r28
    30f2:	ed 58       	subi	r30, 0x8D	; 141
    30f4:	ff 4f       	sbci	r31, 0xFF	; 255
    30f6:	91 83       	std	Z+1, r25	; 0x01
    30f8:	80 83       	st	Z, r24
		while(__ticks)
		{
			// wait 1/10 ms
			_delay_loop_2(((F_CPU) / 4e3) / 10);
			__ticks --;
    30fa:	de 01       	movw	r26, r28
    30fc:	ab 58       	subi	r26, 0x8B	; 139
    30fe:	bf 4f       	sbci	r27, 0xFF	; 255
    3100:	fe 01       	movw	r30, r28
    3102:	eb 58       	subi	r30, 0x8B	; 139
    3104:	ff 4f       	sbci	r31, 0xFF	; 255
    3106:	80 81       	ld	r24, Z
    3108:	91 81       	ldd	r25, Z+1	; 0x01
    310a:	01 97       	sbiw	r24, 0x01	; 1
    310c:	11 96       	adiw	r26, 0x01	; 1
    310e:	9c 93       	st	X, r25
    3110:	8e 93       	st	-X, r24
		__ticks = 1;
	else if (__tmp > 65535)
	{
		//	__ticks = requested delay in 1/10 ms
		__ticks = (uint16_t) (__ms * 10.0);
		while(__ticks)
    3112:	fe 01       	movw	r30, r28
    3114:	eb 58       	subi	r30, 0x8B	; 139
    3116:	ff 4f       	sbci	r31, 0xFF	; 255
    3118:	80 81       	ld	r24, Z
    311a:	91 81       	ldd	r25, Z+1	; 0x01
    311c:	00 97       	sbiw	r24, 0x00	; 0
    311e:	d1 f6       	brne	.-76     	; 0x30d4 <main+0x97e>
    3120:	27 c0       	rjmp	.+78     	; 0x3170 <main+0xa1a>
			__ticks --;
		}
		return;
	}
	else
		__ticks = (uint16_t)__tmp;
    3122:	8e 01       	movw	r16, r28
    3124:	0b 58       	subi	r16, 0x8B	; 139
    3126:	1f 4f       	sbci	r17, 0xFF	; 255
    3128:	fe 01       	movw	r30, r28
    312a:	e9 58       	subi	r30, 0x89	; 137
    312c:	ff 4f       	sbci	r31, 0xFF	; 255
    312e:	60 81       	ld	r22, Z
    3130:	71 81       	ldd	r23, Z+1	; 0x01
    3132:	82 81       	ldd	r24, Z+2	; 0x02
    3134:	93 81       	ldd	r25, Z+3	; 0x03
    3136:	0e 94 49 00 	call	0x92	; 0x92 <__fixunssfsi>
    313a:	dc 01       	movw	r26, r24
    313c:	cb 01       	movw	r24, r22
    313e:	f8 01       	movw	r30, r16
    3140:	91 83       	std	Z+1, r25	; 0x01
    3142:	80 83       	st	Z, r24
    3144:	de 01       	movw	r26, r28
    3146:	af 58       	subi	r26, 0x8F	; 143
    3148:	bf 4f       	sbci	r27, 0xFF	; 255
    314a:	fe 01       	movw	r30, r28
    314c:	eb 58       	subi	r30, 0x8B	; 139
    314e:	ff 4f       	sbci	r31, 0xFF	; 255
    3150:	80 81       	ld	r24, Z
    3152:	91 81       	ldd	r25, Z+1	; 0x01
    3154:	8d 93       	st	X+, r24
    3156:	9c 93       	st	X, r25
    3158:	fe 01       	movw	r30, r28
    315a:	ef 58       	subi	r30, 0x8F	; 143
    315c:	ff 4f       	sbci	r31, 0xFF	; 255
    315e:	80 81       	ld	r24, Z
    3160:	91 81       	ldd	r25, Z+1	; 0x01
    3162:	01 97       	sbiw	r24, 0x01	; 1
    3164:	f1 f7       	brne	.-4      	; 0x3162 <main+0xa0c>
    3166:	fe 01       	movw	r30, r28
    3168:	ef 58       	subi	r30, 0x8F	; 143
    316a:	ff 4f       	sbci	r31, 0xFF	; 255
    316c:	91 83       	std	Z+1, r25	; 0x01
    316e:	80 83       	st	Z, r24

							_delay_ms(5000);

							LED_OFF(LED3, LED_SOURCE);
    3170:	82 e0       	ldi	r24, 0x02	; 2
    3172:	61 e0       	ldi	r22, 0x01	; 1
    3174:	0e 94 ff 09 	call	0x13fe	; 0x13fe <LED_OFF>
							LED_OFF(LED6, LED_SOURCE);
    3178:	85 e0       	ldi	r24, 0x05	; 5
    317a:	61 e0       	ldi	r22, 0x01	; 1
    317c:	0e 94 ff 09 	call	0x13fe	; 0x13fe <LED_OFF>

							LED_ON(LED1, LED_SOURCE);
    3180:	80 e0       	ldi	r24, 0x00	; 0
    3182:	61 e0       	ldi	r22, 0x01	; 1
    3184:	0e 94 bf 09 	call	0x137e	; 0x137e <LED_ON>
    3188:	fe 01       	movw	r30, r28
    318a:	e3 59       	subi	r30, 0x93	; 147
    318c:	ff 4f       	sbci	r31, 0xFF	; 255
    318e:	80 e0       	ldi	r24, 0x00	; 0
    3190:	90 e0       	ldi	r25, 0x00	; 0
    3192:	aa e7       	ldi	r26, 0x7A	; 122
    3194:	b4 e4       	ldi	r27, 0x44	; 68
    3196:	80 83       	st	Z, r24
    3198:	91 83       	std	Z+1, r25	; 0x01
    319a:	a2 83       	std	Z+2, r26	; 0x02
    319c:	b3 83       	std	Z+3, r27	; 0x03
 */
void
_delay_ms(double __ms)
{
	uint16_t __ticks;
	double __tmp = ((F_CPU) / 4e3) * __ms;
    319e:	8e 01       	movw	r16, r28
    31a0:	07 59       	subi	r16, 0x97	; 151
    31a2:	1f 4f       	sbci	r17, 0xFF	; 255
    31a4:	fe 01       	movw	r30, r28
    31a6:	e3 59       	subi	r30, 0x93	; 147
    31a8:	ff 4f       	sbci	r31, 0xFF	; 255
    31aa:	60 81       	ld	r22, Z
    31ac:	71 81       	ldd	r23, Z+1	; 0x01
    31ae:	82 81       	ldd	r24, Z+2	; 0x02
    31b0:	93 81       	ldd	r25, Z+3	; 0x03
    31b2:	20 e0       	ldi	r18, 0x00	; 0
    31b4:	30 e0       	ldi	r19, 0x00	; 0
    31b6:	4a ef       	ldi	r20, 0xFA	; 250
    31b8:	54 e4       	ldi	r21, 0x44	; 68
    31ba:	0e 94 1f 02 	call	0x43e	; 0x43e <__mulsf3>
    31be:	dc 01       	movw	r26, r24
    31c0:	cb 01       	movw	r24, r22
    31c2:	f8 01       	movw	r30, r16
    31c4:	80 83       	st	Z, r24
    31c6:	91 83       	std	Z+1, r25	; 0x01
    31c8:	a2 83       	std	Z+2, r26	; 0x02
    31ca:	b3 83       	std	Z+3, r27	; 0x03
	if (__tmp < 1.0)
    31cc:	fe 01       	movw	r30, r28
    31ce:	e7 59       	subi	r30, 0x97	; 151
    31d0:	ff 4f       	sbci	r31, 0xFF	; 255
    31d2:	60 81       	ld	r22, Z
    31d4:	71 81       	ldd	r23, Z+1	; 0x01
    31d6:	82 81       	ldd	r24, Z+2	; 0x02
    31d8:	93 81       	ldd	r25, Z+3	; 0x03
    31da:	20 e0       	ldi	r18, 0x00	; 0
    31dc:	30 e0       	ldi	r19, 0x00	; 0
    31de:	40 e8       	ldi	r20, 0x80	; 128
    31e0:	5f e3       	ldi	r21, 0x3F	; 63
    31e2:	0e 94 25 04 	call	0x84a	; 0x84a <__ltsf2>
    31e6:	88 23       	and	r24, r24
    31e8:	44 f4       	brge	.+16     	; 0x31fa <main+0xaa4>
		__ticks = 1;
    31ea:	fe 01       	movw	r30, r28
    31ec:	e9 59       	subi	r30, 0x99	; 153
    31ee:	ff 4f       	sbci	r31, 0xFF	; 255
    31f0:	81 e0       	ldi	r24, 0x01	; 1
    31f2:	90 e0       	ldi	r25, 0x00	; 0
    31f4:	91 83       	std	Z+1, r25	; 0x01
    31f6:	80 83       	st	Z, r24
    31f8:	64 c0       	rjmp	.+200    	; 0x32c2 <main+0xb6c>
	else if (__tmp > 65535)
    31fa:	fe 01       	movw	r30, r28
    31fc:	e7 59       	subi	r30, 0x97	; 151
    31fe:	ff 4f       	sbci	r31, 0xFF	; 255
    3200:	60 81       	ld	r22, Z
    3202:	71 81       	ldd	r23, Z+1	; 0x01
    3204:	82 81       	ldd	r24, Z+2	; 0x02
    3206:	93 81       	ldd	r25, Z+3	; 0x03
    3208:	20 e0       	ldi	r18, 0x00	; 0
    320a:	3f ef       	ldi	r19, 0xFF	; 255
    320c:	4f e7       	ldi	r20, 0x7F	; 127
    320e:	57 e4       	ldi	r21, 0x47	; 71
    3210:	0e 94 c5 03 	call	0x78a	; 0x78a <__gtsf2>
    3214:	18 16       	cp	r1, r24
    3216:	0c f0       	brlt	.+2      	; 0x321a <main+0xac4>
    3218:	43 c0       	rjmp	.+134    	; 0x32a0 <main+0xb4a>
	{
		//	__ticks = requested delay in 1/10 ms
		__ticks = (uint16_t) (__ms * 10.0);
    321a:	fe 01       	movw	r30, r28
    321c:	e3 59       	subi	r30, 0x93	; 147
    321e:	ff 4f       	sbci	r31, 0xFF	; 255
    3220:	60 81       	ld	r22, Z
    3222:	71 81       	ldd	r23, Z+1	; 0x01
    3224:	82 81       	ldd	r24, Z+2	; 0x02
    3226:	93 81       	ldd	r25, Z+3	; 0x03
    3228:	20 e0       	ldi	r18, 0x00	; 0
    322a:	30 e0       	ldi	r19, 0x00	; 0
    322c:	40 e2       	ldi	r20, 0x20	; 32
    322e:	51 e4       	ldi	r21, 0x41	; 65
    3230:	0e 94 1f 02 	call	0x43e	; 0x43e <__mulsf3>
    3234:	dc 01       	movw	r26, r24
    3236:	cb 01       	movw	r24, r22
    3238:	8e 01       	movw	r16, r28
    323a:	09 59       	subi	r16, 0x99	; 153
    323c:	1f 4f       	sbci	r17, 0xFF	; 255
    323e:	bc 01       	movw	r22, r24
    3240:	cd 01       	movw	r24, r26
    3242:	0e 94 49 00 	call	0x92	; 0x92 <__fixunssfsi>
    3246:	dc 01       	movw	r26, r24
    3248:	cb 01       	movw	r24, r22
    324a:	f8 01       	movw	r30, r16
    324c:	91 83       	std	Z+1, r25	; 0x01
    324e:	80 83       	st	Z, r24
    3250:	1f c0       	rjmp	.+62     	; 0x3290 <main+0xb3a>
    3252:	fe 01       	movw	r30, r28
    3254:	eb 59       	subi	r30, 0x9B	; 155
    3256:	ff 4f       	sbci	r31, 0xFF	; 255
    3258:	88 ec       	ldi	r24, 0xC8	; 200
    325a:	90 e0       	ldi	r25, 0x00	; 0
    325c:	91 83       	std	Z+1, r25	; 0x01
    325e:	80 83       	st	Z, r24
    3260:	fe 01       	movw	r30, r28
    3262:	eb 59       	subi	r30, 0x9B	; 155
    3264:	ff 4f       	sbci	r31, 0xFF	; 255
    3266:	80 81       	ld	r24, Z
    3268:	91 81       	ldd	r25, Z+1	; 0x01
    326a:	01 97       	sbiw	r24, 0x01	; 1
    326c:	f1 f7       	brne	.-4      	; 0x326a <main+0xb14>
    326e:	fe 01       	movw	r30, r28
    3270:	eb 59       	subi	r30, 0x9B	; 155
    3272:	ff 4f       	sbci	r31, 0xFF	; 255
    3274:	91 83       	std	Z+1, r25	; 0x01
    3276:	80 83       	st	Z, r24
		while(__ticks)
		{
			// wait 1/10 ms
			_delay_loop_2(((F_CPU) / 4e3) / 10);
			__ticks --;
    3278:	de 01       	movw	r26, r28
    327a:	a9 59       	subi	r26, 0x99	; 153
    327c:	bf 4f       	sbci	r27, 0xFF	; 255
    327e:	fe 01       	movw	r30, r28
    3280:	e9 59       	subi	r30, 0x99	; 153
    3282:	ff 4f       	sbci	r31, 0xFF	; 255
    3284:	80 81       	ld	r24, Z
    3286:	91 81       	ldd	r25, Z+1	; 0x01
    3288:	01 97       	sbiw	r24, 0x01	; 1
    328a:	11 96       	adiw	r26, 0x01	; 1
    328c:	9c 93       	st	X, r25
    328e:	8e 93       	st	-X, r24
		__ticks = 1;
	else if (__tmp > 65535)
	{
		//	__ticks = requested delay in 1/10 ms
		__ticks = (uint16_t) (__ms * 10.0);
		while(__ticks)
    3290:	fe 01       	movw	r30, r28
    3292:	e9 59       	subi	r30, 0x99	; 153
    3294:	ff 4f       	sbci	r31, 0xFF	; 255
    3296:	80 81       	ld	r24, Z
    3298:	91 81       	ldd	r25, Z+1	; 0x01
    329a:	00 97       	sbiw	r24, 0x00	; 0
    329c:	d1 f6       	brne	.-76     	; 0x3252 <main+0xafc>
    329e:	27 c0       	rjmp	.+78     	; 0x32ee <main+0xb98>
			__ticks --;
		}
		return;
	}
	else
		__ticks = (uint16_t)__tmp;
    32a0:	8e 01       	movw	r16, r28
    32a2:	09 59       	subi	r16, 0x99	; 153
    32a4:	1f 4f       	sbci	r17, 0xFF	; 255
    32a6:	fe 01       	movw	r30, r28
    32a8:	e7 59       	subi	r30, 0x97	; 151
    32aa:	ff 4f       	sbci	r31, 0xFF	; 255
    32ac:	60 81       	ld	r22, Z
    32ae:	71 81       	ldd	r23, Z+1	; 0x01
    32b0:	82 81       	ldd	r24, Z+2	; 0x02
    32b2:	93 81       	ldd	r25, Z+3	; 0x03
    32b4:	0e 94 49 00 	call	0x92	; 0x92 <__fixunssfsi>
    32b8:	dc 01       	movw	r26, r24
    32ba:	cb 01       	movw	r24, r22
    32bc:	f8 01       	movw	r30, r16
    32be:	91 83       	std	Z+1, r25	; 0x01
    32c0:	80 83       	st	Z, r24
    32c2:	de 01       	movw	r26, r28
    32c4:	ad 59       	subi	r26, 0x9D	; 157
    32c6:	bf 4f       	sbci	r27, 0xFF	; 255
    32c8:	fe 01       	movw	r30, r28
    32ca:	e9 59       	subi	r30, 0x99	; 153
    32cc:	ff 4f       	sbci	r31, 0xFF	; 255
    32ce:	80 81       	ld	r24, Z
    32d0:	91 81       	ldd	r25, Z+1	; 0x01
    32d2:	8d 93       	st	X+, r24
    32d4:	9c 93       	st	X, r25
    32d6:	fe 01       	movw	r30, r28
    32d8:	ed 59       	subi	r30, 0x9D	; 157
    32da:	ff 4f       	sbci	r31, 0xFF	; 255
    32dc:	80 81       	ld	r24, Z
    32de:	91 81       	ldd	r25, Z+1	; 0x01
    32e0:	01 97       	sbiw	r24, 0x01	; 1
    32e2:	f1 f7       	brne	.-4      	; 0x32e0 <main+0xb8a>
    32e4:	fe 01       	movw	r30, r28
    32e6:	ed 59       	subi	r30, 0x9D	; 157
    32e8:	ff 4f       	sbci	r31, 0xFF	; 255
    32ea:	91 83       	std	Z+1, r25	; 0x01
    32ec:	80 83       	st	Z, r24
							_delay_ms(1000);
							LED_OFF(LED1, LED_SOURCE);
    32ee:	80 e0       	ldi	r24, 0x00	; 0
    32f0:	61 e0       	ldi	r22, 0x01	; 1
    32f2:	0e 94 ff 09 	call	0x13fe	; 0x13fe <LED_OFF>
							LED_ON(LED2, LED_SOURCE);
    32f6:	81 e0       	ldi	r24, 0x01	; 1
    32f8:	61 e0       	ldi	r22, 0x01	; 1
    32fa:	0e 94 bf 09 	call	0x137e	; 0x137e <LED_ON>
    32fe:	fe 01       	movw	r30, r28
    3300:	e1 5a       	subi	r30, 0xA1	; 161
    3302:	ff 4f       	sbci	r31, 0xFF	; 255
    3304:	80 e0       	ldi	r24, 0x00	; 0
    3306:	90 e0       	ldi	r25, 0x00	; 0
    3308:	aa e7       	ldi	r26, 0x7A	; 122
    330a:	b4 e4       	ldi	r27, 0x44	; 68
    330c:	80 83       	st	Z, r24
    330e:	91 83       	std	Z+1, r25	; 0x01
    3310:	a2 83       	std	Z+2, r26	; 0x02
    3312:	b3 83       	std	Z+3, r27	; 0x03
 */
void
_delay_ms(double __ms)
{
	uint16_t __ticks;
	double __tmp = ((F_CPU) / 4e3) * __ms;
    3314:	8e 01       	movw	r16, r28
    3316:	05 5a       	subi	r16, 0xA5	; 165
    3318:	1f 4f       	sbci	r17, 0xFF	; 255
    331a:	fe 01       	movw	r30, r28
    331c:	e1 5a       	subi	r30, 0xA1	; 161
    331e:	ff 4f       	sbci	r31, 0xFF	; 255
    3320:	60 81       	ld	r22, Z
    3322:	71 81       	ldd	r23, Z+1	; 0x01
    3324:	82 81       	ldd	r24, Z+2	; 0x02
    3326:	93 81       	ldd	r25, Z+3	; 0x03
    3328:	20 e0       	ldi	r18, 0x00	; 0
    332a:	30 e0       	ldi	r19, 0x00	; 0
    332c:	4a ef       	ldi	r20, 0xFA	; 250
    332e:	54 e4       	ldi	r21, 0x44	; 68
    3330:	0e 94 1f 02 	call	0x43e	; 0x43e <__mulsf3>
    3334:	dc 01       	movw	r26, r24
    3336:	cb 01       	movw	r24, r22
    3338:	f8 01       	movw	r30, r16
    333a:	80 83       	st	Z, r24
    333c:	91 83       	std	Z+1, r25	; 0x01
    333e:	a2 83       	std	Z+2, r26	; 0x02
    3340:	b3 83       	std	Z+3, r27	; 0x03
	if (__tmp < 1.0)
    3342:	fe 01       	movw	r30, r28
    3344:	e5 5a       	subi	r30, 0xA5	; 165
    3346:	ff 4f       	sbci	r31, 0xFF	; 255
    3348:	60 81       	ld	r22, Z
    334a:	71 81       	ldd	r23, Z+1	; 0x01
    334c:	82 81       	ldd	r24, Z+2	; 0x02
    334e:	93 81       	ldd	r25, Z+3	; 0x03
    3350:	20 e0       	ldi	r18, 0x00	; 0
    3352:	30 e0       	ldi	r19, 0x00	; 0
    3354:	40 e8       	ldi	r20, 0x80	; 128
    3356:	5f e3       	ldi	r21, 0x3F	; 63
    3358:	0e 94 25 04 	call	0x84a	; 0x84a <__ltsf2>
    335c:	88 23       	and	r24, r24
    335e:	44 f4       	brge	.+16     	; 0x3370 <main+0xc1a>
		__ticks = 1;
    3360:	fe 01       	movw	r30, r28
    3362:	e7 5a       	subi	r30, 0xA7	; 167
    3364:	ff 4f       	sbci	r31, 0xFF	; 255
    3366:	81 e0       	ldi	r24, 0x01	; 1
    3368:	90 e0       	ldi	r25, 0x00	; 0
    336a:	91 83       	std	Z+1, r25	; 0x01
    336c:	80 83       	st	Z, r24
    336e:	64 c0       	rjmp	.+200    	; 0x3438 <main+0xce2>
	else if (__tmp > 65535)
    3370:	fe 01       	movw	r30, r28
    3372:	e5 5a       	subi	r30, 0xA5	; 165
    3374:	ff 4f       	sbci	r31, 0xFF	; 255
    3376:	60 81       	ld	r22, Z
    3378:	71 81       	ldd	r23, Z+1	; 0x01
    337a:	82 81       	ldd	r24, Z+2	; 0x02
    337c:	93 81       	ldd	r25, Z+3	; 0x03
    337e:	20 e0       	ldi	r18, 0x00	; 0
    3380:	3f ef       	ldi	r19, 0xFF	; 255
    3382:	4f e7       	ldi	r20, 0x7F	; 127
    3384:	57 e4       	ldi	r21, 0x47	; 71
    3386:	0e 94 c5 03 	call	0x78a	; 0x78a <__gtsf2>
    338a:	18 16       	cp	r1, r24
    338c:	0c f0       	brlt	.+2      	; 0x3390 <main+0xc3a>
    338e:	43 c0       	rjmp	.+134    	; 0x3416 <main+0xcc0>
	{
		//	__ticks = requested delay in 1/10 ms
		__ticks = (uint16_t) (__ms * 10.0);
    3390:	fe 01       	movw	r30, r28
    3392:	e1 5a       	subi	r30, 0xA1	; 161
    3394:	ff 4f       	sbci	r31, 0xFF	; 255
    3396:	60 81       	ld	r22, Z
    3398:	71 81       	ldd	r23, Z+1	; 0x01
    339a:	82 81       	ldd	r24, Z+2	; 0x02
    339c:	93 81       	ldd	r25, Z+3	; 0x03
    339e:	20 e0       	ldi	r18, 0x00	; 0
    33a0:	30 e0       	ldi	r19, 0x00	; 0
    33a2:	40 e2       	ldi	r20, 0x20	; 32
    33a4:	51 e4       	ldi	r21, 0x41	; 65
    33a6:	0e 94 1f 02 	call	0x43e	; 0x43e <__mulsf3>
    33aa:	dc 01       	movw	r26, r24
    33ac:	cb 01       	movw	r24, r22
    33ae:	8e 01       	movw	r16, r28
    33b0:	07 5a       	subi	r16, 0xA7	; 167
    33b2:	1f 4f       	sbci	r17, 0xFF	; 255
    33b4:	bc 01       	movw	r22, r24
    33b6:	cd 01       	movw	r24, r26
    33b8:	0e 94 49 00 	call	0x92	; 0x92 <__fixunssfsi>
    33bc:	dc 01       	movw	r26, r24
    33be:	cb 01       	movw	r24, r22
    33c0:	f8 01       	movw	r30, r16
    33c2:	91 83       	std	Z+1, r25	; 0x01
    33c4:	80 83       	st	Z, r24
    33c6:	1f c0       	rjmp	.+62     	; 0x3406 <main+0xcb0>
    33c8:	fe 01       	movw	r30, r28
    33ca:	e9 5a       	subi	r30, 0xA9	; 169
    33cc:	ff 4f       	sbci	r31, 0xFF	; 255
    33ce:	88 ec       	ldi	r24, 0xC8	; 200
    33d0:	90 e0       	ldi	r25, 0x00	; 0
    33d2:	91 83       	std	Z+1, r25	; 0x01
    33d4:	80 83       	st	Z, r24
    33d6:	fe 01       	movw	r30, r28
    33d8:	e9 5a       	subi	r30, 0xA9	; 169
    33da:	ff 4f       	sbci	r31, 0xFF	; 255
    33dc:	80 81       	ld	r24, Z
    33de:	91 81       	ldd	r25, Z+1	; 0x01
    33e0:	01 97       	sbiw	r24, 0x01	; 1
    33e2:	f1 f7       	brne	.-4      	; 0x33e0 <main+0xc8a>
    33e4:	fe 01       	movw	r30, r28
    33e6:	e9 5a       	subi	r30, 0xA9	; 169
    33e8:	ff 4f       	sbci	r31, 0xFF	; 255
    33ea:	91 83       	std	Z+1, r25	; 0x01
    33ec:	80 83       	st	Z, r24
		while(__ticks)
		{
			// wait 1/10 ms
			_delay_loop_2(((F_CPU) / 4e3) / 10);
			__ticks --;
    33ee:	de 01       	movw	r26, r28
    33f0:	a7 5a       	subi	r26, 0xA7	; 167
    33f2:	bf 4f       	sbci	r27, 0xFF	; 255
    33f4:	fe 01       	movw	r30, r28
    33f6:	e7 5a       	subi	r30, 0xA7	; 167
    33f8:	ff 4f       	sbci	r31, 0xFF	; 255
    33fa:	80 81       	ld	r24, Z
    33fc:	91 81       	ldd	r25, Z+1	; 0x01
    33fe:	01 97       	sbiw	r24, 0x01	; 1
    3400:	11 96       	adiw	r26, 0x01	; 1
    3402:	9c 93       	st	X, r25
    3404:	8e 93       	st	-X, r24
		__ticks = 1;
	else if (__tmp > 65535)
	{
		//	__ticks = requested delay in 1/10 ms
		__ticks = (uint16_t) (__ms * 10.0);
		while(__ticks)
    3406:	fe 01       	movw	r30, r28
    3408:	e7 5a       	subi	r30, 0xA7	; 167
    340a:	ff 4f       	sbci	r31, 0xFF	; 255
    340c:	80 81       	ld	r24, Z
    340e:	91 81       	ldd	r25, Z+1	; 0x01
    3410:	00 97       	sbiw	r24, 0x00	; 0
    3412:	d1 f6       	brne	.-76     	; 0x33c8 <main+0xc72>
    3414:	27 c0       	rjmp	.+78     	; 0x3464 <main+0xd0e>
			__ticks --;
		}
		return;
	}
	else
		__ticks = (uint16_t)__tmp;
    3416:	8e 01       	movw	r16, r28
    3418:	07 5a       	subi	r16, 0xA7	; 167
    341a:	1f 4f       	sbci	r17, 0xFF	; 255
    341c:	fe 01       	movw	r30, r28
    341e:	e5 5a       	subi	r30, 0xA5	; 165
    3420:	ff 4f       	sbci	r31, 0xFF	; 255
    3422:	60 81       	ld	r22, Z
    3424:	71 81       	ldd	r23, Z+1	; 0x01
    3426:	82 81       	ldd	r24, Z+2	; 0x02
    3428:	93 81       	ldd	r25, Z+3	; 0x03
    342a:	0e 94 49 00 	call	0x92	; 0x92 <__fixunssfsi>
    342e:	dc 01       	movw	r26, r24
    3430:	cb 01       	movw	r24, r22
    3432:	f8 01       	movw	r30, r16
    3434:	91 83       	std	Z+1, r25	; 0x01
    3436:	80 83       	st	Z, r24
    3438:	de 01       	movw	r26, r28
    343a:	ab 5a       	subi	r26, 0xAB	; 171
    343c:	bf 4f       	sbci	r27, 0xFF	; 255
    343e:	fe 01       	movw	r30, r28
    3440:	e7 5a       	subi	r30, 0xA7	; 167
    3442:	ff 4f       	sbci	r31, 0xFF	; 255
    3444:	80 81       	ld	r24, Z
    3446:	91 81       	ldd	r25, Z+1	; 0x01
    3448:	8d 93       	st	X+, r24
    344a:	9c 93       	st	X, r25
    344c:	fe 01       	movw	r30, r28
    344e:	eb 5a       	subi	r30, 0xAB	; 171
    3450:	ff 4f       	sbci	r31, 0xFF	; 255
    3452:	80 81       	ld	r24, Z
    3454:	91 81       	ldd	r25, Z+1	; 0x01
    3456:	01 97       	sbiw	r24, 0x01	; 1
    3458:	f1 f7       	brne	.-4      	; 0x3456 <main+0xd00>
    345a:	fe 01       	movw	r30, r28
    345c:	eb 5a       	subi	r30, 0xAB	; 171
    345e:	ff 4f       	sbci	r31, 0xFF	; 255
    3460:	91 83       	std	Z+1, r25	; 0x01
    3462:	80 83       	st	Z, r24
							_delay_ms(1000);
							LED_OFF(LED2, LED_SOURCE);
    3464:	81 e0       	ldi	r24, 0x01	; 1
    3466:	61 e0       	ldi	r22, 0x01	; 1
    3468:	0e 94 ff 09 	call	0x13fe	; 0x13fe <LED_OFF>
							LED_ON(LED3, LED_SOURCE);
    346c:	82 e0       	ldi	r24, 0x02	; 2
    346e:	61 e0       	ldi	r22, 0x01	; 1
    3470:	0e 94 bf 09 	call	0x137e	; 0x137e <LED_ON>
    3474:	fe 01       	movw	r30, r28
    3476:	ef 5a       	subi	r30, 0xAF	; 175
    3478:	ff 4f       	sbci	r31, 0xFF	; 255
    347a:	80 e0       	ldi	r24, 0x00	; 0
    347c:	90 e0       	ldi	r25, 0x00	; 0
    347e:	aa e7       	ldi	r26, 0x7A	; 122
    3480:	b4 e4       	ldi	r27, 0x44	; 68
    3482:	80 83       	st	Z, r24
    3484:	91 83       	std	Z+1, r25	; 0x01
    3486:	a2 83       	std	Z+2, r26	; 0x02
    3488:	b3 83       	std	Z+3, r27	; 0x03
 */
void
_delay_ms(double __ms)
{
	uint16_t __ticks;
	double __tmp = ((F_CPU) / 4e3) * __ms;
    348a:	8e 01       	movw	r16, r28
    348c:	03 5b       	subi	r16, 0xB3	; 179
    348e:	1f 4f       	sbci	r17, 0xFF	; 255
    3490:	fe 01       	movw	r30, r28
    3492:	ef 5a       	subi	r30, 0xAF	; 175
    3494:	ff 4f       	sbci	r31, 0xFF	; 255
    3496:	60 81       	ld	r22, Z
    3498:	71 81       	ldd	r23, Z+1	; 0x01
    349a:	82 81       	ldd	r24, Z+2	; 0x02
    349c:	93 81       	ldd	r25, Z+3	; 0x03
    349e:	20 e0       	ldi	r18, 0x00	; 0
    34a0:	30 e0       	ldi	r19, 0x00	; 0
    34a2:	4a ef       	ldi	r20, 0xFA	; 250
    34a4:	54 e4       	ldi	r21, 0x44	; 68
    34a6:	0e 94 1f 02 	call	0x43e	; 0x43e <__mulsf3>
    34aa:	dc 01       	movw	r26, r24
    34ac:	cb 01       	movw	r24, r22
    34ae:	f8 01       	movw	r30, r16
    34b0:	80 83       	st	Z, r24
    34b2:	91 83       	std	Z+1, r25	; 0x01
    34b4:	a2 83       	std	Z+2, r26	; 0x02
    34b6:	b3 83       	std	Z+3, r27	; 0x03
	if (__tmp < 1.0)
    34b8:	fe 01       	movw	r30, r28
    34ba:	e3 5b       	subi	r30, 0xB3	; 179
    34bc:	ff 4f       	sbci	r31, 0xFF	; 255
    34be:	60 81       	ld	r22, Z
    34c0:	71 81       	ldd	r23, Z+1	; 0x01
    34c2:	82 81       	ldd	r24, Z+2	; 0x02
    34c4:	93 81       	ldd	r25, Z+3	; 0x03
    34c6:	20 e0       	ldi	r18, 0x00	; 0
    34c8:	30 e0       	ldi	r19, 0x00	; 0
    34ca:	40 e8       	ldi	r20, 0x80	; 128
    34cc:	5f e3       	ldi	r21, 0x3F	; 63
    34ce:	0e 94 25 04 	call	0x84a	; 0x84a <__ltsf2>
    34d2:	88 23       	and	r24, r24
    34d4:	44 f4       	brge	.+16     	; 0x34e6 <main+0xd90>
		__ticks = 1;
    34d6:	fe 01       	movw	r30, r28
    34d8:	e5 5b       	subi	r30, 0xB5	; 181
    34da:	ff 4f       	sbci	r31, 0xFF	; 255
    34dc:	81 e0       	ldi	r24, 0x01	; 1
    34de:	90 e0       	ldi	r25, 0x00	; 0
    34e0:	91 83       	std	Z+1, r25	; 0x01
    34e2:	80 83       	st	Z, r24
    34e4:	64 c0       	rjmp	.+200    	; 0x35ae <main+0xe58>
	else if (__tmp > 65535)
    34e6:	fe 01       	movw	r30, r28
    34e8:	e3 5b       	subi	r30, 0xB3	; 179
    34ea:	ff 4f       	sbci	r31, 0xFF	; 255
    34ec:	60 81       	ld	r22, Z
    34ee:	71 81       	ldd	r23, Z+1	; 0x01
    34f0:	82 81       	ldd	r24, Z+2	; 0x02
    34f2:	93 81       	ldd	r25, Z+3	; 0x03
    34f4:	20 e0       	ldi	r18, 0x00	; 0
    34f6:	3f ef       	ldi	r19, 0xFF	; 255
    34f8:	4f e7       	ldi	r20, 0x7F	; 127
    34fa:	57 e4       	ldi	r21, 0x47	; 71
    34fc:	0e 94 c5 03 	call	0x78a	; 0x78a <__gtsf2>
    3500:	18 16       	cp	r1, r24
    3502:	0c f0       	brlt	.+2      	; 0x3506 <main+0xdb0>
    3504:	43 c0       	rjmp	.+134    	; 0x358c <main+0xe36>
	{
		//	__ticks = requested delay in 1/10 ms
		__ticks = (uint16_t) (__ms * 10.0);
    3506:	fe 01       	movw	r30, r28
    3508:	ef 5a       	subi	r30, 0xAF	; 175
    350a:	ff 4f       	sbci	r31, 0xFF	; 255
    350c:	60 81       	ld	r22, Z
    350e:	71 81       	ldd	r23, Z+1	; 0x01
    3510:	82 81       	ldd	r24, Z+2	; 0x02
    3512:	93 81       	ldd	r25, Z+3	; 0x03
    3514:	20 e0       	ldi	r18, 0x00	; 0
    3516:	30 e0       	ldi	r19, 0x00	; 0
    3518:	40 e2       	ldi	r20, 0x20	; 32
    351a:	51 e4       	ldi	r21, 0x41	; 65
    351c:	0e 94 1f 02 	call	0x43e	; 0x43e <__mulsf3>
    3520:	dc 01       	movw	r26, r24
    3522:	cb 01       	movw	r24, r22
    3524:	8e 01       	movw	r16, r28
    3526:	05 5b       	subi	r16, 0xB5	; 181
    3528:	1f 4f       	sbci	r17, 0xFF	; 255
    352a:	bc 01       	movw	r22, r24
    352c:	cd 01       	movw	r24, r26
    352e:	0e 94 49 00 	call	0x92	; 0x92 <__fixunssfsi>
    3532:	dc 01       	movw	r26, r24
    3534:	cb 01       	movw	r24, r22
    3536:	f8 01       	movw	r30, r16
    3538:	91 83       	std	Z+1, r25	; 0x01
    353a:	80 83       	st	Z, r24
    353c:	1f c0       	rjmp	.+62     	; 0x357c <main+0xe26>
    353e:	fe 01       	movw	r30, r28
    3540:	e7 5b       	subi	r30, 0xB7	; 183
    3542:	ff 4f       	sbci	r31, 0xFF	; 255
    3544:	88 ec       	ldi	r24, 0xC8	; 200
    3546:	90 e0       	ldi	r25, 0x00	; 0
    3548:	91 83       	std	Z+1, r25	; 0x01
    354a:	80 83       	st	Z, r24
    354c:	fe 01       	movw	r30, r28
    354e:	e7 5b       	subi	r30, 0xB7	; 183
    3550:	ff 4f       	sbci	r31, 0xFF	; 255
    3552:	80 81       	ld	r24, Z
    3554:	91 81       	ldd	r25, Z+1	; 0x01
    3556:	01 97       	sbiw	r24, 0x01	; 1
    3558:	f1 f7       	brne	.-4      	; 0x3556 <main+0xe00>
    355a:	fe 01       	movw	r30, r28
    355c:	e7 5b       	subi	r30, 0xB7	; 183
    355e:	ff 4f       	sbci	r31, 0xFF	; 255
    3560:	91 83       	std	Z+1, r25	; 0x01
    3562:	80 83       	st	Z, r24
		while(__ticks)
		{
			// wait 1/10 ms
			_delay_loop_2(((F_CPU) / 4e3) / 10);
			__ticks --;
    3564:	de 01       	movw	r26, r28
    3566:	a5 5b       	subi	r26, 0xB5	; 181
    3568:	bf 4f       	sbci	r27, 0xFF	; 255
    356a:	fe 01       	movw	r30, r28
    356c:	e5 5b       	subi	r30, 0xB5	; 181
    356e:	ff 4f       	sbci	r31, 0xFF	; 255
    3570:	80 81       	ld	r24, Z
    3572:	91 81       	ldd	r25, Z+1	; 0x01
    3574:	01 97       	sbiw	r24, 0x01	; 1
    3576:	11 96       	adiw	r26, 0x01	; 1
    3578:	9c 93       	st	X, r25
    357a:	8e 93       	st	-X, r24
		__ticks = 1;
	else if (__tmp > 65535)
	{
		//	__ticks = requested delay in 1/10 ms
		__ticks = (uint16_t) (__ms * 10.0);
		while(__ticks)
    357c:	fe 01       	movw	r30, r28
    357e:	e5 5b       	subi	r30, 0xB5	; 181
    3580:	ff 4f       	sbci	r31, 0xFF	; 255
    3582:	80 81       	ld	r24, Z
    3584:	91 81       	ldd	r25, Z+1	; 0x01
    3586:	00 97       	sbiw	r24, 0x00	; 0
    3588:	d1 f6       	brne	.-76     	; 0x353e <main+0xde8>
    358a:	27 c0       	rjmp	.+78     	; 0x35da <main+0xe84>
			__ticks --;
		}
		return;
	}
	else
		__ticks = (uint16_t)__tmp;
    358c:	8e 01       	movw	r16, r28
    358e:	05 5b       	subi	r16, 0xB5	; 181
    3590:	1f 4f       	sbci	r17, 0xFF	; 255
    3592:	fe 01       	movw	r30, r28
    3594:	e3 5b       	subi	r30, 0xB3	; 179
    3596:	ff 4f       	sbci	r31, 0xFF	; 255
    3598:	60 81       	ld	r22, Z
    359a:	71 81       	ldd	r23, Z+1	; 0x01
    359c:	82 81       	ldd	r24, Z+2	; 0x02
    359e:	93 81       	ldd	r25, Z+3	; 0x03
    35a0:	0e 94 49 00 	call	0x92	; 0x92 <__fixunssfsi>
    35a4:	dc 01       	movw	r26, r24
    35a6:	cb 01       	movw	r24, r22
    35a8:	f8 01       	movw	r30, r16
    35aa:	91 83       	std	Z+1, r25	; 0x01
    35ac:	80 83       	st	Z, r24
    35ae:	de 01       	movw	r26, r28
    35b0:	a9 5b       	subi	r26, 0xB9	; 185
    35b2:	bf 4f       	sbci	r27, 0xFF	; 255
    35b4:	fe 01       	movw	r30, r28
    35b6:	e5 5b       	subi	r30, 0xB5	; 181
    35b8:	ff 4f       	sbci	r31, 0xFF	; 255
    35ba:	80 81       	ld	r24, Z
    35bc:	91 81       	ldd	r25, Z+1	; 0x01
    35be:	8d 93       	st	X+, r24
    35c0:	9c 93       	st	X, r25
    35c2:	fe 01       	movw	r30, r28
    35c4:	e9 5b       	subi	r30, 0xB9	; 185
    35c6:	ff 4f       	sbci	r31, 0xFF	; 255
    35c8:	80 81       	ld	r24, Z
    35ca:	91 81       	ldd	r25, Z+1	; 0x01
    35cc:	01 97       	sbiw	r24, 0x01	; 1
    35ce:	f1 f7       	brne	.-4      	; 0x35cc <main+0xe76>
    35d0:	fe 01       	movw	r30, r28
    35d2:	e9 5b       	subi	r30, 0xB9	; 185
    35d4:	ff 4f       	sbci	r31, 0xFF	; 255
    35d6:	91 83       	std	Z+1, r25	; 0x01
    35d8:	80 83       	st	Z, r24
							_delay_ms(1000);
							LED_OFF(LED3, LED_SOURCE);
    35da:	82 e0       	ldi	r24, 0x02	; 2
    35dc:	61 e0       	ldi	r22, 0x01	; 1
    35de:	0e 94 ff 09 	call	0x13fe	; 0x13fe <LED_OFF>
							LED_ON(LED4, LED_SOURCE);
    35e2:	83 e0       	ldi	r24, 0x03	; 3
    35e4:	61 e0       	ldi	r22, 0x01	; 1
    35e6:	0e 94 bf 09 	call	0x137e	; 0x137e <LED_ON>
    35ea:	fe 01       	movw	r30, r28
    35ec:	ed 5b       	subi	r30, 0xBD	; 189
    35ee:	ff 4f       	sbci	r31, 0xFF	; 255
    35f0:	80 e0       	ldi	r24, 0x00	; 0
    35f2:	90 e0       	ldi	r25, 0x00	; 0
    35f4:	aa e7       	ldi	r26, 0x7A	; 122
    35f6:	b4 e4       	ldi	r27, 0x44	; 68
    35f8:	80 83       	st	Z, r24
    35fa:	91 83       	std	Z+1, r25	; 0x01
    35fc:	a2 83       	std	Z+2, r26	; 0x02
    35fe:	b3 83       	std	Z+3, r27	; 0x03
 */
void
_delay_ms(double __ms)
{
	uint16_t __ticks;
	double __tmp = ((F_CPU) / 4e3) * __ms;
    3600:	8e 01       	movw	r16, r28
    3602:	01 5c       	subi	r16, 0xC1	; 193
    3604:	1f 4f       	sbci	r17, 0xFF	; 255
    3606:	fe 01       	movw	r30, r28
    3608:	ed 5b       	subi	r30, 0xBD	; 189
    360a:	ff 4f       	sbci	r31, 0xFF	; 255
    360c:	60 81       	ld	r22, Z
    360e:	71 81       	ldd	r23, Z+1	; 0x01
    3610:	82 81       	ldd	r24, Z+2	; 0x02
    3612:	93 81       	ldd	r25, Z+3	; 0x03
    3614:	20 e0       	ldi	r18, 0x00	; 0
    3616:	30 e0       	ldi	r19, 0x00	; 0
    3618:	4a ef       	ldi	r20, 0xFA	; 250
    361a:	54 e4       	ldi	r21, 0x44	; 68
    361c:	0e 94 1f 02 	call	0x43e	; 0x43e <__mulsf3>
    3620:	dc 01       	movw	r26, r24
    3622:	cb 01       	movw	r24, r22
    3624:	f8 01       	movw	r30, r16
    3626:	80 83       	st	Z, r24
    3628:	91 83       	std	Z+1, r25	; 0x01
    362a:	a2 83       	std	Z+2, r26	; 0x02
    362c:	b3 83       	std	Z+3, r27	; 0x03
	if (__tmp < 1.0)
    362e:	fe 01       	movw	r30, r28
    3630:	ff 96       	adiw	r30, 0x3f	; 63
    3632:	60 81       	ld	r22, Z
    3634:	71 81       	ldd	r23, Z+1	; 0x01
    3636:	82 81       	ldd	r24, Z+2	; 0x02
    3638:	93 81       	ldd	r25, Z+3	; 0x03
    363a:	20 e0       	ldi	r18, 0x00	; 0
    363c:	30 e0       	ldi	r19, 0x00	; 0
    363e:	40 e8       	ldi	r20, 0x80	; 128
    3640:	5f e3       	ldi	r21, 0x3F	; 63
    3642:	0e 94 25 04 	call	0x84a	; 0x84a <__ltsf2>
    3646:	88 23       	and	r24, r24
    3648:	2c f4       	brge	.+10     	; 0x3654 <main+0xefe>
		__ticks = 1;
    364a:	81 e0       	ldi	r24, 0x01	; 1
    364c:	90 e0       	ldi	r25, 0x00	; 0
    364e:	9e af       	std	Y+62, r25	; 0x3e
    3650:	8d af       	std	Y+61, r24	; 0x3d
    3652:	46 c0       	rjmp	.+140    	; 0x36e0 <main+0xf8a>
	else if (__tmp > 65535)
    3654:	fe 01       	movw	r30, r28
    3656:	ff 96       	adiw	r30, 0x3f	; 63
    3658:	60 81       	ld	r22, Z
    365a:	71 81       	ldd	r23, Z+1	; 0x01
    365c:	82 81       	ldd	r24, Z+2	; 0x02
    365e:	93 81       	ldd	r25, Z+3	; 0x03
    3660:	20 e0       	ldi	r18, 0x00	; 0
    3662:	3f ef       	ldi	r19, 0xFF	; 255
    3664:	4f e7       	ldi	r20, 0x7F	; 127
    3666:	57 e4       	ldi	r21, 0x47	; 71
    3668:	0e 94 c5 03 	call	0x78a	; 0x78a <__gtsf2>
    366c:	18 16       	cp	r1, r24
    366e:	64 f5       	brge	.+88     	; 0x36c8 <main+0xf72>
	{
		//	__ticks = requested delay in 1/10 ms
		__ticks = (uint16_t) (__ms * 10.0);
    3670:	fe 01       	movw	r30, r28
    3672:	ed 5b       	subi	r30, 0xBD	; 189
    3674:	ff 4f       	sbci	r31, 0xFF	; 255
    3676:	60 81       	ld	r22, Z
    3678:	71 81       	ldd	r23, Z+1	; 0x01
    367a:	82 81       	ldd	r24, Z+2	; 0x02
    367c:	93 81       	ldd	r25, Z+3	; 0x03
    367e:	20 e0       	ldi	r18, 0x00	; 0
    3680:	30 e0       	ldi	r19, 0x00	; 0
    3682:	40 e2       	ldi	r20, 0x20	; 32
    3684:	51 e4       	ldi	r21, 0x41	; 65
    3686:	0e 94 1f 02 	call	0x43e	; 0x43e <__mulsf3>
    368a:	dc 01       	movw	r26, r24
    368c:	cb 01       	movw	r24, r22
    368e:	bc 01       	movw	r22, r24
    3690:	cd 01       	movw	r24, r26
    3692:	0e 94 49 00 	call	0x92	; 0x92 <__fixunssfsi>
    3696:	dc 01       	movw	r26, r24
    3698:	cb 01       	movw	r24, r22
    369a:	9e af       	std	Y+62, r25	; 0x3e
    369c:	8d af       	std	Y+61, r24	; 0x3d
    369e:	0f c0       	rjmp	.+30     	; 0x36be <main+0xf68>
    36a0:	88 ec       	ldi	r24, 0xC8	; 200
    36a2:	90 e0       	ldi	r25, 0x00	; 0
    36a4:	9c af       	std	Y+60, r25	; 0x3c
    36a6:	8b af       	std	Y+59, r24	; 0x3b
    36a8:	8b ad       	ldd	r24, Y+59	; 0x3b
    36aa:	9c ad       	ldd	r25, Y+60	; 0x3c
    36ac:	01 97       	sbiw	r24, 0x01	; 1
    36ae:	f1 f7       	brne	.-4      	; 0x36ac <main+0xf56>
    36b0:	9c af       	std	Y+60, r25	; 0x3c
    36b2:	8b af       	std	Y+59, r24	; 0x3b
		while(__ticks)
		{
			// wait 1/10 ms
			_delay_loop_2(((F_CPU) / 4e3) / 10);
			__ticks --;
    36b4:	8d ad       	ldd	r24, Y+61	; 0x3d
    36b6:	9e ad       	ldd	r25, Y+62	; 0x3e
    36b8:	01 97       	sbiw	r24, 0x01	; 1
    36ba:	9e af       	std	Y+62, r25	; 0x3e
    36bc:	8d af       	std	Y+61, r24	; 0x3d
		__ticks = 1;
	else if (__tmp > 65535)
	{
		//	__ticks = requested delay in 1/10 ms
		__ticks = (uint16_t) (__ms * 10.0);
		while(__ticks)
    36be:	8d ad       	ldd	r24, Y+61	; 0x3d
    36c0:	9e ad       	ldd	r25, Y+62	; 0x3e
    36c2:	00 97       	sbiw	r24, 0x00	; 0
    36c4:	69 f7       	brne	.-38     	; 0x36a0 <main+0xf4a>
    36c6:	16 c0       	rjmp	.+44     	; 0x36f4 <main+0xf9e>
			__ticks --;
		}
		return;
	}
	else
		__ticks = (uint16_t)__tmp;
    36c8:	fe 01       	movw	r30, r28
    36ca:	ff 96       	adiw	r30, 0x3f	; 63
    36cc:	60 81       	ld	r22, Z
    36ce:	71 81       	ldd	r23, Z+1	; 0x01
    36d0:	82 81       	ldd	r24, Z+2	; 0x02
    36d2:	93 81       	ldd	r25, Z+3	; 0x03
    36d4:	0e 94 49 00 	call	0x92	; 0x92 <__fixunssfsi>
    36d8:	dc 01       	movw	r26, r24
    36da:	cb 01       	movw	r24, r22
    36dc:	9e af       	std	Y+62, r25	; 0x3e
    36de:	8d af       	std	Y+61, r24	; 0x3d
    36e0:	8d ad       	ldd	r24, Y+61	; 0x3d
    36e2:	9e ad       	ldd	r25, Y+62	; 0x3e
    36e4:	9a af       	std	Y+58, r25	; 0x3a
    36e6:	89 af       	std	Y+57, r24	; 0x39
    36e8:	89 ad       	ldd	r24, Y+57	; 0x39
    36ea:	9a ad       	ldd	r25, Y+58	; 0x3a
    36ec:	01 97       	sbiw	r24, 0x01	; 1
    36ee:	f1 f7       	brne	.-4      	; 0x36ec <main+0xf96>
    36f0:	9a af       	std	Y+58, r25	; 0x3a
    36f2:	89 af       	std	Y+57, r24	; 0x39
							_delay_ms(1000);
							LED_OFF(LED4, LED_SOURCE);
    36f4:	83 e0       	ldi	r24, 0x03	; 3
    36f6:	61 e0       	ldi	r22, 0x01	; 1
    36f8:	0e 94 ff 09 	call	0x13fe	; 0x13fe <LED_OFF>
							LED_ON(LED5, LED_SOURCE);
    36fc:	84 e0       	ldi	r24, 0x04	; 4
    36fe:	61 e0       	ldi	r22, 0x01	; 1
    3700:	0e 94 bf 09 	call	0x137e	; 0x137e <LED_ON>
    3704:	80 e0       	ldi	r24, 0x00	; 0
    3706:	90 e0       	ldi	r25, 0x00	; 0
    3708:	aa e7       	ldi	r26, 0x7A	; 122
    370a:	b4 e4       	ldi	r27, 0x44	; 68
    370c:	8d ab       	std	Y+53, r24	; 0x35
    370e:	9e ab       	std	Y+54, r25	; 0x36
    3710:	af ab       	std	Y+55, r26	; 0x37
    3712:	b8 af       	std	Y+56, r27	; 0x38
 */
void
_delay_ms(double __ms)
{
	uint16_t __ticks;
	double __tmp = ((F_CPU) / 4e3) * __ms;
    3714:	6d a9       	ldd	r22, Y+53	; 0x35
    3716:	7e a9       	ldd	r23, Y+54	; 0x36
    3718:	8f a9       	ldd	r24, Y+55	; 0x37
    371a:	98 ad       	ldd	r25, Y+56	; 0x38
    371c:	20 e0       	ldi	r18, 0x00	; 0
    371e:	30 e0       	ldi	r19, 0x00	; 0
    3720:	4a ef       	ldi	r20, 0xFA	; 250
    3722:	54 e4       	ldi	r21, 0x44	; 68
    3724:	0e 94 1f 02 	call	0x43e	; 0x43e <__mulsf3>
    3728:	dc 01       	movw	r26, r24
    372a:	cb 01       	movw	r24, r22
    372c:	89 ab       	std	Y+49, r24	; 0x31
    372e:	9a ab       	std	Y+50, r25	; 0x32
    3730:	ab ab       	std	Y+51, r26	; 0x33
    3732:	bc ab       	std	Y+52, r27	; 0x34
	if (__tmp < 1.0)
    3734:	69 a9       	ldd	r22, Y+49	; 0x31
    3736:	7a a9       	ldd	r23, Y+50	; 0x32
    3738:	8b a9       	ldd	r24, Y+51	; 0x33
    373a:	9c a9       	ldd	r25, Y+52	; 0x34
    373c:	20 e0       	ldi	r18, 0x00	; 0
    373e:	30 e0       	ldi	r19, 0x00	; 0
    3740:	40 e8       	ldi	r20, 0x80	; 128
    3742:	5f e3       	ldi	r21, 0x3F	; 63
    3744:	0e 94 25 04 	call	0x84a	; 0x84a <__ltsf2>
    3748:	88 23       	and	r24, r24
    374a:	2c f4       	brge	.+10     	; 0x3756 <main+0x1000>
		__ticks = 1;
    374c:	81 e0       	ldi	r24, 0x01	; 1
    374e:	90 e0       	ldi	r25, 0x00	; 0
    3750:	98 ab       	std	Y+48, r25	; 0x30
    3752:	8f a7       	std	Y+47, r24	; 0x2f
    3754:	3f c0       	rjmp	.+126    	; 0x37d4 <main+0x107e>
	else if (__tmp > 65535)
    3756:	69 a9       	ldd	r22, Y+49	; 0x31
    3758:	7a a9       	ldd	r23, Y+50	; 0x32
    375a:	8b a9       	ldd	r24, Y+51	; 0x33
    375c:	9c a9       	ldd	r25, Y+52	; 0x34
    375e:	20 e0       	ldi	r18, 0x00	; 0
    3760:	3f ef       	ldi	r19, 0xFF	; 255
    3762:	4f e7       	ldi	r20, 0x7F	; 127
    3764:	57 e4       	ldi	r21, 0x47	; 71
    3766:	0e 94 c5 03 	call	0x78a	; 0x78a <__gtsf2>
    376a:	18 16       	cp	r1, r24
    376c:	4c f5       	brge	.+82     	; 0x37c0 <main+0x106a>
	{
		//	__ticks = requested delay in 1/10 ms
		__ticks = (uint16_t) (__ms * 10.0);
    376e:	6d a9       	ldd	r22, Y+53	; 0x35
    3770:	7e a9       	ldd	r23, Y+54	; 0x36
    3772:	8f a9       	ldd	r24, Y+55	; 0x37
    3774:	98 ad       	ldd	r25, Y+56	; 0x38
    3776:	20 e0       	ldi	r18, 0x00	; 0
    3778:	30 e0       	ldi	r19, 0x00	; 0
    377a:	40 e2       	ldi	r20, 0x20	; 32
    377c:	51 e4       	ldi	r21, 0x41	; 65
    377e:	0e 94 1f 02 	call	0x43e	; 0x43e <__mulsf3>
    3782:	dc 01       	movw	r26, r24
    3784:	cb 01       	movw	r24, r22
    3786:	bc 01       	movw	r22, r24
    3788:	cd 01       	movw	r24, r26
    378a:	0e 94 49 00 	call	0x92	; 0x92 <__fixunssfsi>
    378e:	dc 01       	movw	r26, r24
    3790:	cb 01       	movw	r24, r22
    3792:	98 ab       	std	Y+48, r25	; 0x30
    3794:	8f a7       	std	Y+47, r24	; 0x2f
    3796:	0f c0       	rjmp	.+30     	; 0x37b6 <main+0x1060>
    3798:	88 ec       	ldi	r24, 0xC8	; 200
    379a:	90 e0       	ldi	r25, 0x00	; 0
    379c:	9e a7       	std	Y+46, r25	; 0x2e
    379e:	8d a7       	std	Y+45, r24	; 0x2d
    37a0:	8d a5       	ldd	r24, Y+45	; 0x2d
    37a2:	9e a5       	ldd	r25, Y+46	; 0x2e
    37a4:	01 97       	sbiw	r24, 0x01	; 1
    37a6:	f1 f7       	brne	.-4      	; 0x37a4 <main+0x104e>
    37a8:	9e a7       	std	Y+46, r25	; 0x2e
    37aa:	8d a7       	std	Y+45, r24	; 0x2d
		while(__ticks)
		{
			// wait 1/10 ms
			_delay_loop_2(((F_CPU) / 4e3) / 10);
			__ticks --;
    37ac:	8f a5       	ldd	r24, Y+47	; 0x2f
    37ae:	98 a9       	ldd	r25, Y+48	; 0x30
    37b0:	01 97       	sbiw	r24, 0x01	; 1
    37b2:	98 ab       	std	Y+48, r25	; 0x30
    37b4:	8f a7       	std	Y+47, r24	; 0x2f
		__ticks = 1;
	else if (__tmp > 65535)
	{
		//	__ticks = requested delay in 1/10 ms
		__ticks = (uint16_t) (__ms * 10.0);
		while(__ticks)
    37b6:	8f a5       	ldd	r24, Y+47	; 0x2f
    37b8:	98 a9       	ldd	r25, Y+48	; 0x30
    37ba:	00 97       	sbiw	r24, 0x00	; 0
    37bc:	69 f7       	brne	.-38     	; 0x3798 <main+0x1042>
    37be:	14 c0       	rjmp	.+40     	; 0x37e8 <main+0x1092>
			__ticks --;
		}
		return;
	}
	else
		__ticks = (uint16_t)__tmp;
    37c0:	69 a9       	ldd	r22, Y+49	; 0x31
    37c2:	7a a9       	ldd	r23, Y+50	; 0x32
    37c4:	8b a9       	ldd	r24, Y+51	; 0x33
    37c6:	9c a9       	ldd	r25, Y+52	; 0x34
    37c8:	0e 94 49 00 	call	0x92	; 0x92 <__fixunssfsi>
    37cc:	dc 01       	movw	r26, r24
    37ce:	cb 01       	movw	r24, r22
    37d0:	98 ab       	std	Y+48, r25	; 0x30
    37d2:	8f a7       	std	Y+47, r24	; 0x2f
    37d4:	8f a5       	ldd	r24, Y+47	; 0x2f
    37d6:	98 a9       	ldd	r25, Y+48	; 0x30
    37d8:	9c a7       	std	Y+44, r25	; 0x2c
    37da:	8b a7       	std	Y+43, r24	; 0x2b
    37dc:	8b a5       	ldd	r24, Y+43	; 0x2b
    37de:	9c a5       	ldd	r25, Y+44	; 0x2c
    37e0:	01 97       	sbiw	r24, 0x01	; 1
    37e2:	f1 f7       	brne	.-4      	; 0x37e0 <main+0x108a>
    37e4:	9c a7       	std	Y+44, r25	; 0x2c
    37e6:	8b a7       	std	Y+43, r24	; 0x2b
							_delay_ms(1000);
							LED_OFF(LED5, LED_SOURCE);
    37e8:	84 e0       	ldi	r24, 0x04	; 4
    37ea:	61 e0       	ldi	r22, 0x01	; 1
    37ec:	0e 94 ff 09 	call	0x13fe	; 0x13fe <LED_OFF>
							LED_ON(LED6, LED_SOURCE);
    37f0:	85 e0       	ldi	r24, 0x05	; 5
    37f2:	61 e0       	ldi	r22, 0x01	; 1
    37f4:	0e 94 bf 09 	call	0x137e	; 0x137e <LED_ON>
    37f8:	80 e0       	ldi	r24, 0x00	; 0
    37fa:	90 e0       	ldi	r25, 0x00	; 0
    37fc:	aa e7       	ldi	r26, 0x7A	; 122
    37fe:	b4 e4       	ldi	r27, 0x44	; 68
    3800:	8f a3       	std	Y+39, r24	; 0x27
    3802:	98 a7       	std	Y+40, r25	; 0x28
    3804:	a9 a7       	std	Y+41, r26	; 0x29
    3806:	ba a7       	std	Y+42, r27	; 0x2a
 */
void
_delay_ms(double __ms)
{
	uint16_t __ticks;
	double __tmp = ((F_CPU) / 4e3) * __ms;
    3808:	6f a1       	ldd	r22, Y+39	; 0x27
    380a:	78 a5       	ldd	r23, Y+40	; 0x28
    380c:	89 a5       	ldd	r24, Y+41	; 0x29
    380e:	9a a5       	ldd	r25, Y+42	; 0x2a
    3810:	20 e0       	ldi	r18, 0x00	; 0
    3812:	30 e0       	ldi	r19, 0x00	; 0
    3814:	4a ef       	ldi	r20, 0xFA	; 250
    3816:	54 e4       	ldi	r21, 0x44	; 68
    3818:	0e 94 1f 02 	call	0x43e	; 0x43e <__mulsf3>
    381c:	dc 01       	movw	r26, r24
    381e:	cb 01       	movw	r24, r22
    3820:	8b a3       	std	Y+35, r24	; 0x23
    3822:	9c a3       	std	Y+36, r25	; 0x24
    3824:	ad a3       	std	Y+37, r26	; 0x25
    3826:	be a3       	std	Y+38, r27	; 0x26
	if (__tmp < 1.0)
    3828:	6b a1       	ldd	r22, Y+35	; 0x23
    382a:	7c a1       	ldd	r23, Y+36	; 0x24
    382c:	8d a1       	ldd	r24, Y+37	; 0x25
    382e:	9e a1       	ldd	r25, Y+38	; 0x26
    3830:	20 e0       	ldi	r18, 0x00	; 0
    3832:	30 e0       	ldi	r19, 0x00	; 0
    3834:	40 e8       	ldi	r20, 0x80	; 128
    3836:	5f e3       	ldi	r21, 0x3F	; 63
    3838:	0e 94 25 04 	call	0x84a	; 0x84a <__ltsf2>
    383c:	88 23       	and	r24, r24
    383e:	2c f4       	brge	.+10     	; 0x384a <main+0x10f4>
		__ticks = 1;
    3840:	81 e0       	ldi	r24, 0x01	; 1
    3842:	90 e0       	ldi	r25, 0x00	; 0
    3844:	9a a3       	std	Y+34, r25	; 0x22
    3846:	89 a3       	std	Y+33, r24	; 0x21
    3848:	3f c0       	rjmp	.+126    	; 0x38c8 <main+0x1172>
	else if (__tmp > 65535)
    384a:	6b a1       	ldd	r22, Y+35	; 0x23
    384c:	7c a1       	ldd	r23, Y+36	; 0x24
    384e:	8d a1       	ldd	r24, Y+37	; 0x25
    3850:	9e a1       	ldd	r25, Y+38	; 0x26
    3852:	20 e0       	ldi	r18, 0x00	; 0
    3854:	3f ef       	ldi	r19, 0xFF	; 255
    3856:	4f e7       	ldi	r20, 0x7F	; 127
    3858:	57 e4       	ldi	r21, 0x47	; 71
    385a:	0e 94 c5 03 	call	0x78a	; 0x78a <__gtsf2>
    385e:	18 16       	cp	r1, r24
    3860:	4c f5       	brge	.+82     	; 0x38b4 <main+0x115e>
	{
		//	__ticks = requested delay in 1/10 ms
		__ticks = (uint16_t) (__ms * 10.0);
    3862:	6f a1       	ldd	r22, Y+39	; 0x27
    3864:	78 a5       	ldd	r23, Y+40	; 0x28
    3866:	89 a5       	ldd	r24, Y+41	; 0x29
    3868:	9a a5       	ldd	r25, Y+42	; 0x2a
    386a:	20 e0       	ldi	r18, 0x00	; 0
    386c:	30 e0       	ldi	r19, 0x00	; 0
    386e:	40 e2       	ldi	r20, 0x20	; 32
    3870:	51 e4       	ldi	r21, 0x41	; 65
    3872:	0e 94 1f 02 	call	0x43e	; 0x43e <__mulsf3>
    3876:	dc 01       	movw	r26, r24
    3878:	cb 01       	movw	r24, r22
    387a:	bc 01       	movw	r22, r24
    387c:	cd 01       	movw	r24, r26
    387e:	0e 94 49 00 	call	0x92	; 0x92 <__fixunssfsi>
    3882:	dc 01       	movw	r26, r24
    3884:	cb 01       	movw	r24, r22
    3886:	9a a3       	std	Y+34, r25	; 0x22
    3888:	89 a3       	std	Y+33, r24	; 0x21
    388a:	0f c0       	rjmp	.+30     	; 0x38aa <main+0x1154>
    388c:	88 ec       	ldi	r24, 0xC8	; 200
    388e:	90 e0       	ldi	r25, 0x00	; 0
    3890:	98 a3       	std	Y+32, r25	; 0x20
    3892:	8f 8f       	std	Y+31, r24	; 0x1f
    3894:	8f 8d       	ldd	r24, Y+31	; 0x1f
    3896:	98 a1       	ldd	r25, Y+32	; 0x20
    3898:	01 97       	sbiw	r24, 0x01	; 1
    389a:	f1 f7       	brne	.-4      	; 0x3898 <main+0x1142>
    389c:	98 a3       	std	Y+32, r25	; 0x20
    389e:	8f 8f       	std	Y+31, r24	; 0x1f
		while(__ticks)
		{
			// wait 1/10 ms
			_delay_loop_2(((F_CPU) / 4e3) / 10);
			__ticks --;
    38a0:	89 a1       	ldd	r24, Y+33	; 0x21
    38a2:	9a a1       	ldd	r25, Y+34	; 0x22
    38a4:	01 97       	sbiw	r24, 0x01	; 1
    38a6:	9a a3       	std	Y+34, r25	; 0x22
    38a8:	89 a3       	std	Y+33, r24	; 0x21
		__ticks = 1;
	else if (__tmp > 65535)
	{
		//	__ticks = requested delay in 1/10 ms
		__ticks = (uint16_t) (__ms * 10.0);
		while(__ticks)
    38aa:	89 a1       	ldd	r24, Y+33	; 0x21
    38ac:	9a a1       	ldd	r25, Y+34	; 0x22
    38ae:	00 97       	sbiw	r24, 0x00	; 0
    38b0:	69 f7       	brne	.-38     	; 0x388c <main+0x1136>
    38b2:	14 c0       	rjmp	.+40     	; 0x38dc <main+0x1186>
			__ticks --;
		}
		return;
	}
	else
		__ticks = (uint16_t)__tmp;
    38b4:	6b a1       	ldd	r22, Y+35	; 0x23
    38b6:	7c a1       	ldd	r23, Y+36	; 0x24
    38b8:	8d a1       	ldd	r24, Y+37	; 0x25
    38ba:	9e a1       	ldd	r25, Y+38	; 0x26
    38bc:	0e 94 49 00 	call	0x92	; 0x92 <__fixunssfsi>
    38c0:	dc 01       	movw	r26, r24
    38c2:	cb 01       	movw	r24, r22
    38c4:	9a a3       	std	Y+34, r25	; 0x22
    38c6:	89 a3       	std	Y+33, r24	; 0x21
    38c8:	89 a1       	ldd	r24, Y+33	; 0x21
    38ca:	9a a1       	ldd	r25, Y+34	; 0x22
    38cc:	9e 8f       	std	Y+30, r25	; 0x1e
    38ce:	8d 8f       	std	Y+29, r24	; 0x1d
    38d0:	8d 8d       	ldd	r24, Y+29	; 0x1d
    38d2:	9e 8d       	ldd	r25, Y+30	; 0x1e
    38d4:	01 97       	sbiw	r24, 0x01	; 1
    38d6:	f1 f7       	brne	.-4      	; 0x38d4 <main+0x117e>
    38d8:	9e 8f       	std	Y+30, r25	; 0x1e
    38da:	8d 8f       	std	Y+29, r24	; 0x1d
							_delay_ms(1000);
							LED_OFF(LED6, LED_SOURCE);
    38dc:	85 e0       	ldi	r24, 0x05	; 5
    38de:	61 e0       	ldi	r22, 0x01	; 1
    38e0:	0e 94 ff 09 	call	0x13fe	; 0x13fe <LED_OFF>
							LED_ON(LED7, LED_SOURCE);
    38e4:	86 e0       	ldi	r24, 0x06	; 6
    38e6:	61 e0       	ldi	r22, 0x01	; 1
    38e8:	0e 94 bf 09 	call	0x137e	; 0x137e <LED_ON>
    38ec:	80 e0       	ldi	r24, 0x00	; 0
    38ee:	90 e0       	ldi	r25, 0x00	; 0
    38f0:	aa e7       	ldi	r26, 0x7A	; 122
    38f2:	b4 e4       	ldi	r27, 0x44	; 68
    38f4:	89 8f       	std	Y+25, r24	; 0x19
    38f6:	9a 8f       	std	Y+26, r25	; 0x1a
    38f8:	ab 8f       	std	Y+27, r26	; 0x1b
    38fa:	bc 8f       	std	Y+28, r27	; 0x1c
 */
void
_delay_ms(double __ms)
{
	uint16_t __ticks;
	double __tmp = ((F_CPU) / 4e3) * __ms;
    38fc:	69 8d       	ldd	r22, Y+25	; 0x19
    38fe:	7a 8d       	ldd	r23, Y+26	; 0x1a
    3900:	8b 8d       	ldd	r24, Y+27	; 0x1b
    3902:	9c 8d       	ldd	r25, Y+28	; 0x1c
    3904:	20 e0       	ldi	r18, 0x00	; 0
    3906:	30 e0       	ldi	r19, 0x00	; 0
    3908:	4a ef       	ldi	r20, 0xFA	; 250
    390a:	54 e4       	ldi	r21, 0x44	; 68
    390c:	0e 94 1f 02 	call	0x43e	; 0x43e <__mulsf3>
    3910:	dc 01       	movw	r26, r24
    3912:	cb 01       	movw	r24, r22
    3914:	8d 8b       	std	Y+21, r24	; 0x15
    3916:	9e 8b       	std	Y+22, r25	; 0x16
    3918:	af 8b       	std	Y+23, r26	; 0x17
    391a:	b8 8f       	std	Y+24, r27	; 0x18
	if (__tmp < 1.0)
    391c:	6d 89       	ldd	r22, Y+21	; 0x15
    391e:	7e 89       	ldd	r23, Y+22	; 0x16
    3920:	8f 89       	ldd	r24, Y+23	; 0x17
    3922:	98 8d       	ldd	r25, Y+24	; 0x18
    3924:	20 e0       	ldi	r18, 0x00	; 0
    3926:	30 e0       	ldi	r19, 0x00	; 0
    3928:	40 e8       	ldi	r20, 0x80	; 128
    392a:	5f e3       	ldi	r21, 0x3F	; 63
    392c:	0e 94 25 04 	call	0x84a	; 0x84a <__ltsf2>
    3930:	88 23       	and	r24, r24
    3932:	2c f4       	brge	.+10     	; 0x393e <main+0x11e8>
		__ticks = 1;
    3934:	81 e0       	ldi	r24, 0x01	; 1
    3936:	90 e0       	ldi	r25, 0x00	; 0
    3938:	9c 8b       	std	Y+20, r25	; 0x14
    393a:	8b 8b       	std	Y+19, r24	; 0x13
    393c:	3f c0       	rjmp	.+126    	; 0x39bc <main+0x1266>
	else if (__tmp > 65535)
    393e:	6d 89       	ldd	r22, Y+21	; 0x15
    3940:	7e 89       	ldd	r23, Y+22	; 0x16
    3942:	8f 89       	ldd	r24, Y+23	; 0x17
    3944:	98 8d       	ldd	r25, Y+24	; 0x18
    3946:	20 e0       	ldi	r18, 0x00	; 0
    3948:	3f ef       	ldi	r19, 0xFF	; 255
    394a:	4f e7       	ldi	r20, 0x7F	; 127
    394c:	57 e4       	ldi	r21, 0x47	; 71
    394e:	0e 94 c5 03 	call	0x78a	; 0x78a <__gtsf2>
    3952:	18 16       	cp	r1, r24
    3954:	4c f5       	brge	.+82     	; 0x39a8 <main+0x1252>
	{
		//	__ticks = requested delay in 1/10 ms
		__ticks = (uint16_t) (__ms * 10.0);
    3956:	69 8d       	ldd	r22, Y+25	; 0x19
    3958:	7a 8d       	ldd	r23, Y+26	; 0x1a
    395a:	8b 8d       	ldd	r24, Y+27	; 0x1b
    395c:	9c 8d       	ldd	r25, Y+28	; 0x1c
    395e:	20 e0       	ldi	r18, 0x00	; 0
    3960:	30 e0       	ldi	r19, 0x00	; 0
    3962:	40 e2       	ldi	r20, 0x20	; 32
    3964:	51 e4       	ldi	r21, 0x41	; 65
    3966:	0e 94 1f 02 	call	0x43e	; 0x43e <__mulsf3>
    396a:	dc 01       	movw	r26, r24
    396c:	cb 01       	movw	r24, r22
    396e:	bc 01       	movw	r22, r24
    3970:	cd 01       	movw	r24, r26
    3972:	0e 94 49 00 	call	0x92	; 0x92 <__fixunssfsi>
    3976:	dc 01       	movw	r26, r24
    3978:	cb 01       	movw	r24, r22
    397a:	9c 8b       	std	Y+20, r25	; 0x14
    397c:	8b 8b       	std	Y+19, r24	; 0x13
    397e:	0f c0       	rjmp	.+30     	; 0x399e <main+0x1248>
    3980:	88 ec       	ldi	r24, 0xC8	; 200
    3982:	90 e0       	ldi	r25, 0x00	; 0
    3984:	9a 8b       	std	Y+18, r25	; 0x12
    3986:	89 8b       	std	Y+17, r24	; 0x11
    3988:	89 89       	ldd	r24, Y+17	; 0x11
    398a:	9a 89       	ldd	r25, Y+18	; 0x12
    398c:	01 97       	sbiw	r24, 0x01	; 1
    398e:	f1 f7       	brne	.-4      	; 0x398c <main+0x1236>
    3990:	9a 8b       	std	Y+18, r25	; 0x12
    3992:	89 8b       	std	Y+17, r24	; 0x11
		while(__ticks)
		{
			// wait 1/10 ms
			_delay_loop_2(((F_CPU) / 4e3) / 10);
			__ticks --;
    3994:	8b 89       	ldd	r24, Y+19	; 0x13
    3996:	9c 89       	ldd	r25, Y+20	; 0x14
    3998:	01 97       	sbiw	r24, 0x01	; 1
    399a:	9c 8b       	std	Y+20, r25	; 0x14
    399c:	8b 8b       	std	Y+19, r24	; 0x13
		__ticks = 1;
	else if (__tmp > 65535)
	{
		//	__ticks = requested delay in 1/10 ms
		__ticks = (uint16_t) (__ms * 10.0);
		while(__ticks)
    399e:	8b 89       	ldd	r24, Y+19	; 0x13
    39a0:	9c 89       	ldd	r25, Y+20	; 0x14
    39a2:	00 97       	sbiw	r24, 0x00	; 0
    39a4:	69 f7       	brne	.-38     	; 0x3980 <main+0x122a>
    39a6:	14 c0       	rjmp	.+40     	; 0x39d0 <main+0x127a>
			__ticks --;
		}
		return;
	}
	else
		__ticks = (uint16_t)__tmp;
    39a8:	6d 89       	ldd	r22, Y+21	; 0x15
    39aa:	7e 89       	ldd	r23, Y+22	; 0x16
    39ac:	8f 89       	ldd	r24, Y+23	; 0x17
    39ae:	98 8d       	ldd	r25, Y+24	; 0x18
    39b0:	0e 94 49 00 	call	0x92	; 0x92 <__fixunssfsi>
    39b4:	dc 01       	movw	r26, r24
    39b6:	cb 01       	movw	r24, r22
    39b8:	9c 8b       	std	Y+20, r25	; 0x14
    39ba:	8b 8b       	std	Y+19, r24	; 0x13
    39bc:	8b 89       	ldd	r24, Y+19	; 0x13
    39be:	9c 89       	ldd	r25, Y+20	; 0x14
    39c0:	98 8b       	std	Y+16, r25	; 0x10
    39c2:	8f 87       	std	Y+15, r24	; 0x0f
    39c4:	8f 85       	ldd	r24, Y+15	; 0x0f
    39c6:	98 89       	ldd	r25, Y+16	; 0x10
    39c8:	01 97       	sbiw	r24, 0x01	; 1
    39ca:	f1 f7       	brne	.-4      	; 0x39c8 <main+0x1272>
    39cc:	98 8b       	std	Y+16, r25	; 0x10
    39ce:	8f 87       	std	Y+15, r24	; 0x0f
							_delay_ms(1000);
							LED_OFF(LED7, LED_SOURCE);
    39d0:	86 e0       	ldi	r24, 0x06	; 6
    39d2:	61 e0       	ldi	r22, 0x01	; 1
    39d4:	0e 94 ff 09 	call	0x13fe	; 0x13fe <LED_OFF>
							LED_ON(LED8, LED_SOURCE);
    39d8:	87 e0       	ldi	r24, 0x07	; 7
    39da:	61 e0       	ldi	r22, 0x01	; 1
    39dc:	0e 94 bf 09 	call	0x137e	; 0x137e <LED_ON>
    39e0:	80 e0       	ldi	r24, 0x00	; 0
    39e2:	90 e0       	ldi	r25, 0x00	; 0
    39e4:	aa e7       	ldi	r26, 0x7A	; 122
    39e6:	b4 e4       	ldi	r27, 0x44	; 68
    39e8:	8b 87       	std	Y+11, r24	; 0x0b
    39ea:	9c 87       	std	Y+12, r25	; 0x0c
    39ec:	ad 87       	std	Y+13, r26	; 0x0d
    39ee:	be 87       	std	Y+14, r27	; 0x0e
 */
void
_delay_ms(double __ms)
{
	uint16_t __ticks;
	double __tmp = ((F_CPU) / 4e3) * __ms;
    39f0:	6b 85       	ldd	r22, Y+11	; 0x0b
    39f2:	7c 85       	ldd	r23, Y+12	; 0x0c
    39f4:	8d 85       	ldd	r24, Y+13	; 0x0d
    39f6:	9e 85       	ldd	r25, Y+14	; 0x0e
    39f8:	20 e0       	ldi	r18, 0x00	; 0
    39fa:	30 e0       	ldi	r19, 0x00	; 0
    39fc:	4a ef       	ldi	r20, 0xFA	; 250
    39fe:	54 e4       	ldi	r21, 0x44	; 68
    3a00:	0e 94 1f 02 	call	0x43e	; 0x43e <__mulsf3>
    3a04:	dc 01       	movw	r26, r24
    3a06:	cb 01       	movw	r24, r22
    3a08:	8f 83       	std	Y+7, r24	; 0x07
    3a0a:	98 87       	std	Y+8, r25	; 0x08
    3a0c:	a9 87       	std	Y+9, r26	; 0x09
    3a0e:	ba 87       	std	Y+10, r27	; 0x0a
	if (__tmp < 1.0)
    3a10:	6f 81       	ldd	r22, Y+7	; 0x07
    3a12:	78 85       	ldd	r23, Y+8	; 0x08
    3a14:	89 85       	ldd	r24, Y+9	; 0x09
    3a16:	9a 85       	ldd	r25, Y+10	; 0x0a
    3a18:	20 e0       	ldi	r18, 0x00	; 0
    3a1a:	30 e0       	ldi	r19, 0x00	; 0
    3a1c:	40 e8       	ldi	r20, 0x80	; 128
    3a1e:	5f e3       	ldi	r21, 0x3F	; 63
    3a20:	0e 94 25 04 	call	0x84a	; 0x84a <__ltsf2>
    3a24:	88 23       	and	r24, r24
    3a26:	2c f4       	brge	.+10     	; 0x3a32 <main+0x12dc>
		__ticks = 1;
    3a28:	81 e0       	ldi	r24, 0x01	; 1
    3a2a:	90 e0       	ldi	r25, 0x00	; 0
    3a2c:	9e 83       	std	Y+6, r25	; 0x06
    3a2e:	8d 83       	std	Y+5, r24	; 0x05
    3a30:	3f c0       	rjmp	.+126    	; 0x3ab0 <main+0x135a>
	else if (__tmp > 65535)
    3a32:	6f 81       	ldd	r22, Y+7	; 0x07
    3a34:	78 85       	ldd	r23, Y+8	; 0x08
    3a36:	89 85       	ldd	r24, Y+9	; 0x09
    3a38:	9a 85       	ldd	r25, Y+10	; 0x0a
    3a3a:	20 e0       	ldi	r18, 0x00	; 0
    3a3c:	3f ef       	ldi	r19, 0xFF	; 255
    3a3e:	4f e7       	ldi	r20, 0x7F	; 127
    3a40:	57 e4       	ldi	r21, 0x47	; 71
    3a42:	0e 94 c5 03 	call	0x78a	; 0x78a <__gtsf2>
    3a46:	18 16       	cp	r1, r24
    3a48:	4c f5       	brge	.+82     	; 0x3a9c <main+0x1346>
	{
		//	__ticks = requested delay in 1/10 ms
		__ticks = (uint16_t) (__ms * 10.0);
    3a4a:	6b 85       	ldd	r22, Y+11	; 0x0b
    3a4c:	7c 85       	ldd	r23, Y+12	; 0x0c
    3a4e:	8d 85       	ldd	r24, Y+13	; 0x0d
    3a50:	9e 85       	ldd	r25, Y+14	; 0x0e
    3a52:	20 e0       	ldi	r18, 0x00	; 0
    3a54:	30 e0       	ldi	r19, 0x00	; 0
    3a56:	40 e2       	ldi	r20, 0x20	; 32
    3a58:	51 e4       	ldi	r21, 0x41	; 65
    3a5a:	0e 94 1f 02 	call	0x43e	; 0x43e <__mulsf3>
    3a5e:	dc 01       	movw	r26, r24
    3a60:	cb 01       	movw	r24, r22
    3a62:	bc 01       	movw	r22, r24
    3a64:	cd 01       	movw	r24, r26
    3a66:	0e 94 49 00 	call	0x92	; 0x92 <__fixunssfsi>
    3a6a:	dc 01       	movw	r26, r24
    3a6c:	cb 01       	movw	r24, r22
    3a6e:	9e 83       	std	Y+6, r25	; 0x06
    3a70:	8d 83       	std	Y+5, r24	; 0x05
    3a72:	0f c0       	rjmp	.+30     	; 0x3a92 <main+0x133c>
    3a74:	88 ec       	ldi	r24, 0xC8	; 200
    3a76:	90 e0       	ldi	r25, 0x00	; 0
    3a78:	9c 83       	std	Y+4, r25	; 0x04
    3a7a:	8b 83       	std	Y+3, r24	; 0x03
    3a7c:	8b 81       	ldd	r24, Y+3	; 0x03
    3a7e:	9c 81       	ldd	r25, Y+4	; 0x04
    3a80:	01 97       	sbiw	r24, 0x01	; 1
    3a82:	f1 f7       	brne	.-4      	; 0x3a80 <main+0x132a>
    3a84:	9c 83       	std	Y+4, r25	; 0x04
    3a86:	8b 83       	std	Y+3, r24	; 0x03
		while(__ticks)
		{
			// wait 1/10 ms
			_delay_loop_2(((F_CPU) / 4e3) / 10);
			__ticks --;
    3a88:	8d 81       	ldd	r24, Y+5	; 0x05
    3a8a:	9e 81       	ldd	r25, Y+6	; 0x06
    3a8c:	01 97       	sbiw	r24, 0x01	; 1
    3a8e:	9e 83       	std	Y+6, r25	; 0x06
    3a90:	8d 83       	std	Y+5, r24	; 0x05
		__ticks = 1;
	else if (__tmp > 65535)
	{
		//	__ticks = requested delay in 1/10 ms
		__ticks = (uint16_t) (__ms * 10.0);
		while(__ticks)
    3a92:	8d 81       	ldd	r24, Y+5	; 0x05
    3a94:	9e 81       	ldd	r25, Y+6	; 0x06
    3a96:	00 97       	sbiw	r24, 0x00	; 0
    3a98:	69 f7       	brne	.-38     	; 0x3a74 <main+0x131e>
    3a9a:	14 c0       	rjmp	.+40     	; 0x3ac4 <main+0x136e>
			__ticks --;
		}
		return;
	}
	else
		__ticks = (uint16_t)__tmp;
    3a9c:	6f 81       	ldd	r22, Y+7	; 0x07
    3a9e:	78 85       	ldd	r23, Y+8	; 0x08
    3aa0:	89 85       	ldd	r24, Y+9	; 0x09
    3aa2:	9a 85       	ldd	r25, Y+10	; 0x0a
    3aa4:	0e 94 49 00 	call	0x92	; 0x92 <__fixunssfsi>
    3aa8:	dc 01       	movw	r26, r24
    3aaa:	cb 01       	movw	r24, r22
    3aac:	9e 83       	std	Y+6, r25	; 0x06
    3aae:	8d 83       	std	Y+5, r24	; 0x05
    3ab0:	8d 81       	ldd	r24, Y+5	; 0x05
    3ab2:	9e 81       	ldd	r25, Y+6	; 0x06
    3ab4:	9a 83       	std	Y+2, r25	; 0x02
    3ab6:	89 83       	std	Y+1, r24	; 0x01
    3ab8:	89 81       	ldd	r24, Y+1	; 0x01
    3aba:	9a 81       	ldd	r25, Y+2	; 0x02
    3abc:	01 97       	sbiw	r24, 0x01	; 1
    3abe:	f1 f7       	brne	.-4      	; 0x3abc <main+0x1366>
    3ac0:	9a 83       	std	Y+2, r25	; 0x02
    3ac2:	89 83       	std	Y+1, r24	; 0x01
							_delay_ms(1000);

							LED_OFF(LED8, LED_SOURCE);
    3ac4:	87 e0       	ldi	r24, 0x07	; 7
    3ac6:	61 e0       	ldi	r22, 0x01	; 1
    3ac8:	0e 94 ff 09 	call	0x13fe	; 0x13fe <LED_OFF>



							return 0;
    3acc:	80 e0       	ldi	r24, 0x00	; 0
    3ace:	90 e0       	ldi	r25, 0x00	; 0
			}

			PressedKey = 0xFF;
		}
	}
}
    3ad0:	c3 53       	subi	r28, 0x33	; 51
    3ad2:	df 4f       	sbci	r29, 0xFF	; 255
    3ad4:	0f b6       	in	r0, 0x3f	; 63
    3ad6:	f8 94       	cli
    3ad8:	de bf       	out	0x3e, r29	; 62
    3ada:	0f be       	out	0x3f, r0	; 63
    3adc:	cd bf       	out	0x3d, r28	; 61
    3ade:	cf 91       	pop	r28
    3ae0:	df 91       	pop	r29
    3ae2:	1f 91       	pop	r17
    3ae4:	0f 91       	pop	r16
    3ae6:	08 95       	ret
		{
			switch (PressedKey)
			{
				case 'C':

					for (uint8_t i = 0; i < passLength; i++)
    3ae8:	de 01       	movw	r26, r28
    3aea:	a9 54       	subi	r26, 0x49	; 73
    3aec:	bf 4f       	sbci	r27, 0xFF	; 255
    3aee:	fe 01       	movw	r30, r28
    3af0:	e9 54       	subi	r30, 0x49	; 73
    3af2:	ff 4f       	sbci	r31, 0xFF	; 255
    3af4:	80 81       	ld	r24, Z
    3af6:	8f 5f       	subi	r24, 0xFF	; 255
    3af8:	8c 93       	st	X, r24
    3afa:	fe 01       	movw	r30, r28
    3afc:	e9 54       	subi	r30, 0x49	; 73
    3afe:	ff 4f       	sbci	r31, 0xFF	; 255
    3b00:	de 01       	movw	r26, r28
    3b02:	a6 54       	subi	r26, 0x46	; 70
    3b04:	bf 4f       	sbci	r27, 0xFF	; 255
    3b06:	90 81       	ld	r25, Z
    3b08:	8c 91       	ld	r24, X
    3b0a:	98 17       	cp	r25, r24
    3b0c:	10 f4       	brcc	.+4      	; 0x3b12 <main+0x13bc>
    3b0e:	0c 94 70 14 	jmp	0x28e0	; 0x28e0 <main+0x18a>
    3b12:	1a c0       	rjmp	.+52     	; 0x3b48 <main+0x13f2>
					}

					break;

				default:
					Enterpassword[PasswordIndex] = PressedKey;
    3b14:	fe 01       	movw	r30, r28
    3b16:	e7 54       	subi	r30, 0x47	; 71
    3b18:	ff 4f       	sbci	r31, 0xFF	; 255
    3b1a:	80 81       	ld	r24, Z
    3b1c:	28 2f       	mov	r18, r24
    3b1e:	30 e0       	ldi	r19, 0x00	; 0
    3b20:	fe 01       	movw	r30, r28
    3b22:	e5 54       	subi	r30, 0x45	; 69
    3b24:	ff 4f       	sbci	r31, 0xFF	; 255
    3b26:	40 81       	ld	r20, Z
    3b28:	ce 01       	movw	r24, r28
    3b2a:	81 54       	subi	r24, 0x41	; 65
    3b2c:	9f 4f       	sbci	r25, 0xFF	; 255
    3b2e:	fc 01       	movw	r30, r24
    3b30:	e2 0f       	add	r30, r18
    3b32:	f3 1f       	adc	r31, r19
    3b34:	40 83       	st	Z, r20
					PasswordIndex++;
    3b36:	de 01       	movw	r26, r28
    3b38:	a7 54       	subi	r26, 0x47	; 71
    3b3a:	bf 4f       	sbci	r27, 0xFF	; 255
    3b3c:	fe 01       	movw	r30, r28
    3b3e:	e7 54       	subi	r30, 0x47	; 71
    3b40:	ff 4f       	sbci	r31, 0xFF	; 255
    3b42:	80 81       	ld	r24, Z
    3b44:	8f 5f       	subi	r24, 0xFF	; 255
    3b46:	8c 93       	st	X, r24

					break;
			}

			PressedKey = 0xFF;
    3b48:	fe 01       	movw	r30, r28
    3b4a:	e5 54       	subi	r30, 0x45	; 69
    3b4c:	ff 4f       	sbci	r31, 0xFF	; 255
    3b4e:	8f ef       	ldi	r24, 0xFF	; 255
    3b50:	80 83       	st	Z, r24
    3b52:	0c 94 54 14 	jmp	0x28a8	; 0x28a8 <main+0x152>

00003b56 <__prologue_saves__>:
    3b56:	2f 92       	push	r2
    3b58:	3f 92       	push	r3
    3b5a:	4f 92       	push	r4
    3b5c:	5f 92       	push	r5
    3b5e:	6f 92       	push	r6
    3b60:	7f 92       	push	r7
    3b62:	8f 92       	push	r8
    3b64:	9f 92       	push	r9
    3b66:	af 92       	push	r10
    3b68:	bf 92       	push	r11
    3b6a:	cf 92       	push	r12
    3b6c:	df 92       	push	r13
    3b6e:	ef 92       	push	r14
    3b70:	ff 92       	push	r15
    3b72:	0f 93       	push	r16
    3b74:	1f 93       	push	r17
    3b76:	cf 93       	push	r28
    3b78:	df 93       	push	r29
    3b7a:	cd b7       	in	r28, 0x3d	; 61
    3b7c:	de b7       	in	r29, 0x3e	; 62
    3b7e:	ca 1b       	sub	r28, r26
    3b80:	db 0b       	sbc	r29, r27
    3b82:	0f b6       	in	r0, 0x3f	; 63
    3b84:	f8 94       	cli
    3b86:	de bf       	out	0x3e, r29	; 62
    3b88:	0f be       	out	0x3f, r0	; 63
    3b8a:	cd bf       	out	0x3d, r28	; 61
    3b8c:	09 94       	ijmp

00003b8e <__epilogue_restores__>:
    3b8e:	2a 88       	ldd	r2, Y+18	; 0x12
    3b90:	39 88       	ldd	r3, Y+17	; 0x11
    3b92:	48 88       	ldd	r4, Y+16	; 0x10
    3b94:	5f 84       	ldd	r5, Y+15	; 0x0f
    3b96:	6e 84       	ldd	r6, Y+14	; 0x0e
    3b98:	7d 84       	ldd	r7, Y+13	; 0x0d
    3b9a:	8c 84       	ldd	r8, Y+12	; 0x0c
    3b9c:	9b 84       	ldd	r9, Y+11	; 0x0b
    3b9e:	aa 84       	ldd	r10, Y+10	; 0x0a
    3ba0:	b9 84       	ldd	r11, Y+9	; 0x09
    3ba2:	c8 84       	ldd	r12, Y+8	; 0x08
    3ba4:	df 80       	ldd	r13, Y+7	; 0x07
    3ba6:	ee 80       	ldd	r14, Y+6	; 0x06
    3ba8:	fd 80       	ldd	r15, Y+5	; 0x05
    3baa:	0c 81       	ldd	r16, Y+4	; 0x04
    3bac:	1b 81       	ldd	r17, Y+3	; 0x03
    3bae:	aa 81       	ldd	r26, Y+2	; 0x02
    3bb0:	b9 81       	ldd	r27, Y+1	; 0x01
    3bb2:	ce 0f       	add	r28, r30
    3bb4:	d1 1d       	adc	r29, r1
    3bb6:	0f b6       	in	r0, 0x3f	; 63
    3bb8:	f8 94       	cli
    3bba:	de bf       	out	0x3e, r29	; 62
    3bbc:	0f be       	out	0x3f, r0	; 63
    3bbe:	cd bf       	out	0x3d, r28	; 61
    3bc0:	ed 01       	movw	r28, r26
    3bc2:	08 95       	ret

00003bc4 <_exit>:
    3bc4:	f8 94       	cli

00003bc6 <__stop_program>:
    3bc6:	ff cf       	rjmp	.-2      	; 0x3bc6 <__stop_program>
